{"title":"Appium","url":"https://coursehunter.net/testirovanie-quality-assurance-qa/appium","courses":[{"title":"Appium Android: простое руководство по автоматизации тестирования","originTitle":"Appium Android: Easy Guide to Mobile Automation Testing Dev","url":"https://coursehunter.net/course/appium-android-prostoe-rukovodstvo-po-avtomatizacii-testirovaniya","materials":[],"subCategory":""},{"title":"Appium (Версия 1.8.2) - Мобильное автоматизированное тестирование с нуля","originTitle":"Appium(Latest 1.8.2)-Mobile Automation Testing from Scratch","url":"https://coursehunter.net/course/appium-versiya-1-8-2-mobilnoe-avtomatizirovannoe-testirovanie-s-nulya","materials":[],"subCategory":""}]}