{"title":"Cypress","url":"https://coursehunter.net/testirovanie-quality-assurance-qa/cypress","courses":[{"title":"Тестирование Angular: мастер-класс (с бесплатной электронной книгой)","originTitle":"Angular Testing Masterclass (with FREE E-Book)","url":"https://coursehunter.net/course/testirovanie-angular-master-klass-s-besplatnoy-elektronnoy-knigoy","materials":[],"subCategory":""},{"title":"Сквозное тестирование (end-to-end) с Cypress","originTitle":"End to End automation testing with Cypress","url":"https://coursehunter.net/course/skvoznoe-testirovanie-end-to-end-s-cypress","materials":[],"subCategory":""},{"title":"Тестирование JavaScript","originTitle":"Testing JavaScript with Kent C. Dodds","url":"https://coursehunter.net/course/testirovanie-javascript","materials":[],"subCategory":""},{"title":"End to End тестирование с Cypress","originTitle":"End to End testing with Cypress","url":"https://coursehunter.net/course/end-to-end-testirovanie-s-cypress","materials":[],"subCategory":""},{"title":"Тестирование React приложений","originTitle":"Testing React Applications","url":"https://coursehunter.net/course/testirovanie-react-prilozheniy","materials":[],"subCategory":""}]}