{"title":"Postman","url":"https://coursehunter.net/testirovanie-quality-assurance-qa/postman","courses":[{"title":"Тестирование, Автоматизация REST API: Postman + GIT, JENKINS","originTitle":"Тестирование, Автоматизация REST API: Postman + GIT, JENKINS","url":"https://coursehunter.net/course/testirovanie-avtomatizaciya-rest-api-postman-git-jenkins","materials":[],"subCategory":""},{"title":"Python Flask: Веб-разработка - REST API, Postman и JavaScript","originTitle":"Python Flask Web Development: REST API, Postman & JavaScript","url":"https://coursehunter.net/course/python-flask-veb-razrabotka-rest-api-postman-i-javascript","materials":[],"subCategory":""},{"title":"Postman: Полное руководство - тестирование REST API","originTitle":"Postman: The Complete Guide - REST API Testing","url":"https://coursehunter.net/course/postman-polnoe-rukovodstvo-novoe-testing-api-postman","materials":[],"subCategory":""},{"title":"Тестирование REST API, Автоматизация используя POSTMAN","originTitle":"REST API Testing, Automation using POSTMAN","url":"https://coursehunter.net/course/udemy-postman","materials":[],"subCategory":""}]}