{"title":"Protractor","url":"https://coursehunter.net/testirovanie-quality-assurance-qa/protractor","courses":[{"title":"Angular автоматизация с помощью Protractor + Typescript + Cucumber","originTitle":"Angular automation with Protractor + Typescript + Cucumber","url":"https://coursehunter.net/course/angular-avtomatizaciya-s-pomoshchyu-protractor-typescript-cucumber","materials":[],"subCategory":""},{"title":"Автоматизация тестирования с Protractor для новичков","originTitle":"Website Automation Testing for Beginners with Protractor","url":"https://coursehunter.net/course/avtomatizaciya-testirovaniya-s-protractor-dlya-novichkov","materials":[],"subCategory":""},{"title":"Изучите Protractor (инструмент автоматизации Angular) c нуля","originTitle":"Learn Protractor(Angular Automation) from scratch +Framework","url":"https://coursehunter.net/course/izuchite-protractor-instrument-avtomatizacii-angular-c-nulya","materials":[],"subCategory":""}]}