{"title":"Selenium","url":"https://coursehunter.net/testirovanie-quality-assurance-qa/selenium","courses":[{"title":"Selenium WebDriver + Java для начинающих","originTitle":"Selenium WebDriver + Java для начинающих","url":"https://coursehunter.net/course/selenium-webdriver-java-dlya-nachinayushchih","materials":["https://vs1.coursehunter.net/udemy-selenium-java-beginner/code.zip"],"subCategory":""},{"title":"Selenium WebDriver с Java","originTitle":"Selenium WebDriver With Java","url":"https://coursehunter.net/course/selenium-webdriver-s-java","materials":[],"subCategory":""},{"title":"Selenium WebDriver с Java для начинающих","originTitle":"Selenium WebDriver with Java for beginners","url":"https://coursehunter.net/course/selenium-webdriver-s-java-dlya-nachinayushchih","materials":[],"subCategory":""},{"title":"Browser Automation с Python и Selenium","originTitle":"Elegant Browser Automation with Python and Selenium","url":"https://coursehunter.net/course/browser-automation-s-python-i-selenium","materials":[],"subCategory":""},{"title":"Selenium WebDriver с Java - от основ до про + фреймворки","originTitle":"Selenium WebDriver with Java -Basics to Advanced+Frameworks","url":"https://coursehunter.net/course/selenium-webdriver-s-java-ot-osnov-do-pro-freymvorki","materials":[],"subCategory":""},{"title":"XPath Локаторы для Selenium","originTitle":"XPath locators for Selenium","url":"https://coursehunter.net/course/xpath-lokatory-dlya-selenium","materials":[],"subCategory":""},{"title":"Selenium WebDriver с Docker","originTitle":"Selenium WebDriver with Docker","url":"https://coursehunter.net/course/selenium-webdriver-s-docker","materials":[],"subCategory":""},{"title":"Selenium IDE 3: стартовый уровень","originTitle":"Selenium IDE 3: стартовый уровень","url":"https://coursehunter.net/course/selenium-ide-3-startovyy-uroven","materials":[],"subCategory":""},{"title":"Обучение Selenium WebDriver с использованием Java и многих живых проектов","originTitle":"Selenium WebDriver Training with Java and Many Live Projects","url":"https://coursehunter.net/course/obuchenie-selenium-webdriver-s-ispolzovaniem-java-i-mnogih-zhivyh-proektov","materials":[],"subCategory":""},{"title":"Selenium WebDriver - Java, Cucumber BDD и многое другое. Полный курс!","originTitle":"Selenium WebDriver - Java, Cucumber BDD & more. Full Course!","url":"https://coursehunter.net/course/selenium-webdriver-java-cucumber-bdd-i-mnogoe-drugoe-polnyy-kurs","materials":[],"subCategory":""},{"title":"Selenium WebDriver с Java и Cucumber BDD","originTitle":"Selenium WebDriver with Java & Cucumber BDD","url":"https://coursehunter.net/course/selenium-webdriver-s-java-i-cucumber-bdd","materials":[],"subCategory":""},{"title":"Продвинутый Selenium WebDriver с Java и TestNG","originTitle":"Advanced Selenium WebDriver with Java and TestNG","url":"https://coursehunter.net/course/prodvinutyy-selenium-webdriver-s-java-i-testng","materials":[],"subCategory":""},{"title":"Инструменты для автоматизации тестирования с Selenium + Java","originTitle":"Инструменты для автоматизации тестирования с Selenium + Java","url":"https://coursehunter.net/course/instrumenty-dlya-avtomatizacii-testirovaniya-s-selenium-java","materials":[],"subCategory":""},{"title":"Page Object Pattern в Selenium Webdriver","originTitle":"Page Object Pattern in Selenium Webdriver","url":"https://coursehunter.net/course/page-object-pattern-v-selenium-webdriver","materials":[],"subCategory":""},{"title":"Полное руководство по Selenium Webdriver - строим Framework","originTitle":"Selenium Webdriver Complete Course - Build A Framework","url":"https://coursehunter.net/course/polnoe-rukovodstvo-po-selenium-webdriver-stroim-framework","materials":[],"subCategory":""},{"title":"Архитектор автоматизации - Selenium WebDriver - 7 реальных проектов","originTitle":"Automation Architect - Selenium WebDriver - 7 Live Projects","url":"https://coursehunter.net/course/arhitektor-avtomatizacii-selenium-webdriver-7-realnyh-proektov","materials":[],"subCategory":""},{"title":"Selenium WebDriver с Java - от новичка до ниндзя + интервью","originTitle":"Selenium WebDriver With Java - Novice To Ninja + Interview","url":"https://coursehunter.net/course/selenium-webdriver-s-java-ot-novichka-do-nindzya-intervyu","materials":[],"subCategory":""},{"title":"Selenium 2.0","originTitle":"Selenium 2.0","url":"https://coursehunter.net/course/selenium-two-null","materials":[],"subCategory":""},{"title":"Автоматизированное тестирование веб-сайтов с помощью Selenium","originTitle":"Automated Web Testing with Selenium","url":"https://coursehunter.net/course/pluralsight-automated-web-testing-selenium","materials":[],"subCategory":""},{"title":"Освоение средств тестирования Selenium","originTitle":"Mastering Selenium Testing Tools","url":"https://coursehunter.net/course/packtpub-mastering-selenium-testing-tools","materials":[],"subCategory":""},{"title":"Selenium WebDriver: полное руководство","originTitle":"Selenium WebDriver: полное руководство","url":"https://coursehunter.net/course/st-selenium-webdriver","materials":[],"subCategory":""}]}