{"title":"Uncategorised","url":"https://coursehunter.net/testirovanie-quality-assurance-qa","courses":[{"title":"Автоматизированное тестирование программного обеспечения с Puppeteer","originTitle":"Automated Software Testing with Puppeteer","url":"https://coursehunter.net/course/avtomatizirovannoe-testirovanie-programmnogo-obespecheniya-s-puppeteer","materials":[],"subCategory":""},{"title":"Стань QA специалистом с нуля","originTitle":"Стань QA специалистом с нуля","url":"https://coursehunter.net/course/stan-qa-specialistom-s-nulya","materials":[],"subCategory":""},{"title":"Mocking с Moq и NUnit","originTitle":"Mocking with Moq and NUnit","url":"https://coursehunter.net/course/mocking-s-moq-i-nunit","materials":[],"subCategory":""},{"title":"Автоматизированное тестирование с помощью MSTest V2","originTitle":"Automated Testing with MSTest V2","url":"https://coursehunter.net/course/avtomatizirovannoe-testirovanie-s-pomoshchyu-mstest-v2","materials":[],"subCategory":""},{"title":"Руководство по тестированию REST API для начинающих","originTitle":"QA Guide to REST API Testing for Beginners","url":"https://coursehunter.net/course/rukovodstvo-po-testirovaniyu-rest-api-dlya-nachinayushchih","materials":[],"subCategory":""},{"title":"ISTQB / ASTQB Foundation Level. Вопросы за предыдущий год","originTitle":"ISTQB/ASTQB Foundation Level Previous year Questions","url":"https://coursehunter.net/course/istqb-astqb-foundation-level-voprosy-za-predydushchiy-god","materials":[],"subCategory":""},{"title":"Сертификационный тренинг ISTQB Foundation level 2018 + 1500 квизов","originTitle":"ISTQB Foundation level 2018 certification training +1500quiz","url":"https://coursehunter.net/course/sertifikacionnyy-trening-istqb-foundation-level-2018-1500-kvizov","materials":[],"subCategory":""},{"title":"Профессия - QA Automation Engineer ( Разработчик тестирования )","originTitle":"Профессия - QA Automation Engineer ( Разработчик тестирования )","url":"https://coursehunter.net/course/professiya-qa-automation-engineer-razrabotchik-testirovaniya","materials":[],"subCategory":""},{"title":"Python QA Engineer (Часть 1-3)","originTitle":"Python QA Engineer","url":"https://coursehunter.net/course/python-qa-engineer","materials":[],"subCategory":""},{"title":"Основы REST Assured","originTitle":"REST Assured Fundamentals","url":"https://coursehunter.net/course/osnovy-rest-assured","materials":[],"subCategory":""},{"title":"Автоматизация приложений с помощью Specflow и Selenium C #","originTitle":"Automate application with Specflow and Selenium C#","url":"https://coursehunter.net/course/avtomatizaciya-prilozheniy-s-pomoshchyu-specflow-i-selenium-c","materials":[],"subCategory":""},{"title":"Web Testing automation on Java","originTitle":"Web Testing automation on Java","url":"https://coursehunter.net/course/web-testing-automation-on-java","materials":[],"subCategory":""},{"title":"QA Starter","originTitle":"QA Starter","url":"https://coursehunter.net/course/qa-starter","materials":[],"subCategory":""},{"title":"Школа Тест-Аналитика","originTitle":"Школа Тест-Аналитика","url":"https://coursehunter.net/course/shkola-test-analitika","materials":[],"subCategory":""},{"title":"Элегантные фреймворки автоматизации с Python и Pytest","originTitle":"Elegant Automation Frameworks with Python and Pytest","url":"https://coursehunter.net/course/elegantnye-freymvorki-avtomatizacii-s-python-i-pytest","materials":[],"subCategory":""},{"title":"Java QA Engineer (Часть 1-4)","originTitle":"Java QA Engineer","url":"https://coursehunter.net/course/java-qa-engineer-chast-1","materials":[],"subCategory":""},{"title":"Chrome DevTools: Инструменты тестировщика","originTitle":"Chrome DevTools: Инструменты тестировщика","url":"https://coursehunter.net/course/chrome-devtools-instrumenty-testirovshchika","materials":[],"subCategory":""},{"title":"Техники локализации плавающих дефектов","originTitle":"Техники локализации плавающих дефектов","url":"https://coursehunter.net/course/tehniki-lokalizacii-plavayushchih-defektov","materials":[],"subCategory":""},{"title":"Пошаговое тестирование Rest API с помощью Python + Pytest + Allure","originTitle":"Step by Step Rest API Testing using Python + Pytest + Allure","url":"https://coursehunter.net/course/poshagovoe-testirovanie-rest-api-s-pomoshchyu-python-pytest-allure","materials":[],"subCategory":""},{"title":"Тестирование мобильных приложений","originTitle":"Тестирование мобильных приложений","url":"https://coursehunter.net/course/testirovanie-mobilnyh-prilozheniy","materials":[],"subCategory":""},{"title":"Автоматизированное тестирование с WebdriverIO","originTitle":"Learn Webdriver Test Automation with WebdriverIO","url":"https://coursehunter.net/course/avtomatizirovannoe-testirovanie-s-webdriverio","materials":[],"subCategory":""},{"title":"Веб-автоматизация с использованием Robot Framework (Selenium) - Python","originTitle":"Web Automation using Robot Framework(Selenium)-Python|22+hrs","url":"https://coursehunter.net/course/veb-avtomatizaciya-s-ispolzovaniem-robot-framework-selenium-python","materials":[],"subCategory":""},{"title":"Автоматизированное веб-тестирование с WebDriver и Serenity BDD","originTitle":"Automated web testing with WebDriver and Serenity BDD","url":"https://coursehunter.net/course/avtomatizirovannoe-veb-testirovanie-s-webdriver-i-serenity-bdd","materials":[],"subCategory":""},{"title":"Автоматизация UI тестов для приложений WPF","originTitle":"Automating UI Tests for WPF Applications","url":"https://coursehunter.net/course/avtomatizaciya-ui-testov-dlya-prilozheniy-wpf","materials":[],"subCategory":""},{"title":"Строим прагматические юнит-тесты","originTitle":"Building a Pragmatic Unit Test Suite","url":"https://coursehunter.net/course/stroim-pragmaticheskie-yunit-testy","materials":[],"subCategory":""},{"title":"Тестировщик ПО","originTitle":"Тестировщик ПО","url":"https://coursehunter.net/course/testirovshchik-po","materials":[],"subCategory":""},{"title":"Тестирование React компонентов с Enzyme и Jest","originTitle":"Test React Components with Enzyme and Jest","url":"https://coursehunter.net/course/testirovanie-react-komponentov-s-enzyme-i-jest","materials":[],"subCategory":""},{"title":"BDD с Cucumber и Serenity BDD","originTitle":"BDD with Cucumber and Serenity BDD","url":"https://coursehunter.net/course/bdd-s-cucumber-i-serenity-bdd","materials":[],"subCategory":""},{"title":"Практикум по тест-дизайну 2.0","originTitle":"Практикум по тест-дизайну 2.0","url":"https://coursehunter.net/course/praktikum-po-test-dizaynu-2-0","materials":[],"subCategory":""},{"title":"Основы Gatling: Тестирования нагрузки и производительности","originTitle":"Gatling Fundamentals for Stress, Load & Performance Testing","url":"https://coursehunter.net/course/osnovy-gatling-testirovaniya-nagruzki-i-proizvoditelnosti","materials":[],"subCategory":""},{"title":"WebServices/REST API Тестирование с SoapUI + Реальные проекты","originTitle":"WebServices/REST API Testing with SoapUI+ Real Time Projects","url":"https://coursehunter.net/course/webservices-rest-api-testirovanie-s-soapui-realnye-proekty","materials":[],"subCategory":""},{"title":"Тестирование с Jest","originTitle":"Test with Jest","url":"https://coursehunter.net/course/testirovanie-s-jest","materials":[],"subCategory":""},{"title":"React тестирование с Jest и Enzyme","originTitle":"React Testing with Jest and Enzyme","url":"https://coursehunter.net/course/react-testirovanie-s-jest-i-enzyme","materials":[],"subCategory":""},{"title":"Изучите JMETER c нуля на реальных приложениях - (Performance + Load)","originTitle":"Learn JMETER from Scratch on Live Apps - Performance Testing","url":"https://coursehunter.net/course/izuchite-jmeter-c-nulya-performance-load","materials":[],"subCategory":""},{"title":"Тестирование REST API","originTitle":"Тестирование REST API","url":"https://coursehunter.net/course/testirovanie-rest-api","materials":[],"subCategory":""},{"title":"Командная строка: инструменты тестировщика","originTitle":"Командная строка: инструменты тестировщика","url":"https://coursehunter.net/course/komandnaya-stroka-instrumenty-testirovshchika","materials":[],"subCategory":""},{"title":"Тестирование веб-приложений на проникновения с Burp Suite","originTitle":"Web Application Penetration Testing Using Burp Suite","url":"https://coursehunter.net/course/testirovanie-veb-prilozheniy-na-proniknoveniya-s-burp-suite","materials":[],"subCategory":""},{"title":"Тестирование веб-приложений 2.0","originTitle":"Тестирование веб-приложений 2.0","url":"https://coursehunter.net/course/testirovanie-veb-prilozheniy-2-0","materials":[],"subCategory":""},{"title":"Школа для начинающих тестировщиков","originTitle":"Школа для начинающих тестировщиков","url":"https://coursehunter.net/course/shkola-dlya-nachinayushchih-testirovshchikov","materials":[],"subCategory":""},{"title":"Организация функционального тестирования","originTitle":"Организация функционального тестирования","url":"https://coursehunter.net/course/organizaciya-avtomatizirovannogo-testirovaniya","materials":[],"subCategory":""},{"title":"End to End Тестирование с Google's Puppeteer и Jest","originTitle":"End to End Testing with Google's Puppeteer and Jest","url":"https://coursehunter.net/course/end-to-end-testirovanie-s-google-s-puppeteer-i-jest","materials":[],"subCategory":""},{"title":"Принципы и практики тестирования","originTitle":"Testing Practices and Principles","url":"https://coursehunter.net/course/principy-i-praktika-testirovaniya","materials":[],"subCategory":""},{"title":"Техники и инструменты поиска и оформления дефектов","originTitle":"Техники и инструменты поиска и оформления дефектов","url":"https://coursehunter.net/course/tehniki-i-instrumenty-poiska-i-oformleniya-defektov","materials":[],"subCategory":""},{"title":"Тестирование производительности (HP Load Runner)","originTitle":"Тестирование производительности (HP Load Runner)","url":"https://coursehunter.net/course/testirovanie-proizvoditelnosti-hp-load-runner","materials":[],"subCategory":""},{"title":"Автоматическое тестирование с помощью Python","originTitle":"Automated Software Testing with Python","url":"https://coursehunter.net/course/avtomaticheskoe-testirovanie-s-pomoshchyu-python","materials":[],"subCategory":""},{"title":"Модульное тестирование (Unit testing) для C# разработчиков","originTitle":"Unit Testing for C# Developers","url":"https://coursehunter.net/course/modulnoe-testirovanie-unit-testing-dlya-c-razrabotchikov","materials":[],"subCategory":""},{"title":"Автоматизированное тестирование REST API с нуля (REST Assured java)","originTitle":"REST API Automation testing from scratch-(REST Assured java)","url":"https://coursehunter.net/course/avtomatizirovannoe-testirovanie-rest-api-s-nulya-rest-assured-java","materials":[],"subCategory":""},{"title":"Эффективное использование TestNG и JUnit","originTitle":"Эффективное использование TestNG и JUnit","url":"https://coursehunter.net/course/effektivnoe-ispolzovanie-testng-i-junit","materials":[],"subCategory":""},{"title":"Тестирование мобильных приложений: ключевые инструменты и практика","originTitle":"Mobile App Testing: Key Instruments and Practices","url":"https://coursehunter.net/course/testirovanie-mobilnyh-prilozheniy-klyuchevye-instrumenty-i-praktika","materials":[],"subCategory":""},{"title":"WEB TESTING","originTitle":"WEB TESTING","url":"https://coursehunter.net/course/web-testing","materials":[],"subCategory":""},{"title":"QA START","originTitle":"QA START","url":"https://coursehunter.net/course/qa-start","materials":[],"subCategory":""},{"title":"Тестирование юзабилити","originTitle":"Тестирование юзабилити","url":"https://coursehunter.net/course/testirovanie-yuzabiliti","materials":[],"subCategory":""},{"title":"PHPUnit: тестирование с помощью Bite","originTitle":"PHPUnit: Testing with a Bite","url":"https://coursehunter.net/course/phpunit-testirovanie-s-pomoshchyu-bite","materials":[],"subCategory":""},{"title":"Модульное тестирование с помощью PHPUnit","originTitle":"Unit testing with PHPUnit","url":"https://coursehunter.net/course/modulnoe-testirovanie-s-pomoshchyu-phpunit","materials":[],"subCategory":""},{"title":"Unit testing Vuex","originTitle":"Unit testing Vuex","url":"https://coursehunter.net/course/unit-testing-vuex","materials":[],"subCategory":""},{"title":"Тестирование производительности (JMeter 3.0)","originTitle":"Тестирование производительности","url":"https://coursehunter.net/course/testirovanie-proizvoditelnosti-jmeter-3-0","materials":[],"subCategory":""},{"title":"Программирование на Python для тестировщиков","originTitle":"Программирование на Python для тестировщиков","url":"https://coursehunter.net/course/software-testing-python","materials":["https://vs1.coursehunter.net/st-python-tester/code.zip"],"subCategory":""},{"title":"ETL тестирование: От новичка к эксперту","originTitle":"ETL testing: From beginner to expert","url":"https://coursehunter.net/course/udemy-etltesting","materials":[],"subCategory":""},{"title":"Основы автоматизации тестирования WEB-Приложений","originTitle":"Основы автоматизации тестирования WEB-Приложений","url":"https://coursehunter.net/course/qaautomationqa","materials":[],"subCategory":""},{"title":"Основы тестирования программного обеспечения","originTitle":"Основы тестирования программного обеспечения","url":"https://coursehunter.net/course/qamanualtest","materials":[],"subCategory":""},{"title":"Программирование на Java для тестировщиков","originTitle":"Программирование на Java для тестировщиков","url":"https://coursehunter.net/course/softwate-testing-java-for-testers","materials":[],"subCategory":""},{"title":"SQL для тестировщиков","originTitle":"SQL для тестировщиков","url":"https://coursehunter.net/course/sqlfortesters","materials":[],"subCategory":""},{"title":"F#: Автоматическое тестирование для разработчиков","originTitle":"F#: Automated Testing for Developers","url":"https://coursehunter.net/course/fsharp","materials":[],"subCategory":""},{"title":"Пошаговая инструкция для Java тестировщиков","originTitle":"Complete Step By Step Java For Testers","url":"https://coursehunter.net/course/udemy-complete-step-by-step-java-for-testers","materials":[],"subCategory":""},{"title":"Советы по тестировании React","originTitle":"React Testing Cookbook","url":"https://coursehunter.net/course/egghead-react-testing-cookbook","materials":[],"subCategory":""},{"title":"PHP: Автоматическое тестирование","originTitle":"PHP: Автоматическое тестирование","url":"https://coursehunter.net/course/hexlet-php-test","materials":[],"subCategory":""},{"title":"Юнит-тестирование Javascript (с CoffeeScript)","originTitle":"Unit Testing JavaScript (with CoffeeScript)","url":"https://coursehunter.net/course/fm-unit-testing-js","materials":[],"subCategory":""},{"title":"Психология тестопригодности кода","originTitle":"The Psychology of Code Testability","url":"https://coursehunter.net/course/code-testability","materials":[],"subCategory":""},{"title":"Testing with Mocha, Chai and Sinon","originTitle":"JavaScript Unit Testing with Mocha, Chai and Sinon","url":"https://coursehunter.net/course/mocha","materials":[],"subCategory":""},{"title":"Основы тестирования ПО","originTitle":"Основы тестирования ПО","url":"https://coursehunter.net/course/Osnovy-testirovaniya-PO","materials":[],"subCategory":""}]}