{"title":"SEO","url":"https://coursehunter.net/marketing/seo","courses":[{"title":"Python для SEO специалиста","originTitle":"Python для SEO специалиста","url":"https://coursehunter.net/course/python-dlya-seo-specialista","materials":[],"subCategory":""},{"title":"SEO Игра","originTitle":"SEO Игра","url":"https://coursehunter.net/course/seo-akademiya-seo-game","materials":[],"subCategory":""},{"title":"Современное SEO","originTitle":"Modern SEO","url":"https://coursehunter.net/course/frontendmaster-modern-seo","materials":[],"subCategory":""},{"title":"SEO-специалист","originTitle":"SEO-специалист","url":"https://coursehunter.net/course/netology-seo-specialist","materials":[],"subCategory":""},{"title":"Секреты практического SEO","originTitle":"Секреты практического SEO","url":"https://coursehunter.net/course/seo-2016","materials":[],"subCategory":""},{"title":"Знакомство с SEO","originTitle":"Знакомство с SEO","url":"https://coursehunter.net/course/Znakomstvo-s-SEO","materials":[],"subCategory":""}]}