{"title":"Uncategorised","url":"https://coursehunter.net/marketing","courses":[{"title":"Маркетинг мобильных приложений 2019: ASO, реклама и монетизация","originTitle":"Mobile App Marketing 2019: ASO, Advertising & Monetization","url":"https://coursehunter.net/course/marketing-mobilnyh-prilozheniy-2019-aso-reklama-i-monetizaciya","materials":[],"subCategory":""},{"title":"Маркетинг мобильных приложений 2019 и оптимизация магазина приложений","originTitle":"2019 Mobile App Marketing & App Store Optimization ( ASO )","url":"https://coursehunter.net/course/marketing-mobilnyh-prilozheniy-2019-i-optimizaciya-magazina-prilozheniy","materials":[],"subCategory":""},{"title":"Digital-маркетинг: Полноценный курс (12 в 1)","originTitle":"The Complete Digital Marketing Course - 12 Courses in 1","url":"https://coursehunter.net/course/digital-marketing-polnocennyy-kurs-12-v-1","materials":[],"subCategory":""},{"title":"Facebook Pixel: конверсии, трафик и многое другое","originTitle":"Facebook Pixel: Conversions, Traffic And More","url":"https://coursehunter.net/course/facebook-pixel-konversii-trafik-i-mnogoe-drugoe","materials":[],"subCategory":""},{"title":"Как работает ретаргетинг: Полное руководство","originTitle":"How retargeting works - The complete guide to retargeting ads!","url":"https://coursehunter.net/course/udemy-how-retargeting-works","materials":[],"subCategory":""},{"title":"Как работать на Upwork | Эффективные продажи на Upwork","originTitle":"Эффективные продажи на Upwork","url":"https://coursehunter.net/course/upwork","materials":[],"subCategory":""},{"title":"Конкурентный анализ и исследование целевой аудитории","originTitle":"Исследование целевой аудитории","url":"https://coursehunter.net/course/analyz-i-auditoriya","materials":[],"subCategory":""},{"title":"Основы медийной рекламы","originTitle":"Основы медийной рекламы","url":"https://coursehunter.net/course/osnovu-mediynoy-reklamy","materials":[],"subCategory":""},{"title":"Построение бизнес-модели интернет-проекта","originTitle":"Построение бизнес-модели интернет-проекта","url":"https://coursehunter.net/course/project-model","materials":[],"subCategory":""},{"title":"Основы веб-аналитики","originTitle":"Основы веб-аналитики","url":"https://coursehunter.net/course/web-analytics-netology","materials":[],"subCategory":""},{"title":"Маркетинг в Твитере и Фейсбуке","originTitle":"Social Marketing with Twitter and Facebook","url":"https://coursehunter.net/course/twibook","materials":[],"subCategory":""},{"title":"12 шагов к успеху","originTitle":"Успешный проект за 12 шагов!","url":"https://coursehunter.net/course/12-steps","materials":[],"subCategory":""},{"title":"Партнерский маркетинг","originTitle":"Партнерский маркетинг","url":"https://coursehunter.net/course/Affiliate-Marketing","materials":[],"subCategory":""},{"title":"Google adwords и Facebook ads","originTitle":"Google adwords и Facebook ads","url":"https://coursehunter.net/course/adwords-facebook","materials":[],"subCategory":""},{"title":"SMM без бюджета","originTitle":"SMM без бюджета","url":"https://coursehunter.net/course/smm","materials":[],"subCategory":""},{"title":"Секреты Google Analytics","originTitle":"Секреты Google Analytics","url":"https://coursehunter.net/course/google-analytics","materials":[],"subCategory":""},{"title":"Вирусный маркетинг","originTitle":"Вирусный маркетинг","url":"https://coursehunter.net/course/vmarketing","materials":[],"subCategory":""},{"title":"Email Marketing","originTitle":"Email Marketing","url":"https://coursehunter.net/course/emarketing","materials":[],"subCategory":""}]}