{"title":"Uncategorised","url":"https://coursehunter.net/graphic","courses":[{"title":"I believe I can design - изучаем UI/UX дизайн в Figma","originTitle":"I believe I can design - изучаем UI/UX дизайн в Figma","url":"https://coursehunter.net/course/i-believe-i-can-design-izuchaem-ui-ux-dizayn-v-figma","materials":[],"subCategory":""},{"title":"Ювелирный дизайн в ZBrush 2018 - Полный курс","originTitle":"Jewelery Design in ZBrush 2018 - Complete Jewelery Course","url":"https://coursehunter.net/course/yuvelirnyy-dizayn-v-zbrush-2018-polnyy-kurs","materials":[],"subCategory":""},{"title":"Создание скульптур в Zbrush","originTitle":"Sculpting in Zbrush","url":"https://coursehunter.net/course/sozdanie-skulptur-v-zbrush","materials":[],"subCategory":""},{"title":"Изучите дизайн пользовательского интерфейса","originTitle":"Learn UI Design","url":"https://coursehunter.net/course/izuchite-dizayn-polzovatelskogo-interfeysa","materials":[],"subCategory":""},{"title":"Дизайн-Огонь 6.0 - Курс по веб-дизайну","originTitle":"Дизайн-Огонь 6.0 - Курс по веб-дизайну","url":"https://coursehunter.net/course/dizayn-ogon-6-0-kurs-po-veb-dizaynu","materials":[],"subCategory":""},{"title":"Процесс создания веб-сайта за $10 000","originTitle":"THE $10K WEBSITE PROCESS","url":"https://coursehunter.net/course/process-sozdaniya-veb-sayta-za-10-000","materials":[],"subCategory":""},{"title":"Онлайн-курс по Figma от Skillbox","originTitle":"Онлайн-курс по Figma от Skillbox","url":"https://coursehunter.net/course/onlayn-kurs-po-figma-ot-skillbox","materials":[],"subCategory":""},{"title":"Курс MOTION DESIGN ONLINE","originTitle":"Курс MOTION DESIGN ONLINE","url":"https://coursehunter.net/course/kurs-motion-design-online","materials":[],"subCategory":""},{"title":"Rich Glitch (Эффект искажения) в Adobe After Effects","originTitle":"Rich Glitch","url":"https://coursehunter.net/course/rich-glitch-effekt-iskazheniya-v-adobe-after-effects","materials":[],"subCategory":""},{"title":"ПИКСЕЛЬ АРТ ГРАФИКА ДЛЯ ИГР","originTitle":"ПИКСЕЛЬ АРТ ГРАФИКА ДЛЯ ИГР","url":"https://coursehunter.net/course/piksel-art-grafika-dlya-igr","materials":[],"subCategory":""},{"title":"Гриды (Сетки) Figma за 30 минут","originTitle":"Figma Grids in Under 30 Minutes","url":"https://coursehunter.net/course/gridy-setki-figma-za-30-minut","materials":[],"subCategory":""},{"title":"Создание анимации эффекта дождливого окна в Adobe After Effects","originTitle":"Create a Rainy Window Effect Animation in Adobe After Effects","url":"https://coursehunter.net/course/sozdanie-animacii-effekta-dozhdlivogo-okna-v-adobe-after-effects","materials":[],"subCategory":""},{"title":"Adobe After Effects для начинающих","originTitle":"Adobe After Effects for Beginners","url":"https://coursehunter.net/course/adobe-after-effects-dlya-nachinayushchih","materials":[],"subCategory":""},{"title":"Adobe InDesign для начинающих","originTitle":"From the Top: Adobe InDesign for Beginners","url":"https://coursehunter.net/course/adobe-indesign-dlya-nachinayushchih","materials":[],"subCategory":""},{"title":"Figma => HTML: Конвертируем дизайн в HTML","originTitle":"Figma to HTML: Code Up a Single-Page Design","url":"https://coursehunter.net/course/figma-html-konvertiruem-dizayn-v-html","materials":[],"subCategory":""},{"title":"Создание Ice Effect анимации в Adobe After Effects","originTitle":"Create a Cool Ice Effect Animation in Adobe After Effects","url":"https://coursehunter.net/course/sozdanie-ice-effect-animacii-v-adobe-after-effects","materials":[],"subCategory":""},{"title":"Введение в Studio 2.0","originTitle":"Introduction to Studio 2.0","url":"https://coursehunter.net/course/vvedenie-v-studio-2-0","materials":[],"subCategory":""},{"title":"Как сделать визитки в Adobe Photoshop","originTitle":"How to Make Business Cards in Adobe Photoshop","url":"https://coursehunter.net/course/kak-sdelat-vizitki-v-adobe-photoshop","materials":[],"subCategory":""},{"title":"Создание дизайна сайта в Figma","originTitle":"Create a Themeable Site Design in Figma","url":"https://coursehunter.net/course/sozdanie-dizayna-sayta-v-figma","materials":[],"subCategory":""},{"title":"Создание анимации кинематографического текста в Adobe After Effects","originTitle":"Create a Cinematic Text Animation in Adobe After Effects","url":"https://coursehunter.net/course/sozdanie-animacii-kinematograficheskogo-teksta-v-adobe-after-effects","materials":[],"subCategory":""},{"title":"Взаимодействие с пользовательским интерфейсом в Framer Playground","originTitle":"UI Interactions in Framer Playground","url":"https://coursehunter.net/course/vzaimodeystvie-s-polzovatelskim-interfeysom-v-framer-playground","materials":[],"subCategory":""},{"title":"Основы After Effects","originTitle":"Основы After Effects","url":"https://coursehunter.net/course/osnovy-after-effects","materials":[],"subCategory":""},{"title":"Веб-дизайн. Уровень 1","originTitle":"Веб-дизайн. Уровень 1","url":"https://coursehunter.net/course/veb-dizayn-uroven-1","materials":[],"subCategory":""},{"title":"Как рисовать в Photoshop","originTitle":"Как рисовать в Photoshop","url":"https://coursehunter.net/course/kak-risovat-v-photoshop","materials":[],"subCategory":""},{"title":"Видеокурс «PRO RETOUCHER NEON»","originTitle":"Видеокурс «PRO RETOUCHER NEON»","url":"https://coursehunter.net/course/videokurs-pro-retoucher-neon","materials":[],"subCategory":""},{"title":"Motion Beast","originTitle":"Motion Beast","url":"https://coursehunter.net/course/motion-beast","materials":[],"subCategory":""},{"title":"Adobe XD: Ускоренный Курс","originTitle":"Adobe XD Crash Course","url":"https://coursehunter.net/course/adobe-xd-uskorennyy-kurs","materials":[],"subCategory":""},{"title":"Дизайн в IOS 11","originTitle":"Learn iOS 11 Design","url":"https://coursehunter.net/course/dizayn-v-ios-11","materials":[],"subCategory":""},{"title":"Изучаем Sketch","originTitle":"Learn Sketch","url":"https://coursehunter.net/course/izuchaem-sketch","materials":[],"subCategory":""},{"title":"Создаем Sketch Плагин","originTitle":"Create a Sketch Plugin","url":"https://coursehunter.net/course/sozdaem-sketch-plagin","materials":[],"subCategory":""},{"title":"Motion Design в After Effects","originTitle":"Motion Design in After Effects","url":"https://coursehunter.net/course/motion-design-v-after-effects","materials":[],"subCategory":""},{"title":"Создаем ARKit 2 приложение","originTitle":"Build an ARKit 2 App","url":"https://coursehunter.net/course/sozdaem-arkit-2-prilozhenie","materials":[],"subCategory":""},{"title":"Проектирования систем в Figma","originTitle":"Design System in Figma","url":"https://coursehunter.net/course/proektirovaniya-sistem-v-figma","materials":[],"subCategory":""},{"title":"Дизайн и код в Framer X","originTitle":"Design and Code in Framer X","url":"https://coursehunter.net/course/dizayn-i-kod-v-framer-x","materials":[],"subCategory":""},{"title":"Анимация в Principle","originTitle":"Animating in Principle","url":"https://coursehunter.net/course/animaciya-v-principle","materials":[],"subCategory":""},{"title":"Создайте Javascript игру","originTitle":"Create a Javascript Game","url":"https://coursehunter.net/course/sozdayte-javascript-igru","materials":[],"subCategory":""},{"title":"Vue для дизайнеров","originTitle":"Vue for Designers","url":"https://coursehunter.net/course/vue-dlya-dizaynerov","materials":[],"subCategory":""},{"title":"React Native для дизайнеров","originTitle":"React Native for Designers","url":"https://coursehunter.net/course/react-native-dlya-dizaynerov","materials":[],"subCategory":""},{"title":"React для дизайнеров","originTitle":"React for Designers","url":"https://coursehunter.net/course/react-dlya-dizaynerov","materials":[],"subCategory":""},{"title":"Курс по айдентике","originTitle":"Курс по айдентике","url":"https://coursehunter.net/course/kurs-po-aydentike","materials":[],"subCategory":""},{"title":"Веб-дизайнер: Счастливый билет в Таиланд (2016)","originTitle":"Веб-дизайнер: Счастливый билет в Таиланд","url":"https://coursehunter.net/course/veb-dizayner-schastlivyy-bilet-v-tailand-2-0","materials":[],"subCategory":""},{"title":"Полный курс по Sketch 5 - разработка приложений и веб-сайтов 2018","originTitle":"The Complete Sketch 5 Course - Design Apps & Websites 2018","url":"https://coursehunter.net/course/polnyy-kurs-po-sketch-5-razrabotka-prilozheniy-i-veb-saytov-2018","materials":[],"subCategory":""},{"title":"Уроки Фотошоп для начинающих Веб-дизайнеров • Photoshop•UI","originTitle":"Уроки Фотошоп для начинающих Веб-дизайнеров • Photoshop•UI","url":"https://coursehunter.net/course/uroki-fotoshop-dlya-nachinayushchih-veb-dizaynerov-photoshop-ui","materials":[],"subCategory":""},{"title":"Супер Premiere Pro 2","originTitle":"Супер Premiere Pro 2","url":"https://coursehunter.net/course/super-premiere-pro-2","materials":[],"subCategory":""},{"title":"Супер CINEMA 4D","originTitle":"Супер CINEMA 4D","url":"https://coursehunter.net/course/super-cinema-4d","materials":[],"subCategory":""},{"title":"Курс персонажной анимации Voodoo People","originTitle":"Курс персонажной анимации Voodoo People","url":"https://coursehunter.net/course/kurs-personazhnoy-animacii-voodoo-people","materials":[],"subCategory":""},{"title":"Основы Affinity Photo","originTitle":"Affinity Photo: Solid Foundations","url":"https://coursehunter.net/course/osnovy-affinity-photo","materials":[],"subCategory":""},{"title":"Практический онлайн-курс  «Дизайн мобильных приложений»","originTitle":"Практический онлайн-курс Redmadrobot «Дизайн мобильных приложений»","url":"https://coursehunter.net/course/prakticheskiy-onlayn-kurs-dizayn-mobilnyh-prilozheniy","materials":[],"subCategory":""},{"title":"Руководство по Sketch","originTitle":"The Sketch Guide","url":"https://coursehunter.net/course/rukovodstvo-po-sketch","materials":[],"subCategory":""},{"title":"Изучаем Figma","originTitle":"Mastering Figma","url":"https://coursehunter.net/course/izuchaem-figma","materials":[],"subCategory":""},{"title":"Супер Illustrator","originTitle":"Супер Illustrator","url":"https://coursehunter.net/course/super-illustrator","materials":[],"subCategory":""},{"title":"Digital Asset Designer: создание и продажа макетов","originTitle":"Digital Asset Designer: Creating and Selling Mockups","url":"https://coursehunter.net/course/digital-asset-designer-sozdanie-i-prodazha-maketov","materials":[],"subCategory":""},{"title":"Изучаем Adobe Experience Design CC 2018 на примерах","originTitle":"Learn Adobe Experience Design CC 2018 by Example","url":"https://coursehunter.net/course/izuchaem-adobe-experience-design-cc-2018-na-primerah","materials":[],"subCategory":""},{"title":"Photoshop CC для Веб-дизайна","originTitle":"Photoshop CC for the Web","url":"https://coursehunter.net/course/photoshop-cc-dlya-veb-dizayna","materials":[],"subCategory":""},{"title":"Графический редактор Photoshop","originTitle":"Графический редактор Photoshop","url":"https://coursehunter.net/course/graficheskiy-redaktor-photoshop","materials":[],"subCategory":""},{"title":"Sketch: Рисуем интерфейсы","originTitle":"Sketch: Рисуем интерфейсы","url":"https://coursehunter.net/course/sketch-risuem-interfeysy","materials":[],"subCategory":""},{"title":"Прототипирование веб-сайта в браузере","originTitle":"Prototyping in the Browser","url":"https://coursehunter.net/course/treehouse-prototype-in-browser","materials":[],"subCategory":""},{"title":"Веб-дизайн используя Dreamweaver","originTitle":"Web Design for visual people - not coders: Using Dreamweaver","url":"https://coursehunter.net/course/udemy-webdesign-dreamweaver","materials":[],"subCategory":""},{"title":"Индустриальный дизайн с помощью Sketch","originTitle":"UX for Instructional Design with Sketch","url":"https://coursehunter.net/course/lynda-sketch-ux","materials":[],"subCategory":""},{"title":"Веб-дизайн. Старт","originTitle":"Веб-дизайн. Старт","url":"https://coursehunter.net/course/studyboom-webdesign-start","materials":[],"subCategory":""},{"title":"Изучение Adobe Animate CC: Анимация","originTitle":"Learning Adobe Animate CC: Animation (Ангельский)","url":"https://coursehunter.net/course/lindacom-learning-adobe-animate-cc-animation","materials":[],"subCategory":""},{"title":"Прототипирование с Framer.js","originTitle":"Прототипирование с Framer.js","url":"https://coursehunter.net/course/fm-framer-js","materials":[],"subCategory":""},{"title":"Основы Sketch 3","originTitle":"Learn Sketch: The Basics (Ангельский)","url":"https://coursehunter.net/course/sketch","materials":[],"subCategory":""},{"title":"InDesign CC","originTitle":"InDesign CC Essential training","url":"https://coursehunter.net/course/indesign","materials":[],"subCategory":""},{"title":"CorelDRAW X8","originTitle":"CorelDRAW X8","url":"https://coursehunter.net/course/coreldraw","materials":[],"subCategory":""},{"title":"Lightroom","originTitle":"Lightroom CC","url":"https://coursehunter.net/course/lightroom","materials":[],"subCategory":""},{"title":"Photoshop СС Один-на-Один (Средний)","originTitle":"Photoshop CC. Один-на-Один (Средний)","url":"https://coursehunter.net/course/psmiddle","materials":[],"subCategory":""},{"title":"Photoshop СС Один-на-Один (Новычок)","originTitle":"Photoshop CC. Один-на-Один (Новычок)","url":"https://coursehunter.net/course/pscool","materials":[],"subCategory":""},{"title":"Photoshop СС Один-на-Один (Мастер)","originTitle":"Photoshop CC. Один-на-Один (Мастер)","url":"https://coursehunter.net/course/psmaster","materials":[],"subCategory":""},{"title":"Adobe illustrator CC","originTitle":"Adobe illustrator CC","url":"https://coursehunter.net/course/aicc","materials":[],"subCategory":""},{"title":"Основы дизайна","originTitle":"Fundamentals of Design","url":"https://coursehunter.net/course/fundamentals-of-design","materials":[],"subCategory":""},{"title":"Основы веб-дизайна","originTitle":"Основы веб-дизайна","url":"https://coursehunter.net/course/webdev","materials":[],"subCategory":""},{"title":"Adobe photoshop для вебдизайнера","originTitle":"Photoshop для веб разработчика","url":"https://coursehunter.net/course/Photoshop_new","materials":[],"subCategory":""},{"title":"Adobe photoshop","originTitle":"Adobe photoshop (для фотографов)","url":"https://coursehunter.net/course/photoshop ","materials":[],"subCategory":""},{"title":"Adobe Illustrator","originTitle":"Adobe Illustrator базовый курс","url":"https://coursehunter.net/course/illustrator","materials":[],"subCategory":""}]}