{"title":"Ansible","url":"https://coursehunter.net/others/ansible","courses":[{"title":"Автоматизация с Ansible и Puppet: 4-в-1","originTitle":"Master Automation with Ansible and Puppet: 4-in-1","url":"https://coursehunter.net/course/avtomatizaciya-s-ansible-i-puppet-4-v-1","materials":[],"subCategory":""},{"title":"Ansible: Ansible Automation Мастер-класс: 2-в-1","originTitle":"Ansible: Ansible Automation Masterclass: 2-in-1","url":"https://coursehunter.net/course/ansible-ansible-automation-master-klass-2-v-1","materials":[],"subCategory":""},{"title":"Ansible - С Нуля до Профессионала (Ансибл)","originTitle":"Ansible - С Нуля до Профессионала (Ансибл)","url":"https://coursehunter.net/course/ansible-s-nulya-do-professionala-ansibl","materials":[],"subCategory":""},{"title":"Введение в Ansible","originTitle":"Introduction to Ansible","url":"https://coursehunter.net/course/vvedenie-v-ansible","materials":[],"subCategory":""},{"title":"Основы Ansible","originTitle":"Основы Ansible","url":"https://coursehunter.net/course/osnovy-ansible","materials":[],"subCategory":""},{"title":"Ansible. Полное руководство","originTitle":"Mastering Ansible","url":"https://coursehunter.net/course/ansible-polnoe-rukovodstvo","materials":[],"subCategory":""}]}