{"title":"AWS","url":"https://coursehunter.net/others/aws","courses":[{"title":"Облачные сервисы (Часть 1)","originTitle":"Облачные сервисы","url":"https://coursehunter.net/course/oblachnye-servisy-chast-1","materials":[],"subCategory":""},{"title":"[Книга] Как размещать, защищать и предоставлять статические сайты","originTitle":"How To Host, Secure, and Deliver Static Websites on Amazon Web Services","url":"https://coursehunter.net/course/kniga-kak-razmeshchat-zashchishchat-i-predostavlyat-staticheskie-sayty","materials":[],"subCategory":""},{"title":"AWS - С Нуля до Профессионала (Amazon Web Services)","originTitle":"AWS - С Нуля до Профессионала (Amazon Web Services)","url":"https://coursehunter.net/course/aws-s-nulya-do-professionala-amazon-web-services","materials":[],"subCategory":""},{"title":"Amazon Lightsail под капотом","originTitle":"Amazon Lightsail Deep Dive","url":"https://coursehunter.net/course/amazon-lightsail-pod-kapotom","materials":[],"subCategory":""},{"title":"Сертифицированный архитектор решений AWS - Professional","originTitle":"AWS Certified Solutions Architect - Professional","url":"https://coursehunter.net/course/sertificirovannyy-arhitektor-resheniy-aws-professional","materials":[],"subCategory":""},{"title":"AWS Advanced Networking Specialty","originTitle":"AWS Advanced Networking Specialty","url":"https://coursehunter.net/course/aws-advanced-networking-specialty","materials":[],"subCategory":""},{"title":"Автоматизация AWS с помощью Lambda, Python и Boto3","originTitle":"Automating AWS with Lambda, Python, and Boto3","url":"https://coursehunter.net/course/avtomatizaciya-aws-s-pomoshchyu-lambda-python-i-boto3","materials":[],"subCategory":""},{"title":"AWS CloudFormation - Вводный Курс","originTitle":"AWS CloudFormation - Introduction Course","url":"https://coursehunter.net/course/aws-cloudformation-vvodnyy-kurs","materials":[],"subCategory":""},{"title":"Разработка Serverless бэкэнд с использованием Node.js на AWS Lambda","originTitle":"Develop a Serverless Backend using Node.js on AWS Lambda","url":"https://coursehunter.net/course/razrabotka-serverless-bekend-s-ispolzovaniem-node-js-na-aws-lambda","materials":[],"subCategory":""},{"title":"AWS Certified Solutions Architect - Associate 2019","originTitle":"AWS Certified Solutions Architect - Associate 2019","url":"https://coursehunter.net/course/aws-certified-solutions-architect-associate-2018","materials":[],"subCategory":""},{"title":"Amazon Web Services (AWS) сертификация 2018 - 4 Сертификации!","originTitle":"Amazon Web Services (AWS) Certified 2018 - 4 Certifications!","url":"https://coursehunter.net/course/amazon-web-services-aws-sertifikaciya-2018-4-sertifikacii","materials":[],"subCategory":""},{"title":"AWS DynamoDB - Полное Руководство","originTitle":"AWS DynamoDB - The Complete Guide (Build 18+ Hands On Demos)","url":"https://coursehunter.net/course/aws-dynamodb-polnoe-rukovodstvo","materials":[],"subCategory":""},{"title":"AWS для Frontend инженеров (S3, Cloudfront, Route 53, and Lambda@Edge)","originTitle":"AWS for Front-end Engineers (ft. S3, Cloudfront, Route 53, and Lambda@Edge)","url":"https://coursehunter.net/course/aws-dlya-frontend-inzhenerov-s3-cloudfront-route-53-and-lambdaatedge","materials":[],"subCategory":""},{"title":"Быстрая разработка на AWS: React, Node.js и GraphQL","originTitle":"Rapid Development on AWS: React, Node.js & GraphQL","url":"https://coursehunter.net/course/aws-dlya-front-end-inzhenerov","materials":[],"subCategory":""},{"title":"Serverless с AWS","originTitle":"Serverless with AWS","url":"https://coursehunter.net/course/serverless-s-aws","materials":[],"subCategory":""},{"title":"AWS Serverless API и приложения - Полное введение","originTitle":"AWS Serverless APIs & Apps - A Complete Introduction","url":"https://coursehunter.net/course/aws-serverless-api-i-prilozheniya-polnoe-vvedenie","materials":[],"subCategory":""},{"title":"AWS Сертифицированный разработчик - Associate 2018","originTitle":"AWS Certified Developer - Associate 2018","url":"https://coursehunter.net/course/aws-sertificirovannyy-razrabotchik-associate-2018","materials":[],"subCategory":""},{"title":"Использование AWS Lambda и API Gateway для возврата данных","originTitle":"Use AWS Lambda and API Gateway to return resume data","url":"https://coursehunter.net/course/ispolzovanie-aws-lambda-i-api-gateway-dlya-vozvrata-dannyh","materials":[],"subCategory":""},{"title":"Включение зависимостей в AWS Lambda функцию","originTitle":"Including dependencies in your AWS Lambda function","url":"https://coursehunter.net/course/vklyuchenie-zavisimostey-v-aws-lambda-funkciyu","materials":[],"subCategory":""},{"title":"Хостинг простого веб-сайта на Amazon S3","originTitle":"Hosting a Static Website on Amazon S3","url":"https://coursehunter.net/course/hosting-prostogo-veb-sayta-na-amazon-s3","materials":[],"subCategory":""},{"title":"В доступе отказано (publickey) при SSH доступе к Amazon EC2 instance","originTitle":"Permission denied (publickey) when SSH Access to Amazon EC2 instance","url":"https://coursehunter.net/course/v-dostupe-otkazano-publickey-pri-ssh-dostupe-k-amazon-ec2-instance","materials":[],"subCategory":""},{"title":"Развертывание Node.js приложений на AWS с Elastic Beanstalk","originTitle":"Deploying a Node.js Application to AWS with Elastic Beanstalk","url":"https://coursehunter.net/course/razvertyvanie-node-js-prilozheniy-na-aws-s-elastic-beanstalk","materials":[],"subCategory":""},{"title":"Ускорьте свой сайт с помощью AWS CloudFront","originTitle":"Speed Up Your Website by Using AWS CloudFront","url":"https://coursehunter.net/course/uskorte-svoy-sayt-s-pomoshchyu-aws-cloudfront","materials":[],"subCategory":""},{"title":"Установка AWS CLI на OS X и Linux","originTitle":"Installing the AWS CLI on OS X and Linux","url":"https://coursehunter.net/course/ustanovka-aws-cli-na-os-x-i-linux","materials":[],"subCategory":""},{"title":"Планирование событий с помощью AWS Lambda (Lambda cron jobs)","originTitle":"Scheduling Events with AWS Lambda (a.k.a. Lambda cron jobs)","url":"https://coursehunter.net/course/planirovanie-sobytiy-s-pomoshchyu-aws-lambda-lambda-cron-jobs","materials":[],"subCategory":""},{"title":"AWS: Конфигурация эластичной балансировки нагрузки","originTitle":"Configuring AWS Elastic Load Balancers","url":"https://coursehunter.net/course/aws-konfiguraciya-elastichnoy-balansirovki-nagruzki","materials":[],"subCategory":""},{"title":"Сертифицированный SysOps админ на AWS - Associate 2019","originTitle":"AWS Certified SysOps Administrator - Associate 2019","url":"https://coursehunter.net/course/udemy-aws-certified-sysops-admin","materials":[],"subCategory":""}]}