{"title":"Azure","url":"https://coursehunter.net/others/azure","courses":[{"title":"Microsoft Azure Инфраструктура и Развертывание - Экзамен AZ-100","originTitle":"Microsoft Azure Infrastructure and Deployment - Exam AZ-100","url":"https://coursehunter.net/course/microsoft-azure-infrastruktura-i-razvertyvanie-ekzamen-az-100","materials":[],"subCategory":""},{"title":"Сертифицированный Microsoft Azure разработчик - экзамен AZ-203","originTitle":"Microsoft Certified Azure Developer - Exam AZ-203 Prep","url":"https://coursehunter.net/course/sertificirovannyy-microsoft-azure-razrabotchik-ekzamen-az-203","materials":[],"subCategory":""},{"title":"Microsoft Azure Architect Technologies - Экзамен AZ-300","originTitle":"Microsoft Azure Architect Technologies - Exam AZ-300","url":"https://coursehunter.net/course/microsoft-azure-architect-technologies-ekzamen-az-300","materials":[],"subCategory":""},{"title":"Знакомство с хранилищем Windows Azure","originTitle":"Getting started with Windows Azure Storage","url":"https://coursehunter.net/course/packtpub-windows-azure","materials":[],"subCategory":""}]}