{"title":"Chrome DevTools","url":"https://coursehunter.net/others/chrome-devtools","courses":[{"title":"Инструменты разработчика и дебаггинг","originTitle":"Dev Tools & Debugging","url":"https://coursehunter.net/course/instrumenty-razrabotchika-i-debagging","materials":[],"subCategory":""},{"title":"Chrome DevTools: Инструменты тестировщика","originTitle":"Chrome DevTools: Инструменты тестировщика","url":"https://coursehunter.net/course/chrome-devtools-instrumenty-testirovshchika","materials":[],"subCategory":""},{"title":"Освоение Chrome Developer Tools v2","originTitle":"Mastering Chrome Developer Tools v2","url":"https://coursehunter.net/course/osvoenie-chrome-developer-tools-v2","materials":[],"subCategory":""},{"title":"Отладка DOM в Chrome Devtools","originTitle":"Debug the DOM in Chrome Devtools","url":"https://coursehunter.net/course/egghead-debug-the-dom-in-chrome","materials":[],"subCategory":""},{"title":"Chrome Developer Tools","originTitle":"Mastering Chrome Developer Tools","url":"https://coursehunter.net/course/mastering-devtools","materials":[],"subCategory":""},{"title":"Google Chrome DevTools","originTitle":"Google Chrome DevTools","url":"https://coursehunter.net/course/chrome-devtools","materials":[],"subCategory":""}]}