{"title":"Docker","url":"https://coursehunter.net/others/docker","courses":[{"title":"Ускоренный курс Docker для разработчиков Java и Spring Boot","originTitle":"Docker Crash Course for Java and Spring Boot Developers","url":"https://coursehunter.net/course/uskorennyy-kurs-docker-dlya-razrabotchikov-java-i-spring-boot","materials":[],"subCategory":""},{"title":"Docker для разработчиков PHP","originTitle":"Docker for PHP Developers","url":"https://coursehunter.net/course/docker-dlya-razrabotchikov-php","materials":[],"subCategory":""},{"title":"Selenium WebDriver с Docker","originTitle":"Selenium WebDriver with Docker","url":"https://coursehunter.net/course/selenium-webdriver-s-docker","materials":[],"subCategory":""},{"title":"Docker для Node.js проектов от Капитана Docker","originTitle":"Docker for Node.js Projects From a Docker Captain","url":"https://coursehunter.net/course/docker-dlya-node-js-proektov-ot-kapitana-docker","materials":[],"subCategory":""},{"title":"Docker для разработчиков Java","originTitle":"Docker for Java Developers","url":"https://coursehunter.net/course/docker-dlya-razrabotchikov-java","materials":[],"subCategory":""},{"title":"Docker - Deep Dive (v18.09.4)","originTitle":"Docker - Deep Dive (v18.09.4)","url":"https://coursehunter.net/course/docker-deep-dive-18-09-4","materials":[],"subCategory":""},{"title":"Docker под капотом","originTitle":"Docker Deep Dive","url":"https://coursehunter.net/course/docker-pod-kapotom","materials":[],"subCategory":""},{"title":"Docker - Быстрый старт","originTitle":"Docker Quick Start","url":"https://coursehunter.net/course/docker-bystryy-start","materials":[],"subCategory":""},{"title":"Docker и Kubernetes: Полное руководство","originTitle":"Docker and Kubernetes: The Complete Guide","url":"https://coursehunter.net/course/docker-i-kubernetes-polnoe-rukovodstvo","materials":[],"subCategory":""},{"title":"Docker Mastery: с K8s и Swarm от капитана докера","originTitle":"Docker Mastery: with K8s & Swarm from a Docker Captain","url":"https://coursehunter.net/course/docker-mastery-polnyy-nabor-instrumentov-ot-kapitana-dokera","materials":[],"subCategory":""},{"title":"Docker от А до Я: Swarm + Jenkins","originTitle":"Docker from A to Z™: Swarm + Jenkins","url":"https://coursehunter.net/course/docker-ot-a-do-ya-swarm-jenkins","materials":[],"subCategory":""},{"title":"Создайте 12-факторное приложение на Node.js с помощью Docker","originTitle":"Build a Twelve-Factor Node.js App with Docker","url":"https://coursehunter.net/course/sozdayte-12-faktornoe-prilozhenie-na-node-js-s-pomoshchyu-docker","materials":[],"subCategory":""},{"title":"Docker Deep Dive","originTitle":"Docker Deep Dive","url":"https://coursehunter.net/course/docker-deep-dive","materials":[],"subCategory":""},{"title":"Деплой Node.js на Docker","originTitle":"Deploy Node.js on Docker","url":"https://coursehunter.net/course/deploy-node-js-na-docker","materials":[],"subCategory":""},{"title":"Создайте простой Node.js веб-сервер с помощью Docker","originTitle":"Build a Simple Node.js Web Server with Docker","url":"https://coursehunter.net/course/sozdayte-prostoy-node-js-veb-server-s-pomoshchyu-docker","materials":[],"subCategory":""},{"title":"Управление данными с помощью Докер Volumes","originTitle":"Manage Data within Docker Volumes","url":"https://coursehunter.net/course/upravlenie-dannymi-s-pomoshchyu-doker-volumes","materials":[],"subCategory":""},{"title":"Настройка Nginx прокси для приложения Node.js с помощью Docker","originTitle":"Setup an Nginx Proxy for a Node.js App with Docker","url":"https://coursehunter.net/course/nastroyka-nginx-proksi-dlya-prilozheniya-node-js-s-pomoshchyu-docker","materials":[],"subCategory":""},{"title":"Запуск, остановка и удаление докер контейнеров","originTitle":"Run, Stop and Remove Docker Containers","url":"https://coursehunter.net/course/zapusk-ostanovka-i-udalenie-dokerov-konteynerov","materials":[],"subCategory":""},{"title":"Запуск Short-Lived докер контейнеров","originTitle":"Run Short-Lived Docker Containers","url":"https://coursehunter.net/course/zapusk-short-lived-doker-konteynerov","materials":[],"subCategory":""},{"title":"Загрузка и удаление Docker образов","originTitle":"Download and Remove Docker Images","url":"https://coursehunter.net/course/zagruzka-i-udalenie-docker-obrazov","materials":[],"subCategory":""},{"title":"Создайте свой собственный Docker образ (image)","originTitle":"Build Your Own Custom Docker Image","url":"https://coursehunter.net/course/sozdayte-svoy-sobstvennyy-docker-obraz-image","materials":[],"subCategory":""},{"title":"Удаление старых неиспользуемых docker контейнеров и изображений","originTitle":"Prune Old Unused Docker Containers and Images","url":"https://coursehunter.net/course/udaleniu-staryh-neispolzuemyh-docker-konteynerov-i-izobrazheniy","materials":[],"subCategory":""},{"title":"Создание docker томов для постоянного хранения","originTitle":"Create Docker Volumes for Persistent Storage","url":"https://coursehunter.net/course/sozdanie-docker-tomov-dlya-postoyannogo-hraneniya","materials":[],"subCategory":""},{"title":"Docker Swarm Mastery: DevOps оркестровка кластеров","originTitle":"Docker Swarm Mastery: DevOps Style Cluster Orchestration","url":"https://coursehunter.net/course/docker-swarm-mastery-devops-orkestrovka-klasterov","materials":[],"subCategory":""},{"title":"[Книга] [Nigel Poulton] Docker Deep Dive","originTitle":"Docker Deep Dive","url":"https://coursehunter.net/course/kniga-nigel-poulton-docker-deep-dive","materials":[],"subCategory":""}]}