{"title":"Elasticsearch","url":"https://coursehunter.net/others/elasticsearch","courses":[{"title":"Elasticsearch 6 и Elastic Stack - в глубине","originTitle":"Elasticsearch 6 and Elastic Stack - In Depth and Hands On!","url":"https://coursehunter.net/course/elasticsearch-6-i-elastic-stack-v-glubine","materials":[],"subCategory":""},{"title":"Полное руководство по Elasticsearch","originTitle":"Complete Guide to Elasticsearch","url":"https://coursehunter.net/course/polnoe-rukovodstvo-po-elasticsearch","materials":[],"subCategory":""},{"title":"Мастер клас по Elasticsearch используя Logstach и Kibana","originTitle":"Complete Elasticsearch masterclass with Logstach and Kibana","url":"https://coursehunter.net/course/udemy-complete-elasticsearch","materials":[],"subCategory":""},{"title":"Введение в Elasticsearch","originTitle":"The Road to Elasticsearch","url":"https://coursehunter.net/course/packt--roadtoelasticsearch","materials":[],"subCategory":""}]}