{"title":"Electron","url":"https://coursehunter.net/others/electron","courses":[{"title":"Продвинутые проекты в Electron 4, React и Redux","originTitle":"Advanced Projects in Electron 4, React, and Redux","url":"https://coursehunter.net/course/prodvinutye-proekty-v-electron-4-react-i-redux","materials":[],"subCategory":""},{"title":"Electron v2","originTitle":"Electron v2","url":"https://coursehunter.net/course/electron-v2","materials":[],"subCategory":""},{"title":"Level 1 Electron","originTitle":"Level 1 Electron","url":"https://coursehunter.net/course/level-1-electron","materials":[],"subCategory":""},{"title":"Настольные приложения с Angular, Firestore и Electron","originTitle":"Desktop apps with Angular, Firestore and Electron","url":"https://coursehunter.net/course/nastolnye-prilozheniya-s-angular-firestore-i-electron","materials":[],"subCategory":""},{"title":"Проекты на Electron: Выучите Electron, построив несколько приложений","originTitle":"Projects in Electron: Learn Electron Framework Building Apps","url":"https://coursehunter.net/course/proekty-na-electron-vyuchite-electron-postroiv-neskolko-prilozheniy","materials":[],"subCategory":""},{"title":"Создаем настольное приложение с помощью Electron","originTitle":"Build a desktop application with Electron","url":"https://coursehunter.net/course/sozdaem-nastolnoe-prilozhenie-s-pomoshchyu-electron","materials":[],"subCategory":""},{"title":"Кросс-платформенные приложения для настольных компьютеров с помощью Electron","originTitle":"Build Cross-Platform Desktop Apps with Electron","url":"https://coursehunter.net/course/fm-electron","materials":[],"subCategory":""}]}