{"title":"Gatsby","url":"https://coursehunter.net/others/gatsby","courses":[{"title":"Intermediate Gatsby","originTitle":"Intermediate Gatsby","url":"https://coursehunter.net/course/intermediate-gatsby","materials":["https://vs2.coursehunter.net/fm-igwscouse/lesson1.mp4"],"subCategory":""},{"title":"Gatsby JS и Firebase: создание гибридных и статических сайтов","originTitle":"Gatsby JS & Firebase: Build hybrid realtime + static sites","url":"https://coursehunter.net/course/gatsby-js-i-firebase-sozdanie-gibridnyh-i-staticheskih-saytov","materials":[],"subCategory":""},{"title":"Продвинутый Gatsby и Shopify","originTitle":"Advanced Gatsby and Shopify","url":"https://coursehunter.net/course/prodvinutyy-gatsby-i-shopify","materials":[],"subCategory":""},{"title":"Gatsby JS: создание статических сайтов с помощью React,  Wordpress...","originTitle":"Gatsby JS: Build static sites with React Wordpress & GraphQL","url":"https://coursehunter.net/course/gatsby-js-sozdanie-staticheskih-saytov-s-pomoshchyu-react-wordpress","materials":[],"subCategory":""},{"title":"Gatsby Ecommerce","originTitle":"Gatsby Ecommerce","url":"https://coursehunter.net/course/gatsby-ecommerce","materials":[],"subCategory":""},{"title":"Gatsby Theme Authoring","originTitle":"Gatsby Theme Authoring","url":"https://coursehunter.net/course/gatsby-theme-authoring","materials":[],"subCategory":""},{"title":"Gatsby Мастер-класс","originTitle":"The Gatsby Masterclass","url":"https://coursehunter.net/course/gatsby-master-klass","materials":[],"subCategory":""},{"title":"Gatsby - Генератор статических сайтов для React - Полное руководство","originTitle":"Gatsby - Static Site Generator For React - Complete Guide","url":"https://coursehunter.net/course/gatsby-generator-staticheskih-saytov-dlya-react-polnoe-rukovodstvo","materials":[],"subCategory":""},{"title":"Pro Gatsby 2","originTitle":"Pro Gatsby 2","url":"https://coursehunter.net/course/pro-gatsby-2","materials":[],"subCategory":""},{"title":"Headless WordPress","originTitle":"Headless WordPress","url":"https://coursehunter.net/course/headless-wordpress","materials":[],"subCategory":""},{"title":"Pro Gatsby","originTitle":"Pro Gatsby","url":"https://coursehunter.net/course/pro-gatsby","materials":[],"subCategory":""},{"title":"Делаем Blog с React и статичном генераторе Gatsby","originTitle":"Build a Blog with React and Markdown using Gatsby","url":"https://coursehunter.net/course/delaem-blog-s-react-i-statichnom-generatore-gatsby","materials":[],"subCategory":""}]}