{"title":"Git","url":"https://coursehunter.net/others/git","courses":[{"title":"Как работает Git","originTitle":"How Git Works","url":"https://coursehunter.net/course/kak-rabotaet-git","materials":[],"subCategory":""},{"title":"[Книга] Building Git (Строим Git)","originTitle":"Building Git","url":"https://coursehunter.net/course/kniga-building-git-stroim-git","materials":[],"subCategory":""},{"title":"GIT УЧИМ ВМЕСТЕ","originTitle":"GIT УЧИМ ВМЕСТЕ","url":"https://coursehunter.net/course/git-uchim-vmeste","materials":[],"subCategory":""},{"title":"Git: Полный курс для начинающих и не только","originTitle":"Git: Полный курс для начинающих и не только","url":"https://coursehunter.net/course/git-polnyy-kurs-dlya-nachinayushchih-i-ne-tolko","materials":[],"subCategory":""},{"title":"Продуктивный Git для разработчиков","originTitle":"Productive Git for Developers","url":"https://coursehunter.net/course/produktivnyy-git-dlya-razrabotchikov","materials":[],"subCategory":""},{"title":"Курс по Git и Github","originTitle":"Курс по Git и Github","url":"https://coursehunter.net/course/kurs-po-git-i-github","materials":[],"subCategory":""},{"title":"Изучаем Git и GitHub","originTitle":"Изучаем Git и GitHub","url":"https://coursehunter.net/course/izuchaem-git-i-github","materials":[],"subCategory":""},{"title":"Создание автоматизированных файлов .gitignore для вашего проекта","originTitle":"Create Automated .gitignore Files for Your Project","url":"https://coursehunter.net/course/sozdanie-avtomatizirovannyh-faylov-gitignore-dlya-vashego-proekta","materials":[],"subCategory":""},{"title":"Используем git add --patch для лучшей истории коммитов и устранения ошибок","originTitle":"Use git add --patch for better commit history and mitigating bugs","url":"https://coursehunter.net/course/ispolzuem-git-add-patch-dlya-luchshey-istorii-kommitov-i-ustraneniya-oshibok","materials":[],"subCategory":""},{"title":"Git для любого разработчика","originTitle":"Practical Git","url":"https://coursehunter.net/course/git-dlya-lyubogo-razrabotchika","materials":[],"subCategory":""},{"title":"Git под капотом","originTitle":"Git In-depth","url":"https://coursehunter.net/course/fm-git","materials":[],"subCategory":""},{"title":"Git для ежедневного профессионального использования","originTitle":"Practical Git for Everyday Use","url":"https://coursehunter.net/course/egghead-practical-git-for-everyday-professional-use","materials":[],"subCategory":""},{"title":"Git","originTitle":"Git. Быстрый старт","url":"https://coursehunter.net/course/Git-Bystryy-start","materials":[],"subCategory":""}]}