{"title":"Gitlab","url":"https://coursehunter.net/others/gitlab","courses":[{"title":"Gitlab CI: Pipelines, CI / CD и DevOps для начинающих","originTitle":"Gitlab CI: Pipelines, CI/CD and DevOps for Beginners","url":"https://coursehunter.net/course/gitlab-ci-pipelines-ci-cd-i-devops-dlya-nachinayushchih","materials":[],"subCategory":""},{"title":"Непрерывная интеграция на Gitlab","originTitle":"Continuous Integration on Gitlab","url":"https://coursehunter.net/course/nepreryvnaya-integraciya-na-gitlab","materials":[],"subCategory":""},{"title":"Руководство GitLab","originTitle":"GitLab CE Tutorials","url":"https://coursehunter.net/course/gitlab","materials":[],"subCategory":""}]}