{"title":"Google Cloud","url":"https://coursehunter.net/others/google-cloud","courses":[{"title":"Сертификация Google Certified Associate Cloud Engineer","originTitle":"Google Certified Associate Cloud Engineer Certification","url":"https://coursehunter.net/course/sertifikaciya-google-certified-associate-cloud-engineer","materials":[],"subCategory":""},{"title":"Профессиональный облачный разработчик Google Cloud Certified","originTitle":"Google Cloud Certified Professional Cloud Developer","url":"https://coursehunter.net/course/professionalnyy-oblachnyy-razrabotchik-google-cloud-certified","materials":[],"subCategory":""},{"title":"Профессиональный облачный архитектор Google Cloud Certified (Ранний доступ)","originTitle":"Google Cloud Certified Professional Cloud Architect (Early Access Preview)","url":"https://coursehunter.net/course/professionalnyy-oblachnyy-arhitektor-google-cloud-certified-ranniy-dostup","materials":[],"subCategory":""}]}