{"title":"GraphQL","url":"https://coursehunter.net/others/graphql","courses":[{"title":"FullStack - Делаем клон Uber: Typescript, NodeJS, GraphQL, React, Apollo","originTitle":"Uber Clone - Typescript, NodeJS, GraphQL, React, Apollo","url":"https://coursehunter.net/course/fullstack-delaem-klon-uber-typescript-nodejs-graphql-react-apollo","materials":[],"subCategory":""},{"title":"GraphQL Apollo Сервер с Node.js, MongoDB - GraphQL API","originTitle":"GraphQL Apollo Server with Node.js, MongoDB - GraphQL API","url":"https://coursehunter.net/course/graphql-apollo-server-s-node-js-mongodb-graphql-api","materials":[],"subCategory":""},{"title":"Продвинутый GraphQL, v2","originTitle":"Advanced GraphQL, v2","url":"https://coursehunter.net/course/prodvinutyy-graphql-v2","materials":[],"subCategory":""},{"title":"Full Stack GraphQL","originTitle":"Full Stack GraphQL","url":"https://coursehunter.net/course/full-stack-graphql","materials":[],"subCategory":""},{"title":"Django с GraphQL","originTitle":"Django with GraphQL","url":"https://coursehunter.net/course/django-s-graphql","materials":[],"subCategory":""},{"title":"Масштабируемые Offline-Ready приложения GraphQL с AWS AppSync и React","originTitle":"Scalable Offline-Ready GraphQL Applications with AWS AppSync & React","url":"https://coursehunter.net/course/masshtabiruemye-offline-ready-prilozheniya-graphql-s-aws-appsync-i-react","materials":[],"subCategory":""},{"title":"Создание GraphQL API с помощью ASP.NET Core","originTitle":"Building GraphQL APIs with ASP.NET Core","url":"https://coursehunter.net/course/sozdanie-graphql-api-s-pomoshchyu-asp-net-core","materials":[],"subCategory":""},{"title":"Создание масштабируемых API с помощью GraphQL","originTitle":"Building Scalable APIs with GraphQL","url":"https://coursehunter.net/course/sozdanie-masshtabiruemyh-api-s-pomoshchyu-graphql","materials":[],"subCategory":""},{"title":"Язык запросов GraphQL","originTitle":"GraphQL Query Language","url":"https://coursehunter.net/course/yazyk-zaprosov-graphql","materials":[],"subCategory":""},{"title":"Создайте приложение с GraphQL, Laravel и Vue","originTitle":"Build an App With GraphQL, Laravel, and Vue","url":"https://coursehunter.net/course/sozdayte-prilozhenie-s-graphql-laravel-i-vue","materials":[],"subCategory":""},{"title":"UX/UI Design","originTitle":"UX/UI Design","url":"https://coursehunter.net/course/ux-ui-design","materials":[],"subCategory":""},{"title":"Full-Stack GraphQL c Absinthe, Phoenix, и React","originTitle":"Full-Stack GraphQL with Absinthe, Phoenix, and React","url":"https://coursehunter.net/course/full-stack-graphql-c-absinthe-phoenix-i-react","materials":[],"subCategory":""},{"title":"Создайте интернет-магазин с React и GraphQL за 90 минут","originTitle":"Build an Online Store with React and GraphQL in 90 Minutes","url":"https://coursehunter.net/course/sozdayte-internet-magazin-s-react-i-graphql-za-90-minut","materials":[],"subCategory":""},{"title":"Full-Stack React, Python и GraphQL","originTitle":"Full-Stack React, Python, and GraphQL","url":"https://coursehunter.net/course/full-stack-react-python-i-graphql","materials":[],"subCategory":""},{"title":"Постройте Neo4J и GraphQL API","originTitle":"Build a Neo4J & GraphQL API","url":"https://coursehunter.net/course/postroyte-neo4j-i-graphql-api","materials":[],"subCategory":""},{"title":"Введение в GraphQL","originTitle":"Introduction to GraphQL","url":"https://coursehunter.net/course/vvedenie-v-graphql","materials":[],"subCategory":""},{"title":"Создание API в Node.js, v3","originTitle":"API Design in Node.js, v3","url":"https://coursehunter.net/course/api-design-in-node-js-v3","materials":[],"subCategory":""},{"title":"[Книга] Дорога к GraphQL","originTitle":"The Road to GraphQL + Code","url":"https://coursehunter.net/course/kniga-doroga-k-graphql","materials":[],"subCategory":""},{"title":"Full-Stack Vue с GraphQL - Полное Руководство","originTitle":"Full-Stack Vue with GraphQL - The Ultimate Guide","url":"https://coursehunter.net/course/full-stack-vue-s-graphql-polnoe-rukovodstvo","materials":[],"subCategory":""},{"title":"Современный GraphQL BootCamp (Advanced Node.js)","originTitle":"The Modern GraphQL Bootcamp (Advanced Node.js)","url":"https://coursehunter.net/course/sovremennyy-graphql-bootcamp-advanced-node-js","materials":[],"subCategory":""},{"title":"FullStack Advanced React + GraphQL","originTitle":"Full Stack Advanced React + GraphQL","url":"https://coursehunter.net/course/full-stack-prodvinutyy-react-graphql","materials":[],"subCategory":""},{"title":"Level 1 Apollo Client c React","originTitle":"Level 1 Apollo Client with React","url":"https://coursehunter.net/course/level-1-apollo-client-c-react","materials":[],"subCategory":""},{"title":"Full-Stack React с GraphQL и Apollo Boost","originTitle":"Full-Stack React with GraphQL and Apollo Boost","url":"https://coursehunter.net/course/full-stack-react-s-graphql-i-apollo-boost","materials":[],"subCategory":""},{"title":"GraphQL на примере","originTitle":"GraphQL by Example","url":"https://coursehunter.net/course/graphql-na-primere","materials":[],"subCategory":""},{"title":"Продвинутый GraphQL","originTitle":"Advanced GraphQL","url":"https://coursehunter.net/course/prodvinutyy-graphql","materials":[],"subCategory":""},{"title":"Знакомство с GraphQL (Воркшоп)","originTitle":"Знакомство с GraphQL","url":"https://coursehunter.net/course/znakomstvo-s-graphql-vorkshop","materials":[],"subCategory":""},{"title":"GraphQL c Angular и Apollo - Полное Full-stack Руководство","originTitle":"GraphQL with Angular & Apollo - The Full-stack Guide","url":"https://coursehunter.net/course/graphql-c-angular-i-apollo-polnoe-full-stack-rukovodstvo","materials":[],"subCategory":""},{"title":"GraphQL","originTitle":"GraphQL","url":"https://coursehunter.net/course/fm-graphql","materials":[],"subCategory":""},{"title":"GraphQL с React: Полное руководство для разработчиков","originTitle":"GraphQL with React: The Complete Developers Guide","url":"https://coursehunter.net/course/udemy-graphql-with-react-complete-guide","materials":[],"subCategory":""},{"title":"Построение сервера GraphQL","originTitle":"Build a GraphQL Server","url":"https://coursehunter.net/course/egghead-graphql","materials":[],"subCategory":""}]}