{"title":"Gulp","url":"https://coursehunter.net/others/gulp","courses":[{"title":"Gulp Сборка. Ускорение верстки","originTitle":"Gulp Сборка. Ускорение верстки","url":"https://coursehunter.net/course/gulp-sborka-uskorenie-verstki","materials":[],"subCategory":""},{"title":"Курс по Gulp. Основы","originTitle":"Курс по Gulp. Основы","url":"https://coursehunter.net/course/kurs-po-gulp-osnovy","materials":[],"subCategory":""},{"title":"Gulp и Browserify - Добавляем Babel и Source Maps","originTitle":"Gulp and Browserify - Adding Babel & Source Maps","url":"https://coursehunter.net/course/gulp-i-browserify-dobavlyaem-babel-i-source-maps","materials":[],"subCategory":""},{"title":"Gulp - создаем простой CSS (c Sass) и JavaScript.","originTitle":"A taste of Gulp","url":"https://coursehunter.net/course/gulp-sozdaem-prostoy-css-c-sass-i-javascript","materials":[],"subCategory":""},{"title":"Gulp js","originTitle":"Gulp JS","url":"https://coursehunter.net/course/gulp","materials":[],"subCategory":""}]}