{"title":"Kubernetes","url":"https://coursehunter.net/others/kubernetes","courses":[{"title":"Kubernetes это просто: Изучите Kubernetes с нуля (2019)","originTitle":"Kubernetes Made Easy: Learn Kubernetes From Scratch (2019)","url":"https://coursehunter.net/course/kubernetes-eto-prosto-izuchite-kubernetes-s-nulya-2019","materials":[],"subCategory":""},{"title":"[Книга] Kubernetes для разработчиков приложений + CKAD","originTitle":"Kubernetes for Application Developers Book + Exam","url":"https://coursehunter.net/course/kniga-kubernetes-dlya-razrabotchikov-prilozheniy-ckad","materials":[],"subCategory":""},{"title":"Сертифицированный администратор Kubernetes (CKA) с практическими тестами","originTitle":"Certified Kubernetes Administrator (CKA) with Practice Tests","url":"https://coursehunter.net/course/sertificirovannyy-administrator-kubernetes-cka-s-prakticheskimi-testami","materials":[],"subCategory":""},{"title":"Сертифицированный Kubernetes Application Developer (CKAD) с тестами","originTitle":"Kubernetes Certified Application Developer (CKAD) with Tests","url":"https://coursehunter.net/course/sertificirovannyy-kubernetes-application-developer-ckad-s-testami","materials":[],"subCategory":""},{"title":"Инфраструктурная платформа на основе Kubernetes (Часть 1-4)","originTitle":"Инфраструктурная платформа на основе Kubernetes","url":"https://coursehunter.net/course/infrastrukturnaya-platforma-na-osnove-kubernetes-chast-1","materials":[],"subCategory":""},{"title":"Микросервисные приложения в Kubernetes","originTitle":"Microservice Applications in Kubernetes","url":"https://coursehunter.net/course/mikroservisnye-prilozheniya-v-kubernetes","materials":[],"subCategory":""},{"title":"Мониторинг Kubernetes с помощью Prometheus","originTitle":"Monitoring Kubernetes With Prometheus","url":"https://coursehunter.net/course/monitoring-kubernetes-s-pomoshchyu-prometheus","materials":[],"subCategory":""},{"title":"[Книга] [Nigel Poulton] The Kubernetes Book","originTitle":"The Kubernetes Book","url":"https://coursehunter.net/course/kniga-nigel-poulton-the-kubernetes-book","materials":[],"subCategory":""},{"title":"Java и Kubernetes","originTitle":"DevOps Engineer Course 2.0 - Java & Kubernetes","url":"https://coursehunter.net/course/Java-Kubernetes","materials":[],"subCategory":""}]}