{"title":"NPM","url":"https://coursehunter.net/others/npm","courses":[{"title":"Как использовать npm в качестве инструмента сборки","originTitle":"How to Use npm Scripts as Your Build Tool","url":"https://coursehunter.net/course/kak-ispolzovat-npm-v-kachestve-instrumenta-sborki","materials":[],"subCategory":""},{"title":"Знакомство с npm","originTitle":"Знакомство с npm","url":"https://coursehunter.net/course/znakomstvo-s-npm","materials":[],"subCategory":""},{"title":"Менеджер пакетов для Node.js (NPM): Создание и публикация модулей NPM","originTitle":"Node Package Manager Course: Build and Publish NPM Modules","url":"https://coursehunter.net/course/menedzher-paketov-dlya-node-js-npm-sozdanie-i-publikaciya-moduley-npm","materials":[],"subCategory":""}]}