{"title":"Uncategorised","url":"https://coursehunter.net/others","courses":[{"title":"Chart JS, полное руководство.","originTitle":"Chart JS, the complete guide. ChartJS missing manual.","url":"https://coursehunter.net/course/chart-js-polnoe-rukovodstvo","materials":[],"subCategory":""},{"title":"Основы Vagrant для достижения успеха DevOps","originTitle":"Vagrant Fundamentals for Achieving DevOps Success","url":"https://coursehunter.net/course/osnovy-vagrant-dlya-dostizheniya-uspeha-devops","materials":[],"subCategory":""},{"title":"IIQ Полный курс","originTitle":"IIQ Complete Course","url":"https://coursehunter.net/course/iiq-polnyy-kurs","materials":[],"subCategory":""},{"title":"Основы Okta: Начало работы с Okta","originTitle":"Okta Essentials: Getting Started with Okta","url":"https://coursehunter.net/course/osnovy-okta-nachalo-raboty-s-okta","materials":[],"subCategory":""},{"title":"Jenkins, c нуля до героя: станьте мастером DevOps Jenkins","originTitle":"Jenkins, From Zero To Hero: Become a DevOps Jenkins Master","url":"https://coursehunter.net/course/jenkins-c-nulya-do-geroya-stante-masterom-devops-jenkins","materials":[],"subCategory":""},{"title":"Jenkins для DevOps Инженеров","originTitle":"Jenkins для DevOps Инженеров","url":"https://coursehunter.net/course/jenkins-dlya-devops-inzhenerov","materials":[],"subCategory":""},{"title":"Тестирование на проникновение для начинающих с PowerShell","originTitle":"Beginner Penetration Testing with PowerShell Tools","url":"https://coursehunter.net/course/testirovanie-na-proniknovenie-dlya-nachinayushchih-s-powershell","materials":[],"subCategory":""},{"title":"Продвинутое создание сценариев и инструментов с Windows PowerShell","originTitle":"Advanced Scripting & Tool Making using Windows PowerShell","url":"https://coursehunter.net/course/prodvinutoe-sozdanie-scenariev-i-instrumentov-s-windows-powershell","materials":[],"subCategory":""},{"title":"Администрирование сервера Glassfish для начинающих","originTitle":"Glassfish Server Administration for Beginners (Step-By-Step)","url":"https://coursehunter.net/course/administrirovanie-servera-glassfish-dlya-nachinayushchih","materials":[],"subCategory":""},{"title":"Станьте опытным пользователем XCode","originTitle":"Becoming an Xcode Power User","url":"https://coursehunter.net/course/stante-opytnym-polzovatelem-xcode","materials":[],"subCategory":""},{"title":"Terraform с Нуля до Профессионала","originTitle":"Terraform с Нуля до Профессионала","url":"https://coursehunter.net/course/terraform-s-nulya-do-professionala","materials":[],"subCategory":""},{"title":"SVG анимации с помощью GreenSock","originTitle":"SVG Animations with GreenSock","url":"https://coursehunter.net/course/svg-animacii-s-pomoshchyu-greensock","materials":[],"subCategory":""},{"title":"Облачные функции Stripe Payments","originTitle":"Stripe Payments Cloud Functions","url":"https://coursehunter.net/course/oblachnye-funkcii-stripe-payments","materials":[],"subCategory":""},{"title":"Визуализация данных с помощью D3.js и Firebase","originTitle":"Build Data Visualizations with D3.js & Firebase","url":"https://coursehunter.net/course/vizualizaciya-dannyh-s-pomoshchyu-d3-js-i-firebase","materials":[],"subCategory":""},{"title":"D3.js в действии: создание 12 проектов c D3.js","originTitle":"D3.js in Action: Build 12 D3.js Data Visualization Projects","url":"https://coursehunter.net/course/d3-js-v-deystvii-sozdanie-12-proektov-c-d3-js","materials":[],"subCategory":""},{"title":"Redux и State ADT","originTitle":"Redux and the State ADT","url":"https://coursehunter.net/course/redux-i-state-adt","materials":[],"subCategory":""},{"title":"Начало работы с WebAssembly и Emscripten","originTitle":"Getting started with WebAssembly & Emscripten","url":"https://coursehunter.net/course/nachalo-raboty-s-webassembly-i-emscripten","materials":[],"subCategory":""},{"title":"Основы FeathersJS","originTitle":"Fundamentals of FeathersJS","url":"https://coursehunter.net/course/osnovy-feathersjs","materials":[],"subCategory":""},{"title":"Maven - автоматизация сборки проектов","originTitle":"Maven - автоматизация сборки проектов","url":"https://coursehunter.net/course/maven-avtomatizaciya-sborki-proektov","materials":[],"subCategory":""},{"title":"Знакомство с WebSocket","originTitle":"Знакомство с WebSocket","url":"https://coursehunter.net/course/znakomstvo-s-websocket","materials":[],"subCategory":""},{"title":"Изучите Ramda.js (Пользовательский playlist)","originTitle":"Learn Ramda.js","url":"https://coursehunter.net/course/izuchite-ramda-js-polzovatelskiy-playlist","materials":[],"subCategory":""},{"title":"Начало работы с Vagrant для локальной разработки","originTitle":"Getting Started with Vagrant for Local Development","url":"https://coursehunter.net/course/nachalo-raboty-s-vagrant-dlya-lokalnoy-razrabotki","materials":[],"subCategory":""},{"title":"Терминал и командная строка для \"не-технарей\"","originTitle":"terminal & command line video training","url":"https://coursehunter.net/course/terminal-i-komandnaya-stroka-dlya-ne-tehnarey","materials":[],"subCategory":""},{"title":"Прокачайте свой терминал с помощью tmux","originTitle":"Wrangle your terminal with tmux","url":"https://coursehunter.net/course/prokachayte-svoy-terminal-s-pomoshchyu-tmux","materials":[],"subCategory":""},{"title":"Развертывание веб-приложений с помощью Zeit Now","originTitle":"Deploy Web Apps with Zeit Now","url":"https://coursehunter.net/course/egghead-zeit-now","materials":[],"subCategory":""}]}