{"title":"VIM","url":"https://coursehunter.net/others/vim","courses":[{"title":"Мастер-класс по Vim","originTitle":"Vim Masterclass","url":"https://coursehunter.net/course/udemy-vim-commands-cheatsheet","materials":[],"subCategory":""},{"title":"Bash, VIM и Regex","originTitle":"Bash, VIM & Regex","url":"https://coursehunter.net/course/frontendmaster-bash-vim-and-regex","materials":[],"subCategory":""},{"title":"Используем VIM","originTitle":"Learn to Use VIM","url":"https://coursehunter.net/course/egghead-learn-to-use-vim","materials":[],"subCategory":""}]}