{"title":"Visual Studio Code","url":"https://coursehunter.net/others/visual-studio-code","courses":[{"title":"Visual Studio Code может так?","originTitle":"Visual Studio Code Can Do That?","url":"https://coursehunter.net/course/visual-studio-code-mozhet-tak","materials":["https://vs3.coursehunter.net/fm-vscode-cdt/lesson1.mp4"],"subCategory":""},{"title":"Visual Studio 2019 Tips & Tricks","originTitle":"Visual Studio 2019 Tips & Tricks","url":"https://coursehunter.net/course/visual-studio-2019-tips-tricks","materials":[],"subCategory":""},{"title":"Супер Пользователь VSCode","originTitle":"VSCode Power User","url":"https://coursehunter.net/course/super-polzovatel-vscode","materials":[],"subCategory":""},{"title":"Visual Studio Code","originTitle":"Visual Studio Code","url":"https://coursehunter.net/course/fm-visual-studio","materials":[],"subCategory":""},{"title":"Visual Studio Code для веб-разработчиков","originTitle":"Visual Studio Code for Web Developers","url":"https://coursehunter.net/course/vstudiocode-for-webdev","materials":[],"subCategory":""}]}