{"title":"Webpack","url":"https://coursehunter.net/others/webpack","courses":[{"title":"Webpack Плагины","originTitle":"Mastering Webpack Plugins","url":"https://coursehunter.net/course/webpack-plaginy","materials":[],"subCategory":""},{"title":"Веб-производительность с Webpack","originTitle":"Web Performance with Webpack","url":"https://coursehunter.net/course/veb-proizvoditelnost-s-webpack","materials":[],"subCategory":""},{"title":"Основы Webpack 4","originTitle":"Webpack 4 Fundamentals","url":"https://coursehunter.net/course/osnovy-webpack-4","materials":[],"subCategory":""},{"title":"Webpack 4: За пределами основ","originTitle":"Webpack 4: Beyond the Basics","url":"https://coursehunter.net/course/webpack-4-za-predelami-osnov","materials":[],"subCategory":""},{"title":"Развертывание веб-приложений с помощью Webpack","originTitle":"Deploying Web Applications with Webpack","url":"https://coursehunter.net/course/razvertyvanie-veb-prilozheniy-s-pomoshchyu-webpack","materials":[],"subCategory":""},{"title":"Знакомство с Webpack 4 (Воркшоп)","originTitle":"Знакомство с Webpack 4","url":"https://coursehunter.net/course/znakomstvo-s-webpack-4-vorkshop","materials":[],"subCategory":""},{"title":"Webpack: транспилинг и бандлинг javascript","originTitle":"Webpack: Transpiling and Bundling JavaScript","url":"https://coursehunter.net/course/webpack-transpiling-i-bandling-javascript","materials":[],"subCategory":""},{"title":"Делаем Webpack проще с POI","originTitle":"Make Webpack Easy with Poi","url":"https://coursehunter.net/course/delaem-webpack-proshche-s-poi","materials":[],"subCategory":""},{"title":"Webpack Loaders, Source Maps, и ES6","originTitle":"Webpack Loaders, Source Maps, and ES6","url":"https://coursehunter.net/course/webpack-loaders-source-maps-i-es6","materials":[],"subCategory":""},{"title":"Использование Webpack в продакшене JavaScript приложений","originTitle":"Using Webpack for Production JavaScript Applications","url":"https://coursehunter.net/course/ispolzovanie-webpack-v-prodakshene-javascript-prilozheniy","materials":[],"subCategory":""},{"title":"Настройка Webpack для React","originTitle":"Setting up Webpack for React","url":"https://coursehunter.net/course/treehouse-react-webpack","materials":[],"subCategory":""},{"title":"Webpack 2: Полное руководство разработчика","originTitle":"Webpack 2: The Complete Developer's Guide (Ангельский)","url":"https://coursehunter.net/course/udemy-webpack-2-complete-dev-guide","materials":[],"subCategory":""},{"title":"Webpack 1 и 2 - Полное руководство","originTitle":"Webpack 1 и 2 - Полное руководство","url":"https://coursehunter.net/course/udemy-webpack1-2","materials":[],"subCategory":""},{"title":"Погружение в Webpack","originTitle":"Webpack Deep Dive (Ангельский)","url":"https://coursehunter.net/course/webpack-deep-dive","materials":[],"subCategory":""},{"title":"Webpack","originTitle":"Webpack","url":"https://coursehunter.net/course/webpack","materials":[],"subCategory":""}]}