{"title":"Uncategorised","url":"https://coursehunter.net/drugoe","courses":[{"title":"Python для Data Science и машинного обучения - Bootcamp","originTitle":"Python for Data Science and Machine Learning Bootcamp","url":"https://coursehunter.net/course/python-dlya-data-science-i-mashinnogo-obucheniya-bootcamp","materials":[],"subCategory":""},{"title":"Полный курс по кибербезопасности: сетевая безопасность!","originTitle":"The Complete Cyber Security Course : Network Security!","url":"https://coursehunter.net/course/polnyy-kurs-po-kiberbezopasnosti-setevaya-bezopasnost","materials":[],"subCategory":""},{"title":"Полный курс по кибербезопасности: анонимный сёрфинг","originTitle":"The Complete Cyber Security Course : Anonymous Browsing!","url":"https://coursehunter.net/course/polnyy-kurs-po-kiberbezopasnosti-anonimnyy-serfing","materials":[],"subCategory":""},{"title":"Полный курс по кибербезопасности: защита конечных точек!","originTitle":"The Complete Cyber Security Course : End Point Protection!","url":"https://coursehunter.net/course/polnyy-kurs-po-kiberbezopasnosti-zashchita-konechnyh-tochek","materials":[],"subCategory":""},{"title":"Практическое руководство по глубокому обучению с TensorFlow 2.0 и Keras","originTitle":"A Practical Guide to Deep Learning with TensorFlow 2.0 and Keras","url":"https://coursehunter.net/course/prakticheskoe-rukovodstvo-po-glubokomu-obucheniyu-s-tensorflow-2-0-i-keras","materials":[],"subCategory":""},{"title":"Пентест. Практика тестирования на проникновение (Часть 1)","originTitle":"Пентест. Практика тестирования на проникновение","url":"https://coursehunter.net/course/pentest-praktika-testirovaniya-na-proniknovenie-chast-1","materials":[],"subCategory":""},{"title":"Полный курс Spark AR: создание 10 эффектов AR для Instagram","originTitle":"The Complete Spark AR Course: Build 10 Instagram AR Effects","url":"https://coursehunter.net/course/polnyy-kurs-spark-ar-sozdanie-10-effektov-ar-dlya-instagram","materials":[],"subCategory":""},{"title":"Проектирование электротехники для строительных проектов","originTitle":"Electrical Engineering Design for MEGA Construction Projects","url":"https://coursehunter.net/course/proektirovanie-elektrotehniki-dlya-stroitelnyh-proektov","materials":[],"subCategory":""},{"title":"Курс Data Science 2019: Bootcamp Data Science","originTitle":"The Data Science Course 2019: Complete Data Science Bootcamp","url":"https://coursehunter.net/course/kurs-data-science-2019-bootcamp-data-science","materials":[],"subCategory":""},{"title":"Как настроить MikroTik за 15 шагов","originTitle":"Как настроить MikroTik за 15 шагов","url":"https://coursehunter.net/course/kak-nastroit-mikrotik-za-15-shagov","materials":[],"subCategory":""},{"title":"Продвинутый мастер-класс по английскому языку. 10 курсов в 1!","originTitle":"English Language Advanced Masterclass ⭐ 10 Courses in 1!","url":"https://coursehunter.net/course/prodvinutyy-master-klass-po-angliyskomu-yazyku-10-kursov-v-1","materials":[],"subCategory":""},{"title":"Мастер-класс для начинающих по английскому языку. 10 курсов в 1!","originTitle":"English Language Beginner Masterclass ⭐️ 10 Courses in 1!","url":"https://coursehunter.net/course/master-klass-dlya-nachinayushchih-po-angliyskomu-yazyku-10-kursov-v-1","materials":[],"subCategory":""},{"title":"Занятия по прохождению технических собеседований","originTitle":"Coding Interview Class","url":"https://coursehunter.net/course/zanyatiya-po-prohozhdeniyu-tehnicheskih-sobesedovaniy","materials":[],"subCategory":""},{"title":"Odoo 9 Разработка - Технические основы","originTitle":"Mastering Odoo 9 Development - Technical Fundamentals","url":"https://coursehunter.net/course/odoo-9-razrabotka-tehnicheskie-osnovy","materials":[],"subCategory":""},{"title":"Архитектор высоких нагрузок","originTitle":"Архитектор высоких нагрузок","url":"https://coursehunter.net/course/arhitektor-vysokih-nagruzok","materials":[],"subCategory":""},{"title":"Сертифицированный корпоративный архитектор - сертификационный тренинг - часть 1","originTitle":"Part 1 Foundation Enterprise Architect Certification Trng","url":"https://coursehunter.net/course/sertificirovannyy-korporativnyy-arhitektor-sertifikacionnyy-trening-chast-1","materials":[],"subCategory":""},{"title":"Сертифицированный корпоративный архитектор -  сертификационный тренинг -  часть 2","originTitle":"Part 2 Certified Enterprise Architect Certification Training","url":"https://coursehunter.net/course/sertificirovannyy-korporativnyy-arhitektor-sertifikacionnyy-trening-chast-2","materials":[],"subCategory":""},{"title":"Архитектура программного обеспечения для Enterprise Architect","originTitle":"Software Architecture for the Enterprise Architect","url":"https://coursehunter.net/course/arhitektura-programmnogo-obespecheniya-dlya-enterprise-architect","materials":[],"subCategory":""},{"title":"ИТ Архитектор - Мастер класс","originTitle":"IT Enterprise Architect: Masterclass","url":"https://coursehunter.net/course/it-arhitektor-master-klass","materials":[],"subCategory":""},{"title":"Bug Bounty Hunting - наступательный подход к охоте за багами","originTitle":"Bug Bounty Hunting - Offensive Approach to Hunt Bugs","url":"https://coursehunter.net/course/bug-bounty-hunting-nastupatelnyy-podhod-k-ohote-za-bagami","materials":[],"subCategory":""},{"title":"UML и объектно-ориентированное проектирование","originTitle":"UML and Object-Oriented Design Foundations","url":"https://coursehunter.net/course/uml-i-obektno-orientirovannoe-proektirovanie","materials":[],"subCategory":""},{"title":"Облачные сервисы (Часть 1)","originTitle":"Облачные сервисы","url":"https://coursehunter.net/course/oblachnye-servisy-chast-1","materials":[],"subCategory":""},{"title":"Математика для Data Science. Продвинутый курс (Часть 1)","originTitle":"Математика для Data Science. Продвинутый курс","url":"https://coursehunter.net/course/matematika-dlya-data-science-prodvinutyy-kurs-chast-1","materials":[],"subCategory":""},{"title":"Machine learning (Часть 1)","originTitle":"Machine learning","url":"https://coursehunter.net/course/machine-learning-chast-1","materials":[],"subCategory":""},{"title":"Изучение немецкого языка: полный курс для начинающих","originTitle":"Learn German Language: Complete German Course - Beginners","url":"https://coursehunter.net/course/izuchenie-nemeckogo-yazyka-polnyy-kurs-dlya-nachinayushchih","materials":[],"subCategory":""},{"title":"Как получить работу в веб-разработке","originTitle":"How to Get a Job in Web Development","url":"https://coursehunter.net/course/kak-poluchit-rabotu-v-veb-razrabotke","materials":[],"subCategory":""},{"title":"Искусство говорения: Скотт Хансельман","originTitle":"he Art of Speaking: Scott Hanselman","url":"https://coursehunter.net/course/iskusstvo-govoreniya-skott-hanselman","materials":[],"subCategory":""},{"title":"Основы говорения","originTitle":"Speaking Fundamentals","url":"https://coursehunter.net/course/osnovy-govoreniya","materials":[],"subCategory":""},{"title":"Продвинутое креативное программивароние: WebGL и Shaders","originTitle":"Advanced Creative Coding: WebGL and Shaders","url":"https://coursehunter.net/course/prodvinutoe-kreativnoe-programmivaronie-webgl-i-shaders","materials":[],"subCategory":""},{"title":"Фрилансер веб-разработчик - Полное Руководство","originTitle":"Becoming a Free Lance Web Developer - The Complete Guide","url":"https://coursehunter.net/course/frilanser-veb-razrabotchik-polnoe-rukovodstvo","materials":[],"subCategory":""},{"title":"Этический взлом: взлом веб-приложений","originTitle":"Ethical Hacking: Hacking Web Applications","url":"https://coursehunter.net/course/eticheskiy-vzlom-vzlom-veb-prilozheniy","materials":[],"subCategory":""},{"title":"Этический взлом: Захват сеанса","originTitle":"Ethical Hacking: Session Hijacking","url":"https://coursehunter.net/course/eticheskiy-vzlom-zahvat-seansa","materials":[],"subCategory":""},{"title":"Введение в JAMStack","originTitle":"Introduction to the JAMStack","url":"https://coursehunter.net/course/vvedenie-v-jamstack","materials":[],"subCategory":""},{"title":"Паттерны в объектно - ориентированном программировании","originTitle":"Паттерны в объектно - ориентированном программировании","url":"https://coursehunter.net/course/patterny-v-obektno-orientirovannom-programmirovanii","materials":[],"subCategory":""},{"title":"Безопасность Linux (Часть 1-2)","originTitle":"Безопасность Linux","url":"https://coursehunter.net/course/bezopasnost-linux-chast-1","materials":[],"subCategory":""},{"title":"Операционные системы - Заключительная часть (4): Файловые системы и потоки","originTitle":"Operating Systems Final Part (4) : File Systems & Threads","url":"https://coursehunter.net/course/operacionnye-sistemy-zaklyuchitelnaya-chast-4-faylovye-sistemy-i-potoki","materials":[],"subCategory":""},{"title":"Нейропластичность: как восстановить мозг","originTitle":"Neuroplasticity: How To Rewire Your Brain","url":"https://coursehunter.net/course/neyroplastichnost-kak-vosstanovit-mozg","materials":[],"subCategory":""},{"title":"Intermediate Английский язык - Мастеркласс - 10 курсов в 1","originTitle":"English Language Intermediate Masterclass ⭐ 10 Courses in 1!","url":"https://coursehunter.net/course/intermediate-angliyskiy-yazyk-masterklass-10-kursov-v-1","materials":[],"subCategory":""},{"title":"Английский для ИТ-специалистов","originTitle":"English for IT Professionals","url":"https://coursehunter.net/course/angliyskiy-dlya-it-specialistov","materials":[],"subCategory":""},{"title":"Asterisk тренинг","originTitle":"Complete Asterisk Training","url":"https://coursehunter.net/course/asterisk-trening","materials":[],"subCategory":""},{"title":"[Книга] Облачные вычисления: теория и практика","originTitle":"Cloud Computing: Theory and Practice","url":"https://coursehunter.net/course/kniga-oblachnye-vychisleniya-teoriya-i-praktika","materials":[],"subCategory":""},{"title":"[Книга] Машинное обучение и безопасность","originTitle":"Machine Learning and Security","url":"https://coursehunter.net/course/kniga-mashinnoe-obuchenie-i-bezopasnost","materials":[],"subCategory":""},{"title":"RabbitMQ: Концепции очереди сообщений от начала до конца","originTitle":"RabbitMQ: Message queue concepts from start to finish","url":"https://coursehunter.net/course/rabbitmq-koncepcii-ocheredi-soobshcheniy-ot-nachala-do-konca","materials":[],"subCategory":""},{"title":"Agile Бизнес анализ","originTitle":"Agile Business Analysis","url":"https://coursehunter.net/course/agile-biznes-analiz","materials":[],"subCategory":""},{"title":"Full Stack HATEOAS: Spring Boot 2.1, ReactJS, Redux","originTitle":"Full Stack HATEOAS: Spring Boot 2.1, ReactJS, Redux","url":"https://coursehunter.net/course/full-stack-hateoas-spring-boot-2-1-reactjs-redux","materials":[],"subCategory":""},{"title":"MAVEN УЧИМ ВМЕСТЕ","originTitle":"MAVEN УЧИМ ВМЕСТЕ","url":"https://coursehunter.net/course/maven-uchim-vmeste","materials":[],"subCategory":""},{"title":"INTELLIJ IDEA УЧИМ ВМЕСТЕ","originTitle":"INTELLIJ IDEA УЧИМ ВМЕСТЕ","url":"https://coursehunter.net/course/intellij-idea-uchim-vmeste","materials":[],"subCategory":""},{"title":"КУРС ПО АНГЛИЙСКОМУ ЯЗЫКУ","originTitle":"КУРС ПО АНГЛИЙСКОМУ ЯЗЫКУ","url":"https://coursehunter.net/course/kurs-po-angliyskomu-yazyku","materials":["https://vs3.coursehunter.net/udemy-englishcourseru/lesson1.mp4","https://vs3.coursehunter.net/udemy-englishcourseru/lesson2.mp4","https://vs3.coursehunter.net/udemy-englishcourseru/lesson3.mp4","https://vs3.coursehunter.net/udemy-englishcourseru/lesson4.mp4","https://vs3.coursehunter.net/udemy-englishcourseru/lesson5.mp4","https://vs3.coursehunter.net/udemy-englishcourseru/lesson6.mp4","https://vs3.coursehunter.net/udemy-englishcourseru/lesson7.mp4","https://vs3.coursehunter.net/udemy-englishcourseru/lesson8.mp4","https://vs3.coursehunter.net/udemy-englishcourseru/lesson9.mp4","https://vs3.coursehunter.net/udemy-englishcourseru/lesson10.mp4","https://vs3.coursehunter.net/udemy-englishcourseru/lesson11.mp4","https://vs3.coursehunter.net/udemy-englishcourseru/lesson12.mp4","https://vs3.coursehunter.net/udemy-englishcourseru/lesson13.mp4","https://vs3.coursehunter.net/udemy-englishcourseru/lesson14.mp4","https://vs3.coursehunter.net/udemy-englishcourseru/lesson15.mp4","https://vs3.coursehunter.net/udemy-englishcourseru/lesson16.mp4","https://vs3.coursehunter.net/udemy-englishcourseru/lesson17.mp4","https://vs3.coursehunter.net/udemy-englishcourseru/lesson18.mp4","https://vs3.coursehunter.net/udemy-englishcourseru/lesson19.mp4","https://vs3.coursehunter.net/udemy-englishcourseru/lesson20.mp4","https://vs3.coursehunter.net/udemy-englishcourseru/lesson21.mp4","https://vs3.coursehunter.net/udemy-englishcourseru/lesson22.mp4","https://vs3.coursehunter.net/udemy-englishcourseru/lesson23.mp4","https://vs3.coursehunter.net/udemy-englishcourseru/lesson24.mp4","https://vs3.coursehunter.net/udemy-englishcourseru/lesson25.mp4","https://vs3.coursehunter.net/udemy-englishcourseru/lesson26.mp4","https://vs3.coursehunter.net/udemy-englishcourseru/lesson27.mp4","https://vs3.coursehunter.net/udemy-englishcourseru/lesson28.mp4","https://vs3.coursehunter.net/udemy-englishcourseru/lesson29.mp4","https://vs3.coursehunter.net/udemy-englishcourseru/lesson30.mp4","https://vs3.coursehunter.net/udemy-englishcourseru/lesson31.mp4","https://vs3.coursehunter.net/udemy-englishcourseru/lesson32.mp4","https://vs3.coursehunter.net/udemy-englishcourseru/lesson33.mp4","https://vs3.coursehunter.net/udemy-englishcourseru/lesson34.mp4","https://vs3.coursehunter.net/udemy-englishcourseru/lesson35.mp4","https://vs3.coursehunter.net/udemy-englishcourseru/lesson36.mp4","https://vs3.coursehunter.net/udemy-englishcourseru/lesson37.mp4","https://vs3.coursehunter.net/udemy-englishcourseru/lesson38.mp4","https://vs3.coursehunter.net/udemy-englishcourseru/lesson39.mp4"],"subCategory":""},{"title":"Вредоносный код и угрозы","originTitle":"Malicious Code and Threats","url":"https://coursehunter.net/course/vredonosnyy-kod-i-ugrozy","materials":[],"subCategory":""},{"title":"Контроль доступа и управление идентификацией","originTitle":"Access Control and Identity Management","url":"https://coursehunter.net/course/kontrol-dostupa-i-upravlenie-identifikaciey","materials":[],"subCategory":""},{"title":"Безопасность операций","originTitle":"Security Operations","url":"https://coursehunter.net/course/bezopasnost-operaciy","materials":[],"subCategory":""},{"title":"Безопасное проектирование сетей","originTitle":"Secure Network Design","url":"https://coursehunter.net/course/bezopasnoe-proektirovanie-setey","materials":[],"subCategory":""},{"title":"Связь и сетевая безопасность","originTitle":"Communications and Network Security","url":"https://coursehunter.net/course/svyaz-i-setevaya-bezopasnost","materials":[],"subCategory":""},{"title":"Физическая безопасность","originTitle":"Physical Security","url":"https://coursehunter.net/course/fizicheskaya-bezopasnost","materials":[],"subCategory":""},{"title":"Приложения криптографии","originTitle":"Cryptography Application","url":"https://coursehunter.net/course/prilozheniya-kriptografii","materials":[],"subCategory":""},{"title":"Управление безопасностью и фреймворки управления","originTitle":"Security Controls and Control Frameworks","url":"https://coursehunter.net/course/upravlenie-bezopasnostyu-i-freymvorki-upravleniya","materials":[],"subCategory":""},{"title":"Оценка и управление рисками","originTitle":"Risk Assessment and Management","url":"https://coursehunter.net/course/ocenka-i-upravlenie-riskami","materials":[],"subCategory":""},{"title":"Управление непрерывностью бизнеса","originTitle":"Business Continuity Management","url":"https://coursehunter.net/course/upravlenie-nepreryvnostyu-biznesa","materials":[],"subCategory":""},{"title":"Классификация информации","originTitle":"Information Classification","url":"https://coursehunter.net/course/klassifikaciya-informacii","materials":[],"subCategory":""},{"title":"Управление безопасностью","originTitle":"Security Management","url":"https://coursehunter.net/course/upravlenie-bezopasnostyu","materials":[],"subCategory":""},{"title":"Подготовка к сертификационному экзамену (ISC) 2®","originTitle":"Preparing for an (ISC)2® Certification Exam","url":"https://coursehunter.net/course/podgotovka-k-sertifikacionnomu-ekzamenu-isc-2","materials":[],"subCategory":""},{"title":"Основы UML","originTitle":"UML Fundamentals","url":"https://coursehunter.net/course/osnovy-uml","materials":[],"subCategory":""},{"title":"Tensorflow 2.0: глубокое обучение и искусственный интеллект","originTitle":"Tensorflow 2.0: Deep Learning and Artificial Intelligence","url":"https://coursehunter.net/course/tensorflow-2-0-glubokoe-obuchenie-i-iskusstvennyy-intellekt","materials":[],"subCategory":""},{"title":"Изучите Node Red программирование за 48 часов","originTitle":"Learn Node Red Programming in 48 Hours","url":"https://coursehunter.net/course/izuchite-node-red-programmirovanie-za-48-chasov","materials":[],"subCategory":""},{"title":"Предпринимательство","originTitle":"Entrepreneurially","url":"https://coursehunter.net/course/predprinimatelstvo","materials":[],"subCategory":""},{"title":"Структуры данных и алгоритмы: часть 2","originTitle":"The Ultimate Data Structures & Algorithms: Part 2","url":"https://coursehunter.net/course/struktury-dannyh-i-algoritmy-chast-2","materials":[],"subCategory":""},{"title":"Рефакторинг как системный подход","originTitle":"Рефакторинг как системный подход","url":"https://coursehunter.net/course/refaktoring-kak-sistemnyy-podhod","materials":[],"subCategory":""},{"title":"[Книга] [Шоттс У.] Командная строка Linux. Полное руководство. 2-е межд. изд.","originTitle":"Командная строка Linux. Полное руководство. 2-е межд. изд.","url":"https://coursehunter.net/course/kniga-shotts-u-komandnaya-stroka-linux-polnoe-rukovodstvo-2-e-mezhd-izd","materials":[],"subCategory":""},{"title":"PyTorch для Deep Learning с Python Bootcamp","originTitle":"PyTorch for Deep Learning with Python Bootcamp","url":"https://coursehunter.net/course/pytorch-dlya-deep-learning-s-python-bootcamp","materials":[],"subCategory":""},{"title":"Perl для начинающих: Написания скриптов на Perl от А до Я","originTitle":"Perl for Beginners: Learn A to Z of Perl Scripting Hands-on","url":"https://coursehunter.net/course/perl-dlya-nachinayushchih-napisaniya-skriptov-na-perl-ot-a-do-ya","materials":[],"subCategory":""},{"title":"Изучите OAuth 2.0 - начните как эксперт по безопасности API","originTitle":"Learn OAuth 2.0 - Get started as an API Security Expert","url":"https://coursehunter.net/course/izuchite-oauth-2-0-nachnite-kak-ekspert-po-bezopasnosti-api","materials":[],"subCategory":""},{"title":"Ensemble Machine Learning в Python: Random Forest, AdaBoost","originTitle":"Ensemble Machine Learning in Python: Random Forest, AdaBoost","url":"https://coursehunter.net/course/ensemble-machine-learning-v-python-random-forest-adaboost","materials":[],"subCategory":""},{"title":"Data Science и Machine Learning Bootcamp с R","originTitle":"Data Science and Machine Learning Bootcamp with R","url":"https://coursehunter.net/course/data-science-i-machine-learning-bootcamp-s-r","materials":[],"subCategory":""},{"title":"АДМИНИСТРАТОР 1С V1.8","originTitle":"АДМИНИСТРАТОР 1С V1.8","url":"https://coursehunter.net/course/administrator-1s-v1-8","materials":[],"subCategory":""},{"title":"Tech Interview Pro","originTitle":"Tech Interview Pro","url":"https://coursehunter.net/course/tech-interview-pro","materials":[],"subCategory":""},{"title":"Овладейте искусством динамического программирования","originTitle":"Master the art of Dynamic Programming","url":"https://coursehunter.net/course/ovladeyte-iskusstvom-dinamicheskogo-programmirovaniya","materials":[],"subCategory":""},{"title":"Динамическое программирование","originTitle":"Dynamic Programming - I","url":"https://coursehunter.net/course/dinamicheskoe-programmirovanie","materials":[],"subCategory":""},{"title":"Машинное обучение от А до я™: практический Python и R в Data Science","originTitle":"Machine Learning A-Z™: Hands-On Python & R In Data Science","url":"https://coursehunter.net/course/mashinnoe-obuchenie-ot-a-do-ya-prakticheskiy-python-i-r-v-data-science","materials":[],"subCategory":""},{"title":"Мастер в DevOps: Docker Kubernetes Jenkins GIT CI Pipeline","originTitle":"Master in DevOps : Docker Kubernetes Jenkins GIT CI Pipeline","url":"https://coursehunter.net/course/master-v-devops-docker-kubernetes-jenkins-git-ci-pipeline","materials":[],"subCategory":""},{"title":"Sound Design для Анимаций","originTitle":"Sound Design for Animation","url":"https://coursehunter.net/course/sound-design-dlya-animaciy","materials":[],"subCategory":""},{"title":"Реверс-инжиниринг","originTitle":"Реверс-инжиниринг","url":"https://coursehunter.net/course/revers-inzhiniring","materials":[],"subCategory":""},{"title":"Как создать маркетинговый план в PowerPoint","originTitle":"How to Build a PowerPoint Marketing Plan","url":"https://coursehunter.net/course/kak-sozdat-marketingovyy-plan-v-powerpoint","materials":[],"subCategory":""},{"title":"Лучшие практики для отображения ошибок в форме","originTitle":"Best Practices for Displaying Form Errors","url":"https://coursehunter.net/course/luchshie-praktiki-dlya-otobrazheniya-oshibok-v-forme","materials":[],"subCategory":""},{"title":"Изучите Keynote: 15 практических советов","originTitle":"Master Keynote: 15 Essential Tips","url":"https://coursehunter.net/course/izuchite-keynote-15-prakticheskih-sovetov","materials":[],"subCategory":""},{"title":"Поднимите свои презентации на новый уровень с Reveal.js","originTitle":"Take Your Presentations to the Next Level With Reveal.js","url":"https://coursehunter.net/course/podnimite-svoi-prezentacii-na-novyy-uroven-s-reveal-js","materials":[],"subCategory":""},{"title":"Руководство для веб-дизайнеров по WebP формату изображений","originTitle":"A Web Designer’s Guide to the WebP Image Format","url":"https://coursehunter.net/course/rukovodstvo-dlya-veb-dizaynerov-po-webp-formatu-izobrazheniy","materials":[],"subCategory":""},{"title":"Изучите PowerPoint: 15 практических советов","originTitle":"Master PowerPoint: 15 Essential Tips","url":"https://coursehunter.net/course/izuchite-powerpoint-15-prakticheskih-sovetov","materials":[],"subCategory":""},{"title":"Настройка шаблона с VisBug","originTitle":"Customize a Template With VisBug","url":"https://coursehunter.net/course/nastroyka-shablona-s-visbug","materials":[],"subCategory":""},{"title":"VisBug Быстрый старт","originTitle":"VisBug Quick Start","url":"https://coursehunter.net/course/visbug-bystryy-start","materials":[],"subCategory":""},{"title":"Начало работы с Elasticsearch","originTitle":"Get Started with Elasticsearch","url":"https://coursehunter.net/course/nachalo-raboty-s-elasticsearch","materials":[],"subCategory":""},{"title":"Создайте свой собственный язык программирования","originTitle":"Build Your Own Programming Language","url":"https://coursehunter.net/course/sozdayte-svoy-sobstvennyy-yazyk-programmirovaniya","materials":[],"subCategory":""},{"title":"Linux Mastery: Изучите командную строку Linux за 11.5 часов","originTitle":"Linux Mastery: Master the Linux Command Line in 11.5 Hours","url":"https://coursehunter.net/course/linux-mastery-izuchite-komandnuyu-stroku-linux-za-11-5-chasov","materials":[],"subCategory":""},{"title":"Как создать сайт для членов/подписчиков за 1 день с помощью Kajabi","originTitle":"How to Create a Membership Site in 1 Day Using Kajabi","url":"https://coursehunter.net/course/kak-sozdat-sayt-dlya-chlenov-podpischikov-za-1-den-s-pomoshchyu-kajabi","materials":[],"subCategory":""},{"title":"Создание Shopify тем с нуля","originTitle":"Building Shopify Themes From Scratch","url":"https://coursehunter.net/course/sozdanie-shopify-tem-s-nulya","materials":[],"subCategory":""},{"title":"Основы облачной миграции","originTitle":"Cloud Migration Fundamentals","url":"https://coursehunter.net/course/osnovy-oblachnoy-migracii","materials":[],"subCategory":""},{"title":"Отказоустойчивый кластер с PROXMOX и CEPH","originTitle":"High Availability cluster with PROXMOX and CEPH","url":"https://coursehunter.net/course/otkazoustoychivyy-klaster-s-proxmox-i-ceph","materials":[],"subCategory":""},{"title":"Методологии управления проектами. Вступление в SCRUM","originTitle":"Методологии управления проектами. Вступление в SCRUM","url":"https://coursehunter.net/course/metodologii-upravleniya-proektami-vstuplenie-v-scrum","materials":[],"subCategory":""},{"title":"Сертифицированный специалист по безопасности информационных систем (CISSP)","originTitle":"Certified Information Systems Security Professional (CISSP)","url":"https://coursehunter.net/course/sertificirovannyy-specialist-po-bezopasnosti-informacionnyh-sistem-cissp","materials":[],"subCategory":""},{"title":"[Книга] Погружение в рефакторинг [ENG]","originTitle":"Dive Into REFACTORING","url":"https://coursehunter.net/course/kniga-pogruzhenie-v-refaktoring","materials":[],"subCategory":""},{"title":"Сертификационный экзамен CompTIA Linux + XK0-004","originTitle":"CompTIA Linux+ XK0-004 Certification Exam","url":"https://coursehunter.net/course/sertifikacionnyy-ekzamen-comptia-linux-xk0-004","materials":[],"subCategory":""},{"title":"Elixir для программистов","originTitle":"Elixir for Programmers","url":"https://coursehunter.net/course/elixir-dlya-programmistov","materials":[],"subCategory":""},{"title":"Redis - основы и практическое использование","originTitle":"Redis - основы и практическое использование","url":"https://coursehunter.net/course/redis-osnovy-i-prakticheskoe-ispolzovanie","materials":[],"subCategory":""},{"title":"Руководитель разработки. Часть 1-4 из 4","originTitle":"Руководитель разработки","url":"https://coursehunter.net/course/rukovoditel-razrabotki-chast-1-iz-5","materials":[],"subCategory":""},{"title":"[Книга] Соло (В одиночку) + Видео","originTitle":"Going Solo","url":"https://coursehunter.net/course/solo-v-odinochku","materials":[],"subCategory":""},{"title":"[Книга] Справочник Самозванца + Видео","originTitle":"The Imposter's Handbook (Season 1, Season 2, + Video)","url":"https://coursehunter.net/course/spravochnik-samozvanca","materials":[],"subCategory":""},{"title":"[Книга] Миссия: Собеседование + Видео","originTitle":"Mission: Interview (PDF + Video)","url":"https://coursehunter.net/course/missiya-sobesedovanie","materials":[],"subCategory":""},{"title":"Excel c 0 до PRO","originTitle":"Образовательный онлайн-курс: Excel c 0 до PRO","url":"https://coursehunter.net/course/excel-c-0-do-pro","materials":[],"subCategory":""},{"title":"Деревья и графы в глубине","originTitle":"Trees and Graphs In-Depth","url":"https://coursehunter.net/course/derevya-i-grafy-v-glubine","materials":[],"subCategory":""},{"title":"Автоматизируйте ежедневные задачи разработки с помощью Bash","originTitle":"Automate Daily Development Tasks with Bash","url":"https://coursehunter.net/course/avtomatiziruyte-ezhednevnye-zadachi-razrabotki-s-pomoshchyu-bash","materials":[],"subCategory":""},{"title":"Продвнутая Bash автоматизация для веб-разработчиков","originTitle":"Advanced Bash Automation for Web Developers","url":"https://coursehunter.net/course/prodvnutaya-bash-avtomatizaciya-dlya-veb-razrabotchikov","materials":[],"subCategory":""},{"title":"Solid принципы объектно-ориентированного проектирования и архитектуры","originTitle":"SOLID Principles of Object-Oriented Design and Architecture","url":"https://coursehunter.net/course/solid-principy-obektno-orientirovannogo-proektirovaniya-i-arhitektury","materials":[],"subCategory":""},{"title":"Продвинутый Redux","originTitle":"Advanced Redux","url":"https://coursehunter.net/course/prodvinutyy-redux","materials":[],"subCategory":""},{"title":"Code School: On Fire with Phoenix","originTitle":"Code School: On Fire with Phoenix","url":"https://coursehunter.net/course/code-school-on-fire-with-phoenix","materials":[],"subCategory":""},{"title":"CQRS на практике","originTitle":"CQRS in Practice","url":"https://coursehunter.net/course/cqrs-na-praktike","materials":[],"subCategory":""},{"title":"Лучшие практики доставки баз данных","originTitle":"Database Delivery Best Practices","url":"https://coursehunter.net/course/luchshie-praktiki-dostavki-baz-dannyh","materials":[],"subCategory":""},{"title":"Библиотека шаблонов проектирования","originTitle":"Design Patterns Library","url":"https://coursehunter.net/course/biblioteka-shablonov-proektirovaniya","materials":[],"subCategory":""},{"title":"Domain-Driven Design на практике","originTitle":"Domain-Driven Design in Practice","url":"https://coursehunter.net/course/domain-driven-design-na-praktike","materials":[],"subCategory":""},{"title":"Domain-Driven Design: работа с устаревшими проектами","originTitle":"Domain-Driven Design: Working with Legacy Projects","url":"https://coursehunter.net/course/domain-driven-design-rabota-s-ustarevshimi-proektami","materials":[],"subCategory":""},{"title":"Начало работы с Phoenix","originTitle":"Getting Started with Phoenix","url":"https://coursehunter.net/course/nachalo-raboty-s-phoenix","materials":[],"subCategory":""},{"title":"Рефакторинг от Anemic Domain Model в Rich","originTitle":"Refactoring from Anemic Domain Model Towards a Rich One","url":"https://coursehunter.net/course/refaktoring-ot-anemic-domain-model-v-rich","materials":[],"subCategory":""},{"title":"Sound Design c Cubase","originTitle":"Sound Design with Cubase","url":"https://coursehunter.net/course/sound-design-c-cubase","materials":[],"subCategory":""},{"title":"AlgoExpert | Станьте экспертом по алгоритмам","originTitle":"AlgoExpert | Become an Algorithms Expert","url":"https://coursehunter.net/course/algoexpert-stante-ekspertom-po-algoritmam","materials":[],"subCategory":""},{"title":"Введение в CQRS и Event Sourcing","originTitle":"Introduction to CQRS and Event Sourcing","url":"https://coursehunter.net/course/vvedenie-v-cqrs-i-event-sourcing","materials":[],"subCategory":""},{"title":"Стать менеджером по продукту | Изучите навыки и получите работу","originTitle":"Become a Product Manager | Learn the Skills & Get the Job","url":"https://coursehunter.net/course/stat-menedzherom-po-produktu-izuchite-navyki-i-poluchite-rabotu","materials":[],"subCategory":""},{"title":"Чистый код и рефакторинг","originTitle":"Clean Coding and Refactoring","url":"https://coursehunter.net/course/chistyy-kod-i-refaktoring","materials":[],"subCategory":""},{"title":"Видеокурс ВЗЛОМ 2019","originTitle":"Видеокурс ВЗЛОМ 2019","url":"https://coursehunter.net/course/videokurs-vzlom-2019","materials":[],"subCategory":""},{"title":"Автоматизация сборки проектов с помощью Apache Maven","originTitle":"Автоматизация сборки проектов с помощью Apache Maven","url":"https://coursehunter.net/course/avtomatizaciya-sborki-proektov-s-pomoshchyu-apache-maven","materials":[],"subCategory":""},{"title":"Алгоритмы для разработчиков (Часть 1-4)","originTitle":"Алгоритмы для разработчиков","url":"https://coursehunter.net/course/algoritmy-dlya-razrabotchikov-chast-1","materials":[],"subCategory":""},{"title":"Proxmox VE 5","originTitle":"Proxmox VE 5","url":"https://coursehunter.net/course/proxmox-ve-5","materials":[],"subCategory":""},{"title":"Скрам за 60 минут! Agile Scrum с нуля до Scrum Master","originTitle":"Скрам за 60 минут! Agile Scrum с нуля до Scrum Master","url":"https://coursehunter.net/course/skram-za-60-minut-agile-scrum-s-nulya-do-scrum-master","materials":[],"subCategory":""},{"title":"Цифровая подпись в ИБ. Часть 2 из 3","originTitle":"Цифровая подпись в ИБ","url":"https://coursehunter.net/course/cifrovaya-podpis-v-ib-chast-1","materials":[],"subCategory":""},{"title":"Protocol Buffers 3 - Полное руководство [Java, Golang, Python]","originTitle":"Complete Guide to Protocol Buffers 3 [Java, Golang, Python]","url":"https://coursehunter.net/course/protocol-buffers-3-polnoe-rukovodstvo-java-golang-python","materials":[],"subCategory":""},{"title":"Linux Bash Shell Scripting - Полное Руководство (Включая AWK и SED)","originTitle":"Linux Bash Shell Scripting: Complete Guide (incl. AWK & SED)","url":"https://coursehunter.net/course/linux-bash-shell-scripting-polnoe-rukovodstvo-vklyuchaya-awk-i-sed","materials":[],"subCategory":""},{"title":"Deep Learning Engineer. Часть 1","originTitle":"Deep Learning Engineer","url":"https://coursehunter.net/course/deep-learning-engineer-chast-1","materials":[],"subCategory":""},{"title":"Машинное обучение от А до Я: станьте мастером Kaggle","originTitle":"Machine Learning A-Z : Become Kaggle Master","url":"https://coursehunter.net/course/mashinnoe-obuchenie-ot-a-do-ya-stante-masterom-kaggle","materials":[],"subCategory":""},{"title":"[Книга] Refactoring UI - Complete Package + Видео [Updated FEB 2019]","originTitle":"Refactoring UI - Complete Package","url":"https://coursehunter.net/course/kniga-refactoring-ui-complete-package-video","materials":[],"subCategory":""},{"title":"Регулярные выражения","originTitle":"Регулярные выражения","url":"https://coursehunter.net/course/regulyarnye-vyrazheniya","materials":[],"subCategory":""},{"title":"Структура и интерпретация компьютерных программ","originTitle":"Структура и интерпретация компьютерных программ","url":"https://coursehunter.net/course/struktura-i-interpretaciya-kompyuternyh-programm","materials":[],"subCategory":""},{"title":"Как стать программистом?","originTitle":"Как стать программистом?","url":"https://coursehunter.net/course/kak-stat-programmistom","materials":[],"subCategory":""},{"title":"Как создать Slack бота для автоматизации задач","originTitle":"How to create a Slack bot to automate tasks for you","url":"https://coursehunter.net/course/kak-sozdat-slack-bota-dlya-avtomatizacii-zadach","materials":[],"subCategory":""},{"title":"Начните торговать с помощью технического анализа! Часть 2","originTitle":"Start Trading Stocks Using Technical Analysis! Part 2","url":"https://coursehunter.net/course/nachnite-torgovat-s-pomoshchyu-tehnicheskogo-analiza-chast-2","materials":[],"subCategory":""},{"title":"Финансовый аналитик 2018: Полное руководство","originTitle":"The Complete Financial Analyst Course 2018","url":"https://coursehunter.net/course/finansovyy-analitik-2018-polnoe-rukovodstvo","materials":[],"subCategory":""},{"title":"Основы микросервисов","originTitle":"Microservices Fundamentals","url":"https://coursehunter.net/course/osnovy-mikroservisov","materials":[],"subCategory":""},{"title":"Веб-разработчик 2019: с Нуля до Мастера","originTitle":"The Complete Web Developer in 2019: Zero to Mastery","url":"https://coursehunter.net/course/veb-razrabotchik-2018-s-nulya-do-mastera","materials":[],"subCategory":""},{"title":"Структуры данных + Алгоритмы: Подготовка к собеседованию","originTitle":"Master the Coding Interview: Data Structures + Algorithms","url":"https://coursehunter.net/course/struktury-dannyh-algoritmy-podgotovka-k-sobesedovaniyu","materials":[],"subCategory":""},{"title":"[Книга] Глубокое обучение с нуля (Zero to Deep Learning)","originTitle":"Zero to Deep Learning","url":"https://coursehunter.net/course/kniga-glubokoe-obuchenie-s-nulya-zero-to-deep-learning","materials":[],"subCategory":""},{"title":"AR-разработчик. Онлайн-курс по дополненной реальности","originTitle":"AR-разработчик. Онлайн-курс по дополненной реальности.","url":"https://coursehunter.net/course/ar-razrabotchik-onlayn-kurs-po-dopolnennoy-realnosti","materials":[],"subCategory":""},{"title":"Мастер-класс по Apache Kafka и RabbitMQ","originTitle":"Мастер-класс по Apache Kafka и RabbitMQ","url":"https://coursehunter.net/course/master-klass-po-apache-kafka-i-rabbitmq","materials":[],"subCategory":""},{"title":"Знакомство с API ВКонтакте от Тарасова Алексея","originTitle":"Знакомство с API ВКонтакте от Тарасова Алексея","url":"https://coursehunter.net/course/znakomstvo-s-api-vkontakte-ot-tarasova-alekseya","materials":[],"subCategory":""},{"title":"Изучи Redis: Полный курс по Redis","originTitle":"Master Redis: A Complete Course on Redis","url":"https://coursehunter.net/course/izuchi-redis-polnyy-kurs-po-redis","materials":[],"subCategory":""},{"title":"Data Scientist. 4 Части из 5","originTitle":"Data Scientist. 4 Части из 5","url":"https://coursehunter.net/course/data-scientist-chast-1-iz-5","materials":[],"subCategory":""},{"title":"Data Scientist","originTitle":"Программа обучения Data Scientist","url":"https://coursehunter.net/course/data-scientist","materials":[],"subCategory":""},{"title":"Основы программирования и баз данных","originTitle":"Основы программирования и баз данных","url":"https://coursehunter.net/course/osnovy-programmirovaniya-i-baz-dannyh","materials":[],"subCategory":""},{"title":"Квантовые технологии","originTitle":"Квантовые технологии","url":"https://coursehunter.net/course/kvantovye-tehnologii","materials":[],"subCategory":""},{"title":"VR-разработчик. Разработки VR-приложения: от идеи до монетизации","originTitle":"VR-разработчик. Разработки VR-приложения: от идеи до монетизации","url":"https://coursehunter.net/course/vr-razrabotchik-razrabotki-vr-prilozheniya-ot-idei-do-monetizacii","materials":[],"subCategory":""},{"title":"Онлайн курс-интенсив «Развитие памяти и внимания»","originTitle":"Онлайн курс-интенсив «Развитие памяти и внимания»","url":"https://coursehunter.net/course/onlayn-kurs-intensiv-razvitie-pamyati-i-vnimaniya","materials":[],"subCategory":""},{"title":"Веб-скрапинг используя PhantomJS и CasperJS","originTitle":"Scrape Websites using PhantomJS and CasperJS","url":"https://coursehunter.net/course/veb-skraping-ispolzuya-phantomjs-i-casperjs","materials":[],"subCategory":""},{"title":"Веб-хакинг: станьте профессиональным пен-тестером","originTitle":"Web Hacking: Become a Professional Web Pentester","url":"https://coursehunter.net/course/veb-haking-stante-professionalnym-pen-testerom","materials":[],"subCategory":""},{"title":"Основы работы с большими данными: Data Science Orientation","originTitle":"Основы работы с большими данными: Data Science Orientation (2018)","url":"https://coursehunter.net/course/osnovy-raboty-s-bolshimi-dannymi-data-science-orientation","materials":[],"subCategory":""},{"title":"Курс ардуино (Arduino) ; Практический курс","originTitle":"Курс ардуино (Arduino) ; Практический курс","url":"https://coursehunter.net/course/kurs-arduino-arduino-prakticheskiy-kurs","materials":[],"subCategory":""},{"title":"Разработка Чат-бота (Магазин)","originTitle":"Разработка Чат-бота (Магазин)","url":"https://coursehunter.net/course/razrabotka-chat-bota-magazin","materials":[],"subCategory":""},{"title":"Гарри Каспаров учит игры в шахматы | Мастер класс","originTitle":"Garry Kasparov Teaches Chess | MasterClass","url":"https://coursehunter.net/course/garri-kasparov-uchit-igry-v-shahmaty-masterklass","materials":[],"subCategory":""},{"title":"Основы Nginx: высокопроизводительные сервера от А до Я","originTitle":"Nginx Fundamentals: High Performance Servers from Scratch","url":"https://coursehunter.net/course/osnovy-nginx-vysokoproizvoditelnye-servera-ot-a-do-ya","materials":[],"subCategory":""},{"title":"Введение в WebRTC","originTitle":"Introduction to WebRTC","url":"https://coursehunter.net/course/vvedenie-v-webrtc","materials":[],"subCategory":""},{"title":"Сэмюэл Л. Джексон учит играть | Мастер клас","originTitle":"Samuel L. Jackson Teaches Acting | MasterClass","url":"https://coursehunter.net/course/semyuel-l-dzhekson-uchit-igrat-master-klas","materials":[],"subCategory":""},{"title":"Armin van Buuren учит танцевальной музыке | Мастер класс","originTitle":"Armin van Buuren Teaches Dance Music | MasterClass","url":"https://coursehunter.net/course/armin-van-buuren-uchit-tancevalnoy-muzyke-master-klass","materials":[],"subCategory":""},{"title":"Google Material Design для WPF разработчика","originTitle":"Google Material Design для WPF разработчика","url":"https://coursehunter.net/course/google-material-design-dlya-wpf-razrabotchika","materials":[],"subCategory":""},{"title":"Введение в Project Management","originTitle":"Введение в Project Management","url":"https://coursehunter.net/course/vvedenie-v-project-management","materials":[],"subCategory":""},{"title":"Сбор требований и разработка технического задания для ИТ проектов","originTitle":"Сбор требований и разработка технического задания для ИТ проектов","url":"https://coursehunter.net/course/sbor-trebovaniy-i-razrabotka-tehnicheskogo-zadaniya-dlya-it-proektov","materials":[],"subCategory":""},{"title":"Data Science. Уровень 3. Масштабируемые решения","originTitle":"Data Science. Уровень 3. Масштабируемые решения","url":"https://coursehunter.net/course/data-science-uroven-3-masshtabiruemye-resheniya","materials":[],"subCategory":""},{"title":"Nodebots / Hardware","originTitle":"Nodebots / Hardware","url":"https://coursehunter.net/course/nodebots-hardware","materials":[],"subCategory":""},{"title":"Pазработчик BigData. 4 Части из 5","originTitle":"Pазработчик BigData","url":"https://coursehunter.net/course/pazrabotchik-bigdata-chast-1-iz-5","materials":[],"subCategory":""},{"title":"Data Science. Уровень 2. Применение машинного обучения","originTitle":"Data Science. Level 2. Applied Machine Learning","url":"https://coursehunter.net/course/data-science-uroven-2-primenenie-mashinnogo-obucheniya","materials":[],"subCategory":""},{"title":"Полное введение в веб-разработку, v2","originTitle":"Complete Intro to Web Development, v2","url":"https://coursehunter.net/course/vvedenie-v-veb-razrabotku","materials":[],"subCategory":""},{"title":"Администратор Linux","originTitle":"Администратор Linux","url":"https://coursehunter.net/course/administrator-linux","materials":[],"subCategory":""},{"title":"Экспертный этический взлом и Python","originTitle":"Expert Ethical Hacking And Python","url":"https://coursehunter.net/course/ekspertnyy-eticheskiy-vzlom-i-python","materials":[],"subCategory":""},{"title":"WebVR","originTitle":"WebVR","url":"https://coursehunter.net/course/webvr","materials":[],"subCategory":""},{"title":"Протокол HTTP","originTitle":"Протокол HTTP","url":"https://coursehunter.net/course/protokol-http","materials":[],"subCategory":""},{"title":"API Telegram","originTitle":"API Telegram","url":"https://coursehunter.net/course/api-telegram","materials":[],"subCategory":""},{"title":"Linux: Пользователи","originTitle":"Linux: Пользователи","url":"https://coursehunter.net/course/linux-polzovateli","materials":[],"subCategory":""},{"title":"Data Science, Deep Learning и Machine Learning с Python","originTitle":"Data Science, Deep Learning, & Machine Learning with Python","url":"https://coursehunter.net/course/data-science-deep-learning-i-machine-learning-s-python","materials":[],"subCategory":""},{"title":"UWP Community Toolkit Basic","originTitle":"UWP Community Toolkit Basic","url":"https://coursehunter.net/course/uwp-community-toolkit-basic","materials":[],"subCategory":""},{"title":"Data Science и машинное обучение с R","originTitle":"Data Science and Machine Learning Bootcamp with R","url":"https://coursehunter.net/course/data-science-i-mashinnoe-obuchenie-s-r","materials":[],"subCategory":""},{"title":"Jenkins Bootcamp: Полностью автоматизируем сборку","originTitle":"Jenkins Bootcamp: Fully Automate Builds Through Deployment","url":"https://coursehunter.net/course/jenkins-bootcamp-polnostyu-avtomatiziruem-sborku","materials":[],"subCategory":""},{"title":"Classic Season 5","originTitle":"Classic Season 5","url":"https://coursehunter.net/course/classic-season-5","materials":[],"subCategory":""},{"title":"Концепции и инструменты непрерывной интеграции","originTitle":"Continuous Integration concepts and tools","url":"https://coursehunter.net/course/koncepcii-i-instrumenty-nepreryvnoy-integracii","materials":[],"subCategory":""},{"title":"Полный курс по кибербезопасности: взломайте хакеров!","originTitle":"The Complete Cyber Security Course : Hackers Exposed!","url":"https://coursehunter.net/course/polnyy-kurs-po-kiberbezopasnosti-vzlomite-hakerov","materials":[],"subCategory":""},{"title":"Classic Season 4","originTitle":"Classic Season 4","url":"https://coursehunter.net/course/classic-season-4","materials":[],"subCategory":""},{"title":"Classic Season 3","originTitle":"Classic Season 3","url":"https://coursehunter.net/course/classic-season-3","materials":[],"subCategory":""},{"title":"Classic Season 2","originTitle":"Classic Season 2","url":"https://coursehunter.net/course/classic-season-2","materials":[],"subCategory":""},{"title":"Веб-производительность","originTitle":"Web Performance / JavaScript Performance","url":"https://coursehunter.net/course/veb-proizvoditelnost","materials":[],"subCategory":""},{"title":"Classic Season 1","originTitle":"Classic Season 1","url":"https://coursehunter.net/course/classic-season-1","materials":[],"subCategory":""},{"title":"Контент-стратегия","originTitle":"Content Strategy","url":"https://coursehunter.net/course/kontent-strategiya","materials":[],"subCategory":""},{"title":"Серия скринкастов \"Вычисления\"","originTitle":"Computation","url":"https://coursehunter.net/course/seriya-skrinkastov-vychisleniya","materials":[],"subCategory":""},{"title":"Курс информатики за 6 часов - Часть 2","originTitle":"Four Semesters of Computer Science in Six Hours 2","url":"https://coursehunter.net/course/kurs-informatiki-za-6-chasov-chast-2","materials":[],"subCategory":""},{"title":"Полный курс Salesforce Visual Workflow","originTitle":"Salesforce Visual Workflow Complete course","url":"https://coursehunter.net/course/polnyy-kurs-salesforce-visual-workflow","materials":[],"subCategory":""},{"title":"DevOps: практики и инструменты. (5 частей из 5)","originTitle":"DevOps: практики и инструменты","url":"https://coursehunter.net/course/devops-praktiki-i-instrumenty-chast-1-iz-5","materials":[],"subCategory":""},{"title":"Платформа Salesforce: Сертификация App Builder Developer 401","originTitle":"Salesforce Platform App Builder Developer 401 Certification","url":"https://coursehunter.net/course/platforma-salesforce-sertifikaciya-app-builder-developer-401","materials":[],"subCategory":""},{"title":"Видеокурс \"S7-TECHN\"","originTitle":"Видеокурс \"S7-TECHN\"","url":"https://coursehunter.net/course/videokurs-s7-techn","materials":[],"subCategory":""},{"title":"Как бороться с порно наркоманией - Брось порно и мастурбацию","originTitle":"How to Deal with Porn Addiction - Quit Porn and Masturbation","url":"https://coursehunter.net/course/kak-borotsya-s-porno-narkomaniey-bros-porno-i-masturbaciyu","materials":[],"subCategory":""},{"title":"Структуры данных и Алгоритмический трейдинг: машинное обучение","originTitle":"Data Structures and Algorithmic Trading: Machine Learning","url":"https://coursehunter.net/course/struktury-dannyh-i-algoritmicheskiy-treyding-mashinnoe-obuchenie","materials":[],"subCategory":""},{"title":"Bubble: Создай свой стартап без программирования","originTitle":"Build Your Startup with No Coding (Design, Develop & Ship)","url":"https://coursehunter.net/course/bubble-sozday-svoy-startap-bez-programmirovaniya","materials":[],"subCategory":""},{"title":"Data Science. Уровень1. Инструменты и технологии","originTitle":"Data Science. Уровень1. Инструменты и технологии","url":"https://coursehunter.net/course/data-science-uroven1-instrumenty-i-tehnologii","materials":[],"subCategory":""},{"title":"Инструменты для оптимизации скорости загрузки сайта","originTitle":"Инструменты для оптимизации скорости загрузки сайта","url":"https://coursehunter.net/course/instrumenty-dlya-optimizacii-skorosti-zagruzki-sayta","materials":[],"subCategory":""},{"title":"Основы программирования","originTitle":"Основы программирования","url":"https://coursehunter.net/course/osnovy-programmirovaniya","materials":[],"subCategory":""},{"title":"Основы HTTP","originTitle":"Understand the Basics of HTTP","url":"https://coursehunter.net/course/osnovy-http","materials":[],"subCategory":""},{"title":"Введение в алгоритмы машинного обучения в Python с scikit-learn","originTitle":"Introductory Machine Learning Algorithms in Python with scikit-learn","url":"https://coursehunter.net/course/vvedenie-v-algoritmy-mashinnogo-obucheniya-v-in-python-s-scikit-learn","materials":[],"subCategory":""},{"title":"Веб-безопасность","originTitle":"Web Security","url":"https://coursehunter.net/course/fm-websecurity","materials":[],"subCategory":""},{"title":"Курс информатики за 5 часов","originTitle":"Four Semesters of Computer Science in 5 hours","url":"https://coursehunter.net/course/computer-science","materials":[],"subCategory":""},{"title":"Метод Scrum для веб-разработки","originTitle":"Метод Scrum для веб-разработки","url":"https://coursehunter.net/course/scrum","materials":[],"subCategory":""},{"title":"Pro Tools 12","originTitle":"Pro Tools 12 Essential Training","url":"https://coursehunter.net/course/pro-tools","materials":[],"subCategory":""},{"title":"Основы грамотного кода","originTitle":"АнтиБыдлоКодер","url":"https://coursehunter.net/course/good-code-man","materials":[],"subCategory":""},{"title":"Jira","originTitle":"Jira","url":"https://coursehunter.net/course/jira","materials":[],"subCategory":""},{"title":"Сборка игрового компьютера","originTitle":"Сборка игрового компьютера от А до Я","url":"https://coursehunter.net/course/sborpc","materials":[],"subCategory":""},{"title":"Взлом сайтов на практике","originTitle":"Взлом сайтов на практике","url":"https://coursehunter.net/course/hacksite","materials":[],"subCategory":""},{"title":"CS50","originTitle":"CS50 - Гарвардский курс","url":"https://coursehunter.net/course/cs50","materials":[],"subCategory":""},{"title":"Изучение взлома Wi-fi","originTitle":"Изучение взлома Wi-Fi","url":"https://coursehunter.net/course/wi-fi","materials":[],"subCategory":""},{"title":"Adobe Audition","originTitle":"Adobe Audition","url":"https://coursehunter.net/course/adobe-audition","materials":[],"subCategory":""},{"title":"Основы программирования","originTitle":"Основы программирования","url":"https://coursehunter.net/course/osnovy_programirovaniya","materials":[],"subCategory":""},{"title":"Анализ безопасности веб-проектов","originTitle":"Анализ безопасности веб-проектов","url":"https://coursehunter.net/course/mailru","materials":[],"subCategory":""}]}