{"title":"1C-Битрикс","url":"https://coursehunter.net/cms/1c-bitriks","courses":[{"title":"1С - Битрикс. Быстрый старт разработчика","originTitle":"1С - Битрикс. Быстрый старт разработчика","url":"https://coursehunter.net/course/1s-bitriks-bystryy-start-razrabotchika","materials":[],"subCategory":""},{"title":"1С-Битрикс: Практика создания веб-проектов","originTitle":"1С-Битрикс: Практика создания веб-проектов","url":"https://coursehunter.net/course/1s-bitriks-praktika-sozdaniya-veb-proektov","materials":[],"subCategory":""},{"title":"Битрикс","originTitle":"Битрикс","url":"https://coursehunter.net/course/bitrix","materials":[],"subCategory":""}]}