{"title":"Drupal","url":"https://coursehunter.net/cms/drupal","courses":[{"title":"Полное введение в Views в Drupal 8","originTitle":"Full introduction to Views in Drupal 8","url":"https://coursehunter.net/course/polnoe-vvedenie-v-views-v-drupal-8","materials":[],"subCategory":""},{"title":"Полное введение в движок тем Drupal 8","originTitle":"Full introduction to Drupal 8 theming in easy steps","url":"https://coursehunter.net/course/polnoe-vvedenie-v-dvizhok-tem-drupal-8","materials":[],"subCategory":""},{"title":"Разработка модуей Drupal 8 с примерами","originTitle":"Learn Drupal 8 module development with examples","url":"https://coursehunter.net/course/razrabotka-moduey-drupal-8-s-primerami","materials":[],"subCategory":""},{"title":"Курс по Drupal. Основы","originTitle":"Курс по Drupal. Основы","url":"https://coursehunter.net/course/kurs-po-drupal-osnovy","materials":[],"subCategory":""},{"title":"Drupal 8 под капотом","originTitle":"Drupal 8: Under the Hood","url":"https://coursehunter.net/course/drupal-8-pod-kapotom","materials":[],"subCategory":""},{"title":"Основы Drupal 8","originTitle":"Drupal 8 basics","url":"https://coursehunter.net/course/drupal8","materials":[],"subCategory":""}]}