{"title":"OpenCart","url":"https://coursehunter.net/cms/opencart","courses":[{"title":"OpenCart 3 - полный курс профессионального проекта для электронной коммерции","originTitle":"OpenCart 3 - Complete Project Professional Ecommerce Course","url":"https://coursehunter.net/course/opencart-3-polnyy-kurs-professionalnogo-proekta-dlya-elektronnoy-kommercii","materials":[],"subCategory":""},{"title":"Разработка модулей для Opencart 2.3.0.2","originTitle":"Opencart 2.3.0.2 Module Development By Example","url":"https://coursehunter.net/course/razrabotka-moduley-dlya-opencart-2-3-0-2","materials":[],"subCategory":""},{"title":"OpenCart от А до Я","originTitle":"OpenCart от А до Я","url":"https://coursehunter.net/course/opencart-webdesignmaster","materials":[],"subCategory":""},{"title":"Интернет магазин с Opencart","originTitle":"Интернет магазин с Opencart","url":"https://coursehunter.net/course/opencart","materials":[],"subCategory":""}]}