{"title":"Wordpress","url":"https://coursehunter.net/cms/wordpress","courses":[{"title":"Полный бизнес-курс по WordPress","originTitle":"The Complete WordPress Website Business Course","url":"https://coursehunter.net/course/polnyy-biznes-kurs-po-wordpress","materials":[],"subCategory":""},{"title":"Посадка верстки и создание тем на CMS WordPress","originTitle":"Посадка верстки и создание тем на CMS WordPress","url":"https://coursehunter.net/course/posadka-verstki-i-sozdanie-tem-na-cms-wordpress","materials":[],"subCategory":""},{"title":"Полное руководство по созданию премиум тем WordPress","originTitle":"The Complete Guide to Building Premium WordPress Themes","url":"https://coursehunter.net/course/polnoe-rukovodstvo-po-sozdaniyu-premium-tem-wordpress","materials":[],"subCategory":""},{"title":"Разработка Divi модулей от начала до конца","originTitle":"Divi Module development from start to finish","url":"https://coursehunter.net/course/razrabotka-divi-moduley-ot-nachala-do-konca","materials":[],"subCategory":""},{"title":"WordPress  Разработка - Темы, Плагины и Gutenberg","originTitle":"WordPress Development - Themes, Plugins & Gutenberg","url":"https://coursehunter.net/course/wordpress-razrabotka-temy-plaginy-i-gutenberg","materials":[],"subCategory":""},{"title":"Gutenberg Blocks для разработчиков WordPress и React","originTitle":"Gutenberg Blocks for WordPress and React Developers","url":"https://coursehunter.net/course/gutenberg-blocks-dlya-razrabotchikov-wordpress-i-react","materials":[],"subCategory":""},{"title":"Полное руководство по WordPress Мультисайт (Multisite)","originTitle":"Complete Guide to WordPress Multisite","url":"https://coursehunter.net/course/polnoe-rukovodstvo-po-wordpress-multisayt-multisite","materials":[],"subCategory":""},{"title":"Введение в разработку плагинов WordPress","originTitle":"Introduction to WordPress Plugin Development","url":"https://coursehunter.net/course/vvedenie-v-razrabotku-plaginov-wordpress","materials":[],"subCategory":""},{"title":"Полное руководство по миграции WordPress","originTitle":"The Complete Guide to Migrating WordPress","url":"https://coursehunter.net/course/polnoe-rukovodstvo-po-migracii-wordpress","materials":[],"subCategory":""},{"title":"3 практических проекта для изучения разработки плагинов для WordPress","originTitle":"3 More Practical Projects to Learn WordPress Plugin Development","url":"https://coursehunter.net/course/3-prakticheskih-proekta-dlya-izucheniya-razrabotki-plaginov-dlya-wordpress","materials":[],"subCategory":""},{"title":"Плагины Gutenberg для WordPress","originTitle":"Gutenberg Plugins for WordPress","url":"https://coursehunter.net/course/plaginy-gutenberg-dlya-wordpress","materials":[],"subCategory":""},{"title":"LANDING PAGE на Wordpress","originTitle":"LANDING PAGE на Wordpress","url":"https://coursehunter.net/course/landing-page-na-wordpress","materials":[],"subCategory":""},{"title":"Разработка плагинов для WordPress - создаем14 плагинов","originTitle":"WordPress Plugin Development - Build 14 Plugins","url":"https://coursehunter.net/course/razrabotka-plaginov-dlya-wordpress-sozdaem14-plaginov","materials":[],"subCategory":""},{"title":"WordPress для начинающих: создайте сайт шаг за шагом","originTitle":"WordPress for Beginners: Create a Website Step by Step","url":"https://coursehunter.net/course/wordpress-dlya-nachinayushchih-sozdayte-sayt-shag-za-shagom","materials":[],"subCategory":""},{"title":"WordPress-Мастер. Разработка тем для WordPress","originTitle":"WordPress-Мастер. Разработка тем для WordPress","url":"https://coursehunter.net/course/wordpress-master-razrabotka-tem-dlya-wordpress","materials":[],"subCategory":""},{"title":"Полное руководство по разработке тем и плагинов WordPress","originTitle":"Complete WordPress Development Themes and Plugins Course","url":"https://coursehunter.net/course/polnoe-rukovodstvo-po-razrabotke-tem-i-plaginov-wordpress","materials":[],"subCategory":""},{"title":"WordPress REST API с JavaScript - Введение","originTitle":"The WordPress REST API with JavaScript - An Introduction","url":"https://coursehunter.net/course/wordpress-rest-api-s-javascript-vvedenie","materials":[],"subCategory":""},{"title":"Продвинутые темы WordPress: Post Types Таксономии и Метабоксы","originTitle":"Advanced WordPress Topics: Post Types Taxonomies & Metaboxes","url":"https://coursehunter.net/course/prodvinutye-temy-wordpress-post-types-taksonomii-i-metaboksy","materials":[],"subCategory":""},{"title":"WordPress Essential","originTitle":"WordPress Essential","url":"https://coursehunter.net/course/wordpress-essential","materials":[],"subCategory":""},{"title":"Профессиональная разработка темы WordPress","originTitle":"Professional WordPress Theme Development from Scratch","url":"https://coursehunter.net/course/professionalnaya-razrabotka-temy-wordpress","materials":[],"subCategory":""},{"title":"Headless WordPress","originTitle":"Headless WordPress","url":"https://coursehunter.net/course/headless-wordpress","materials":[],"subCategory":""},{"title":"Wordpress Starter","originTitle":"Wordpress Starter","url":"https://coursehunter.net/course/wordpress-starter","materials":[],"subCategory":""},{"title":"Посадка верстки на Wordpress","originTitle":"Посадка верстки на Wordpress","url":"https://coursehunter.net/course/posadka-verstki-na-wordpress","materials":[],"subCategory":""},{"title":"Разработка темы WordPress","originTitle":"WordPress Custom Theme Development","url":"https://coursehunter.net/course/razrabotka-temy-wordpress","materials":[],"subCategory":""},{"title":"WordPress REST API - создание интерактивного веб-приложения","originTitle":"WordPress REST API - создание интерактивного веб-приложения","url":"https://coursehunter.net/course/lynda-wp-rest-api","materials":[],"subCategory":""},{"title":"Курс по WordPress","originTitle":"Курс по WordPress","url":"https://coursehunter.net/course/lavrik-wordpress","materials":[],"subCategory":""},{"title":"JavaScript для WordPress","originTitle":"JavaScript for WordPress","url":"https://coursehunter.net/course/fm-javascript-for-wordpess","materials":[],"subCategory":""},{"title":"Wordpress: Создание темы с нуля используя Underscores","originTitle":"WordPress: Building Themes from Scratch Using Underscores","url":"https://coursehunter.net/course/lynda-wordpress-theme-underscores","materials":[],"subCategory":""},{"title":"Создание тем и плагинов WordPress","originTitle":"WordPress Development - Create WordPress Themes and Plugins (Ангельский)","url":"https://coursehunter.net/course/udemy-create-wordpress-themes-and-plugins","materials":[],"subCategory":""},{"title":"Введение в разработку плагинов WordPress","originTitle":"Introduction to WordPress Plugin Development (Ангельский)","url":"https://coursehunter.net/course/tutspluscom-intro-to-wordpress-plugin-dev","materials":[],"subCategory":""},{"title":"Создание сайта-портфолио фотографий на WordPress","originTitle":"Портфолио фотографий на WordPress","url":"https://coursehunter.net/course/wm-wordpress-portfolio","materials":[],"subCategory":""},{"title":"Разработка темы Wordpress","originTitle":"Wordpress. Разработка темы оформления","url":"https://coursehunter.net/course/geekbrains-wordpress","materials":[],"subCategory":""},{"title":"Основы Wordpress","originTitle":"Основы Wordpress","url":"https://coursehunter.net/course/wordpress-lynda-com","materials":[],"subCategory":""},{"title":"Настройка woocommerce","originTitle":"Настройка WooCommerce (Ангельский)","url":"https://coursehunter.net/course/woocommerce","materials":[],"subCategory":""},{"title":"Создание темы WordPress","originTitle":"Создание темы WordPress","url":"https://coursehunter.net/course/Sozdanie-temy-WordPress","materials":[],"subCategory":""}]}