{"title":"Core Data","url":"https://coursehunter.net/mobile-development/core-data","courses":[{"title":"Intermediate Курс с Core Data","originTitle":"Intermediate Training Course with Core Data","url":"https://coursehunter.net/course/intermediate-kurs-s-core-data","materials":[],"subCategory":""},{"title":"Core Data: Часть 1","originTitle":"Core Data: Часть 1","url":"https://coursehunter.net/course/core-data-chast-1","materials":[],"subCategory":""},{"title":"Введение в Core Data","originTitle":"Introduction to Core Data","url":"https://coursehunter.net/course/treehouse-core-data","materials":[],"subCategory":""}]}