{"title":"Dart и Flutter","url":"https://coursehunter.net/mobile-development/dart-i-flutter","courses":[{"title":"Полный курс Flutter UI | Создавайте удивительные мобильные приложения","originTitle":"The Complete Flutter UI Course | Build Amazing Mobile Apps","url":"https://coursehunter.net/course/polnyy-kurs-flutter-ui-sozdavayte-udivitelnye-mobilnye-prilozheniya","materials":[],"subCategory":""},{"title":"Dart и Flutter с нуля до героя - Практический Dev Bootcamp","originTitle":"Dart and Flutter From Zero to Hero - Practical Dev Bootcamp","url":"https://coursehunter.net/course/dart-i-flutter-s-nulya-do-geroya-prakticheskiy-dev-bootcamp","materials":[],"subCategory":""},{"title":"Создайте социальную сеть с Flutter и Firebase","originTitle":"Build a Social Network with Flutter and Firebase","url":"https://coursehunter.net/course/sozdayte-socialnuyu-set-s-flutter-i-firebase","materials":[],"subCategory":""},{"title":"Flutter Firebase - полный курс","originTitle":"Flutter Firebase - The Full Course","url":"https://coursehunter.net/course/flutter-firebase-polnyy-kurs","materials":[],"subCategory":""},{"title":"Bootcamp: Разработка с Flutter и Dart","originTitle":"The Complete Flutter Development Bootcamp with Dart","url":"https://coursehunter.net/course/bootcamp-razrabotka-s-flutter-i-dart","materials":[],"subCategory":""},{"title":"Мобильная электронная коммерция с Flutter, Redux и Stripe","originTitle":"Mobile E-Commerce with Flutter, Redux, and Stripe","url":"https://coursehunter.net/course/mobilnaya-elektronnaya-kommerciya-s-flutter-redux-i-stripe","materials":[],"subCategory":""},{"title":"Dart 2: Полное Руководство - С Нуля до Профи","originTitle":"Dart 2 Complete Bootcamp - Go Hero from Zero in Dart Flutter","url":"https://coursehunter.net/course/dart-2-polnoe-rukovodstvo-s-nulya-do-profi","materials":[],"subCategory":""},{"title":"Flutter и Dart: полноценное мобильное приложение™","originTitle":"Flutter & Dart: A Complete Showcase Mobile App™","url":"https://coursehunter.net/course/flutter-i-dart-polnocennoe-mobilnoe-prilozhenie","materials":[],"subCategory":""},{"title":"Flutter: кроссплатформенное приложение iOS / Android","originTitle":"Flutter Zero to Professional: cross platform App iOS/Android","url":"https://coursehunter.net/course/flutter-krossplatformennoe-prilozhenie-ios-android","materials":[],"subCategory":""},{"title":"Программирование на Dart от новичка до эксперта","originTitle":"Dart Programming from Beginner to Expert","url":"https://coursehunter.net/course/programmirovanie-na-dart-ot-novichka-do-eksperta","materials":[],"subCategory":""},{"title":"Flutter - Продвинутый курс","originTitle":"Flutter - Advanced Course","url":"https://coursehunter.net/course/flutter-prodvinutyy-kurs","materials":[],"subCategory":""},{"title":"Flutter - Intermediate","originTitle":"Flutter - Intermediate","url":"https://coursehunter.net/course/flutter-intermediate","materials":[],"subCategory":""},{"title":"Flutter - курс для начинающих","originTitle":"Flutter - Beginners Course","url":"https://coursehunter.net/course/flutter-kurs-dlya-nachinayushchih","materials":[],"subCategory":""},{"title":"Изучаем Flutter и Dart для создания приложений для iOS и Android","originTitle":"Learn Flutter & Dart to Build iOS & Android Apps","url":"https://coursehunter.net/course/izuchaem-flutter-i-dart-dlya-sozdaniya-prilozheniy-dlya-ios-i-android","materials":[],"subCategory":""},{"title":"Dart и Flutter: Полное руководство разработчика","originTitle":"Dart and Flutter: The Complete Developer's Guide","url":"https://coursehunter.net/course/dart-i-flutter-polnoe-rukovodstvo-razrabotchika","materials":[],"subCategory":""},{"title":"Flutter и Dart - Полное руководство по разработке Flutter приложений","originTitle":"Flutter & Dart - The Complete Flutter App Development Course","url":"https://coursehunter.net/course/flutter-i-dart-polnoe-rukovodstvo-po-razrabotke-flutter-prilozheniy","materials":[],"subCategory":""}]}