{"title":"Ionic","url":"https://coursehunter.net/mobile-development/ionic","courses":[{"title":"Ionic 4 Firebase Мастер Курс","originTitle":"Ionic 4 Firebase Master Course","url":"https://coursehunter.net/course/ionic-4-firebase-master-kurs","materials":[],"subCategory":""},{"title":"Ionic 4 - Создание iOS, Android и веб-приложений с Ionic и Angular","originTitle":"Ionic 4 - Build iOS, Android & Web Apps with Ionic & Angular","url":"https://coursehunter.net/course/ionic-4-sozdanie-ios-android-i-veb-prilozheniy-s-ionic-i-angular","materials":[],"subCategory":""},{"title":"Angular, Ionic и Node: Создайте реальное веб и чат-приложение","originTitle":"Angular, Ionic & Node: Build A Real Web & Mobile Chat App","url":"https://coursehunter.net/course/angular-ionic-i-node-sozdayte-realnoe-veb-i-chat-prilozhenie","materials":[],"subCategory":""},{"title":"Создаем приложение \"Upcoming Games\" с Ionic 3","originTitle":"Create a Full Upcoming Games App with Ionic 3","url":"https://coursehunter.net/course/sozdaem-prilozhenie-upcoming-games-s-ionic-3","materials":[],"subCategory":""},{"title":"Ionic 3: Создаем красивое криптовалютное приложение","originTitle":"Build a Beautiful CryptoCurrency App using Ionic 3","url":"https://coursehunter.net/course/ionic-3-sozdaem-krasivoe-kriptovalyutnoe-prilozhenie","materials":[],"subCategory":""},{"title":"Создаем клон tinder с Ionic и Angular","originTitle":"Build Tinder mobile app with Ionic and Angular","url":"https://coursehunter.net/course/c4s-tinder-app","materials":[],"subCategory":""},{"title":"Создаем полноценное приложение на Ionic 3 используя материальный дизайн","originTitle":"Create a full Ionic app with material design - full stack","url":"https://coursehunter.net/course/udemy-ionic-material-design","materials":[],"subCategory":""},{"title":"Ionic 2 Решение","originTitle":"Ionic 2 Solutions","url":"https://coursehunter.net/course/packt-ionic2-solutions","materials":[],"subCategory":""},{"title":"Мобильные приложения на Ionic 2","originTitle":"Mobile Apps with Ionic 2","url":"https://coursehunter.net/course/ionic2","materials":[],"subCategory":""}]}