{"title":"NativeScript","url":"https://coursehunter.net/mobile-development/nativescript","courses":[{"title":"Защита приложений NativeScript","originTitle":"Securing NativeScript Applications","url":"https://coursehunter.net/course/zashchita-prilozheniy-nativescript","materials":[],"subCategory":""},{"title":"NativeScript: Практический UI","originTitle":"NativeScript Hands-On UI","url":"https://coursehunter.net/course/nativescript-prakticheskiy-ui","materials":[],"subCategory":""},{"title":"NativeScript Vue и Vuex","originTitle":"NativeScript Vue and Vuex","url":"https://coursehunter.net/course/nativescript-vue-i-vuex","materials":[],"subCategory":""},{"title":"NativeScript 101: краткое руководство по созданию мобильных приложений","originTitle":"NativeScript 101: A Quickstart to Building Mobile Apps","url":"https://coursehunter.net/course/nativescript-101-kratkoe-rukovodstvo-po-sozdaniyu-mobilnyh-prilozheniy","materials":[],"subCategory":""},{"title":"NativeScript - подготовка, оптимизация и публикация приложения","originTitle":"NativeScript - prepare, optimise and publish app","url":"https://coursehunter.net/course/nativescript-podgotovka-optimizaciya-i-publikaciya-prilozheniya","materials":[],"subCategory":""},{"title":"NativeScript Enterprise Auth","originTitle":"NativeScript Enterprise Auth","url":"https://coursehunter.net/course/nativescript-enterprise-auth","materials":[],"subCategory":""},{"title":"Стилизация (стайлинг) NativeScript Core приложений","originTitle":"Styling NativeScript Core Applications","url":"https://coursehunter.net/course/stilizaciya-stayling-nativescript-core-prilozheniy","materials":[],"subCategory":""},{"title":"NativeScript + Angular: Создание нативных iOS, Android и веб-приложений","originTitle":"NativeScript + Angular: Build Native iOS, Android & Web Apps","url":"https://coursehunter.net/course/nativescript-angular-sozdanie-nativnyh-ios-android-i-veb-prilozheniy","materials":[],"subCategory":""},{"title":"NativeScript Core Pro","originTitle":"NativeScript Core Pro","url":"https://coursehunter.net/course/nativescript-core-pro","materials":[],"subCategory":""},{"title":"Введение в NativeScript-Vue","originTitle":"NativeScript-Vue Introduction","url":"https://coursehunter.net/course/vvedenie-v-nativescript-vue","materials":[],"subCategory":""},{"title":"Нативные мобильные приложения с помощью NativeScript для Angular","originTitle":"Create Native Mobile Apps with NativeScript for Angular","url":"https://coursehunter.net/course/egghead-mobile-apps-with-nativescript-for-angular","materials":[],"subCategory":""}]}