{"title":"Progressive Web App (PWA)","url":"https://coursehunter.net/mobile-development/progressive-web-app-pwa","courses":[{"title":"Создавайте контентые PWA с Gatsby и Contentful","originTitle":"Build Content Rich Progressive Web Apps with Gatsby and Contentful","url":"https://coursehunter.net/course/sozdavayte-kontentye-pwa-s-gatsby-i-contentful","materials":[],"subCategory":""},{"title":"Service Worker и PWA","originTitle":"Service Worker and PWAs","url":"https://coursehunter.net/course/service-worker-i-pwa","materials":[],"subCategory":""},{"title":"Прогрессивные веб-приложения в React с create-react-app","originTitle":"Progressive Web Apps in React with create-react-app","url":"https://coursehunter.net/course/progressivnye-veb-prilozheniya-v-react-s-create-react-app","materials":[],"subCategory":""},{"title":"Прогрессивные веб-приложения (PWA) - от новичка до эксперта","originTitle":"Progressive Web Apps (PWA) - From Beginner to Expert","url":"https://coursehunter.net/course/progressivnye-veb-prilozheniya-pwa-ot-novichka-do-eksperta","materials":[],"subCategory":""},{"title":"Angular прогрессивные веб-приложения (PWA) МастерКласс + Книга","originTitle":"Angular Progressive Web Apps (PWA) MasterClass & FREE E-Book","url":"https://coursehunter.net/course/angular-progressivnye-veb-prilozheniya-pwa-masterklass-kniga","materials":[],"subCategory":""},{"title":"SEO Friendly Прогрессивные веб-приложения (PWA) с Angular Universal","originTitle":"SEO Friendly Progressive Web Applications with Angular Universal","url":"https://coursehunter.net/course/seo-friendly-progressivnye-veb-prilozheniya-pwa-s-angular-universal","materials":[],"subCategory":""},{"title":"Разработка прогрессивного веб-приложения (PWA): полное руководство: 2-в-1","originTitle":"Progressive Web App Development: A Complete Guide: 2-in-1","url":"https://coursehunter.net/course/razrabotka-progressivnogo-veb-prilozheniya-pwa-polnoe-rukovodstvo-2-v-1","materials":[],"subCategory":""},{"title":"Progressive Web Apps (PWA) - Полное руководство","originTitle":"Progressive Web Apps (PWA) - The Complete Guide","url":"https://coursehunter.net/course/udemy-pwa","materials":[],"subCategory":""},{"title":"Progressive Web Applications (PWA) и Оффлайн","originTitle":"Progressive Web Applications and Offline","url":"https://coursehunter.net/course/fm-progressive-web-applications","materials":[],"subCategory":""}]}