{"title":"React Native","url":"https://coursehunter.net/mobile-development/react-native","courses":[{"title":"React Native. Мобильная разработка на JavaScript и React JS","originTitle":"React Native. Мобильная разработка на JavaScript и React JS","url":"https://coursehunter.net/course/react-native-mobilnaya-razrabotka-na-javascript-i-react-js","materials":[],"subCategory":""},{"title":"Использование Google Maps API в React Native для iOS / Android","originTitle":"Using Google Maps API in React Native for iOS/Android","url":"https://coursehunter.net/course/ispolzovanie-google-maps-api-v-react-native-dlya-ios-android","materials":[],"subCategory":""},{"title":"Как создать клон Instagram с React Native и Firebase","originTitle":"How to Build an Instagram Clone w/ React Native & Firebase","url":"https://coursehunter.net/course/kak-sozdat-klon-instagram-s-react-native-i-firebase","materials":[],"subCategory":""},{"title":"React и Django Full Stack: веб-приложение, бэкэнд-API, мобильные приложения","originTitle":"React & Django Full Stack: web app, backend API, mobile apps","url":"https://coursehunter.net/course/react-i-django-full-stack-veb-prilozhenie-bekend-api-mobilnye-prilozheniya","materials":[],"subCategory":""},{"title":"React Native Foundation с Firebase и Redux","originTitle":"React Native Foundation With Firebase & Redux","url":"https://coursehunter.net/course/react-native-foundation-s-firebase-i-redux","materials":[],"subCategory":""},{"title":"Полный курс React Native + Hooks [2019 Edition]","originTitle":"The Complete React Native + Hooks Course [2019 Edition]","url":"https://coursehunter.net/course/polnyy-kurs-react-native-hooks-2019-edition","materials":[],"subCategory":""},{"title":"React Native bootcamp - Строим 18 приложений для iOS и Android","originTitle":"Complete React Native bootcamp - Build 18 iOS & Android app","url":"https://coursehunter.net/course/react-native-bootcamp-stroim-18-prilozheniy-dlya-ios-i-android","materials":[],"subCategory":""},{"title":"React Native для дизайнеров, часть 2","originTitle":"React Native for Designers Part 2","url":"https://coursehunter.net/course/react-native-dlya-dizaynerov-chast-2","materials":[],"subCategory":""},{"title":"Основы React Native Video","originTitle":"Fundamentals of React Native Video","url":"https://coursehunter.net/course/osnovy-react-native-video","materials":[],"subCategory":""},{"title":"LEVEL 2 REACT NATIVE","originTitle":"LEVEL 2 REACT NATIVE","url":"https://coursehunter.net/course/level-2-react-native","materials":[],"subCategory":""},{"title":"Автоматизируйте ваши React Native релизы с Fastlane и Bitrise","originTitle":"Automate Your React Native Releases with Fastlane & Bitrise","url":"https://coursehunter.net/course/avtomatiziruyte-vashi-react-native-relizy-s-fastlane-i-bitrise","materials":[],"subCategory":""},{"title":"Создаем приложение React Native для iOS и Android от начала до конца","originTitle":"Build a React Native Application for iOS and Android from Start to Finish","url":"https://coursehunter.net/course/sozdaem-prilozhenie-react-native-dlya-ios-i-android-ot-nachala-do-konca","materials":[],"subCategory":""},{"title":"Руководство по Анимациям в React Native","originTitle":"Master React Native Animations","url":"https://coursehunter.net/course/rukovodstvo-po-animaciyam-v-react-native","materials":[],"subCategory":""},{"title":"Полный курс React Native, создайте красивые приложения","originTitle":"The complete React Native course, create beautiful Apps","url":"https://coursehunter.net/course/polnyy-kurs-react-native-sozdayte-krasivye-prilozheniya","materials":[],"subCategory":""},{"title":"React Native: Продвинутые концепции","originTitle":"React Native: Advanced Concepts","url":"https://coursehunter.net/course/react-native-prodvinutye-koncepcii","materials":[],"subCategory":""},{"title":"React Navigation для native мобильных приложений","originTitle":"React Navigation for Native Mobile Applications","url":"https://coursehunter.net/course/react-navigaciya-dlya-native-mobilnyh-prilozheniy","materials":[],"subCategory":""},{"title":"[Книга] Fullstack React Native - Полное руководство по React Native","originTitle":"Fullstack React Native + Video","url":"https://coursehunter.net/course/kniga-fullstack-react-native-polnoe-rukovodstvo-po-react-native","materials":[],"subCategory":""},{"title":"React Native для всех","originTitle":"React Native For Everyone","url":"https://coursehunter.net/course/react-native-dlya-vseh","materials":[],"subCategory":""},{"title":"Level 2 - React Native с GraphQL","originTitle":"Level 2 React Native with GraphQL","url":"https://coursehunter.net/course/level-2-react-native-s-graphql","materials":[],"subCategory":""},{"title":"React Native (Tyler MCginnis)","originTitle":"React Native","url":"https://coursehunter.net/course/tyler-react-native","materials":[],"subCategory":""},{"title":"React Native Design - Делаем front end 10-ти мобильных приложений","originTitle":"React Native Design - Build front end of 10 mobile Apps","url":"https://coursehunter.net/course/react-native-design-delaem-front-end-10-ti-mobilnym-prilozheniyam","materials":[],"subCategory":""},{"title":"React Native - Практическое руководство","originTitle":"React Native - The Practical Guide","url":"https://coursehunter.net/course/react-native-prakticheskoe-rukovodstvo","materials":[],"subCategory":""},{"title":"Анимация React Native UI элементов","originTitle":"Animate React Native UI Elements","url":"https://coursehunter.net/course/animaciya-react-native-ui-elementov","materials":[],"subCategory":""},{"title":"Делаем клон Airbnb с Ruby on Rails и React Native - Уровень 3","originTitle":"Build Airbnb with Ruby on Rails and React Native- Level 3","url":"https://coursehunter.net/course/delaem-klon-airbnb-s-ruby-on-rails-i-react-native-uroven-3","materials":[],"subCategory":""},{"title":"Основы React Native за один час","originTitle":"Fundamental React Native in 1 hour","url":"https://coursehunter.net/course/osnovy-react-native-za-odin-chas","materials":[],"subCategory":""},{"title":"Создаем полноценные приложения в React Native","originTitle":"Build a React Native Todo Application","url":"https://coursehunter.net/course/egghead-reactnative-todoapp","materials":[],"subCategory":""},{"title":"React Native (feat. Redux)","originTitle":"React Native (feat. Redux)","url":"https://coursehunter.net/course/fm-react-native","materials":[],"subCategory":""},{"title":"React Native","originTitle":"App with React Native","url":"https://coursehunter.net/course/react-native","materials":[],"subCategory":""}]}