{"title":"Swift","url":"https://coursehunter.net/mobile-development/swift","courses":[{"title":"Продвинутая Table View IOS разработка приложений с Swift и Xcode","originTitle":"Advanced Table View iOS App Development with Swift & Xcode","url":"https://coursehunter.net/course/prodvinutaya-table-view-ios-razrabotka-prilozheniy-s-swift-i-xcode","materials":[],"subCategory":""},{"title":"[Книга] SwiftUI Views","originTitle":"SwiftUI Views","url":"https://coursehunter.net/course/kniga-swiftui-views","materials":[],"subCategory":""},{"title":"Принципы S.O.L.I.D.","originTitle":"Принципы S.O.L.I.D.","url":"https://coursehunter.net/course/principy-s-o-l-i-d","materials":[],"subCategory":""},{"title":"Работаем с CloudKit/iCloud","originTitle":"Работаем с CloudKit/iCloud","url":"https://coursehunter.net/course/rabotaem-s-cloudkit-icloud","materials":[],"subCategory":""},{"title":"Фреймворк UIKit","originTitle":"Фреймворк UIKit","url":"https://coursehunter.net/course/freymvork-uikit","materials":[],"subCategory":""},{"title":"Создайте приложение с SwiftUI","originTitle":"Build an app with SwiftUI","url":"https://coursehunter.net/course/sozdayte-prilozhenie-s-swiftui","materials":[],"subCategory":""},{"title":"Создание полноценного чата в реальном времени + приложение Tinder","originTitle":"Build Full Realtime Chat + Tinder App","url":"https://coursehunter.net/course/sozdanie-polnocennogo-chata-v-realnom-vremeni-prilozhenie-tinder","materials":[],"subCategory":""},{"title":"Дополненная Реальность. ARKit","originTitle":"Дополненная Реальность. ARKit","url":"https://coursehunter.net/course/dopolnennaya-realnost-arkit","materials":[],"subCategory":""},{"title":"Изучаем паттерн MVVM","originTitle":"Изучаем паттерн MVVM","url":"https://coursehunter.net/course/izuchaem-pattern-mvvm","materials":[],"subCategory":""},{"title":"Уведомления","originTitle":"Уведомления","url":"https://coursehunter.net/course/uvedomleniya","materials":[],"subCategory":""},{"title":"Networking","originTitle":"Networking","url":"https://coursehunter.net/course/networking","materials":[],"subCategory":""},{"title":"TDD. Unit Testing (Swift 5.0)","originTitle":"TDD. Unit Testing","url":"https://coursehunter.net/course/tdd-unit-testing-swift-5-0","materials":[],"subCategory":""},{"title":"Приложения На Основе UITableView (Swift 5)","originTitle":"Приложения На Основе UITableView","url":"https://coursehunter.net/course/prilozheniya-na-osnove-uitableview-swift-5","materials":[],"subCategory":""},{"title":"VK News Feed App","originTitle":"VK News Feed App","url":"https://coursehunter.net/course/vk-news-feed-app","materials":[],"subCategory":""},{"title":"iOS 12: Научитесь создавать реальные приложения iOS 12 в Swift 4.2","originTitle":"iOS 12: Learn to Code & Build Real iOS 12 Apps in Swift 4.2","url":"https://coursehunter.net/course/ios-12-nauchites-sozdavat-realnye-prilozheniya-ios-12-v-swift-4-2","materials":[],"subCategory":""},{"title":"iOS 12 и Swift 5 - Дизайн приложений, UI/UX плюс разработка","originTitle":"iOS 12 & Swift 5 - App Design, UI/UX plus Development","url":"https://coursehunter.net/course/ios-12-i-swift-5-dizayn-prilozheniy-ui-ux-plyus-razrabotka","materials":[],"subCategory":""},{"title":"Полное руководство для разработчиков iOS Swift + Objective-C ™","originTitle":"The Complete iOS Swift + Objective-C Developer Course™","url":"https://coursehunter.net/course/polnoe-rukovodstvo-dlya-razrabotchikov-ios-swift-objective-c","materials":[],"subCategory":""},{"title":"Изучаем Swift","originTitle":"Learn Swift","url":"https://coursehunter.net/course/izuchaem-swift","materials":[],"subCategory":""},{"title":"Swift Advanced","originTitle":"Swift Advanced","url":"https://coursehunter.net/course/swift-advanced","materials":[],"subCategory":""},{"title":"Tinder Firestore Swipe and Match","originTitle":"Tinder Firestore Swipe and Match","url":"https://coursehunter.net/course/tinder-firestore-swipe-and-match","materials":[],"subCategory":""},{"title":"How to Swift Starter","originTitle":"How to Swift Starter","url":"https://coursehunter.net/course/how-to-swift-starter","materials":[],"subCategory":""},{"title":"How to Swift Essential","originTitle":"How to Swift Essential","url":"https://coursehunter.net/course/how-to-swift-essential","materials":[],"subCategory":""},{"title":"Twitter Slide Out Меню","originTitle":"Twitter Slide Out Menu","url":"https://coursehunter.net/course/twitter-slide-out-menyu","materials":[],"subCategory":""},{"title":"iOS 12 и Swift 4.2 для начинающих: 200+ практических туториалов","originTitle":"iOS 12 and Swift 4.2 for Beginners: 200+ Hands-On Tutorials","url":"https://coursehunter.net/course/ios-12-i-swift-4-2-dlya-nachinayushchih-200-prakticheskih-tutorialov","materials":[],"subCategory":""},{"title":"IOS 12 и Swift 4: от новичка до профессионала","originTitle":"iOS 12 & Swift 4: From Beginner to Paid Professional","url":"https://coursehunter.net/course/ios-12-i-swift-4-ot-novichka-do-professionala","materials":[],"subCategory":""},{"title":"Swift Professional","originTitle":"Swift Professional","url":"https://coursehunter.net/course/swift-professional","materials":[],"subCategory":""},{"title":"Swift 4 and SpriteKit: Создаем клон Space War-5 часов видео!","originTitle":"Swift 4 and SpriteKit: Создаем клон Space War-5 часов видео!","url":"https://coursehunter.net/course/swift-4-and-spritekit-sozdaem-klon-space-war-5-chasov-video","materials":[],"subCategory":""},{"title":"iOS 13 и Swift 5 - Полное руководство по разработке приложений для iOS","originTitle":"iOS 13 & Swift 5 - The Complete iOS App Development Bootcamp","url":"https://coursehunter.net/course/ios-12-i-swift-polnoe-rukovodstvo-po-razrabotke-prilozheniy-dlya-ios","materials":[],"subCategory":""},{"title":"Разработка iOS приложения c нуля - Swift 4, XCode 9, iOS 11","originTitle":"Разработка iOS приложения c нуля","url":"https://coursehunter.net/course/razrabotka-ios-prilozheniya-c-nulya-swift-4-xcode-9-ios-11","materials":[],"subCategory":""},{"title":"Разработка iOS приложения Podcasts","originTitle":"Podcasts","url":"https://coursehunter.net/course/razrabotke-ios-prilozheniya-podcasts","materials":[],"subCategory":""},{"title":"Разработка приложения Instagram Firebase","originTitle":"Instagram Firebase","url":"https://coursehunter.net/course/razrabotka-prilozheniya-instagram-firebase","materials":[],"subCategory":""},{"title":"Основы Swift c нуля","originTitle":"Основы Swift c нуля","url":"https://coursehunter.net/course/osnovy-swift-c-nulya","materials":[],"subCategory":""},{"title":"Swift Essential","originTitle":"Swift Essential","url":"https://coursehunter.net/course/swift-essential","materials":[],"subCategory":""},{"title":"Swift 4 и SpriteKit: Создаем клон игры Bottle Flip (Updated)","originTitle":"Swift 4 и SpriteKit: Создаем клон игры Bottle Flip (Update)","url":"https://coursehunter.net/course/swift-4-i-spritekit-sozdaem-klon-igry-bottle-flip-updated","materials":[],"subCategory":""},{"title":"Angry Birds, Crossy Road и больше: Разработка игр на Swift 4","originTitle":"Angry Birds, Crossy Road & more: Game Development in Swift 4","url":"https://coursehunter.net/course/angry-birds-crossy-road-i-eshche-razrabotka-igr-na-swift-4","materials":[],"subCategory":""},{"title":"Язык Swift 4, Полное руководство с IOS 11 CoreML приложением","originTitle":"Swift 4 Language, A Complete Overview With IOS 11 CoreML App","url":"https://coursehunter.net/course/yazyk-swift-4-polnoe-rukovodstvo-s-ios-11-coreml-prilozheniem","materials":[],"subCategory":""},{"title":"Создаем калькулятор на Swift","originTitle":"Калькулятор","url":"https://coursehunter.net/course/sozdaem-kalkulyator-na-swift","materials":[],"subCategory":""},{"title":"Разработка приложений на Swift на основе UITableView","originTitle":"Разработка приложений на Swift на основе UITableView","url":"https://coursehunter.net/course/razrabotka-prilozheniy-na-swift-na-osnove-uitableview","materials":[],"subCategory":""},{"title":"Гид по языку программирования Swift","originTitle":"Гид по языку программирования Swift","url":"https://coursehunter.net/course/gid-po-yazyku-programmirovaniya-swift","materials":[],"subCategory":""},{"title":"Создаем MyPokemons app с Swift 3 за 1 час","originTitle":"Build MyPokemons app with Swift 3 in 1 hour","url":"https://coursehunter.net/course/sozdaem-mypokemons-app-s-swift-3-za-1-chas","materials":[],"subCategory":""},{"title":"iOS игра с Swift 3 для новичков","originTitle":"Learn how to build iOS Game with Swift 3 for newbies","url":"https://coursehunter.net/course/ios-igra-s-swift-3-dlya-novichkov","materials":[],"subCategory":""},{"title":"Создаем UI для UberEats в Xcode с Swift 3","originTitle":"Create UI for UberEats app in Xcode with Swift 3","url":"https://coursehunter.net/course/c4s-ui-ubereats","materials":[],"subCategory":""},{"title":"Swift Starter","originTitle":"Swift Starter","url":"https://coursehunter.net/course/itvdn-swift-starter","materials":[],"subCategory":""},{"title":"Создаем аналог Uber (UberEats) на Python, Django и Swift 3","originTitle":"Create UberEats with Python/Django and Swift 3","url":"https://coursehunter.net/course/code4startup-ubereats","materials":[],"subCategory":""},{"title":"IOS 11 и Swift 4: от новичка до профессионала","originTitle":"iOS 11 & Swift 4: From Beginner to Paid Professional","url":"https://coursehunter.net/course/udemy-ios11-swift4","materials":[],"subCategory":""},{"title":"iOS 10 & Swift 3","originTitle":"iOS 10 & Swift 3","url":"https://coursehunter.net/course/ios10","materials":[],"subCategory":""},{"title":"Swift IOS","originTitle":"App with Swift (IOS)","url":"https://coursehunter.net/course/app-with-swift-(ios)","materials":[],"subCategory":""}]}