{"title":"Uncategorised","url":"https://coursehunter.net/mobile-development","courses":[{"title":"iOS-разработчик. Базовый курс (Часть 1)","originTitle":"iOS-разработчик. Базовый курс","url":"https://coursehunter.net/course/ios-razrabotchik-bazovyy-kurs-chast-1","materials":[],"subCategory":""},{"title":"Apache Cordova - создание мобильных приложений с использованием HTML, CSS и JS","originTitle":"Apache Cordova - Build Hybrid Mobile Apps with HTML CSS & JS","url":"https://coursehunter.net/course/apache-cordova-sozdanie-mobilnyh-prilozheniy-s-ispolzovaniem-html-css-i-js","materials":[],"subCategory":""},{"title":"Android Jetpack мастер-класс в Kotlin","originTitle":"Android Jetpack masterclass in Kotlin","url":"https://coursehunter.net/course/android-jetpack-master-klass-v-kotlin","materials":[],"subCategory":""},{"title":"Android Многопоточность Мастер класс","originTitle":"Android Multithreading Masterclass","url":"https://coursehunter.net/course/android-mnogopotochnost-master-klass","materials":[],"subCategory":""},{"title":"Fullstack Social iOS NodeJS REST","originTitle":"Fullstack Social iOS NodeJS REST","url":"https://coursehunter.net/course/fullstack-social-ios-nodejs-rest","materials":[],"subCategory":""},{"title":"Android-разработчик. Базовый курс (Часть 1-2)","originTitle":"Android-разработчик. Базовый курс","url":"https://coursehunter.net/course/android-razrabotchik-bazovyy-kurs-chast-1","materials":[],"subCategory":""},{"title":"ARKIT и Unity 3D, создание приложений дополненной реальности с C #","originTitle":"ARKIT & Unity 3D, creating Augmented Reality Apps with C#","url":"https://coursehunter.net/course/arkit-i-unity-3d-sozdanie-prilozheniy-dopolnennoy-realnosti-s-c","materials":[],"subCategory":""},{"title":"Разработка мобильных приложений с / Kotlin и Android для начинающих!","originTitle":"Mobile App Development W/ Kotlin And Android For Beginners!","url":"https://coursehunter.net/course/razrabotka-mobilnyh-prilozheniy-s-kotlin-i-android-dlya-nachinayushchih","materials":[],"subCategory":""},{"title":"SQLite. Базы данных в Android приложениях","originTitle":"SQLite. Базы данных в Android приложениях","url":"https://coursehunter.net/course/sqlite-bazy-dannyh-v-android-prilozheniyah","materials":[],"subCategory":""},{"title":"Создайте 15 приложений дополненной реальности (AR) с Unity и Vuforia","originTitle":"Build 15 Augmented Reality (AR) apps with Unity & Vuforia","url":"https://coursehunter.net/course/sozdayte-15-prilozheniy-dopolnennoy-realnosti-ar-s-unity-i-vuforia","materials":[],"subCategory":""},{"title":"KOTLIN УЧИМ ВМЕСТЕ ДЛЯ ЗНАЮЩИХ JAVA","originTitle":"KOTLIN УЧИМ ВМЕСТЕ ДЛЯ ЗНАЮЩИХ JAVA","url":"https://coursehunter.net/course/kotlin-uchim-vmeste-dlya-znayushchih-java","materials":[],"subCategory":""},{"title":"Мощные приложения Android с архитектурой Jetpack","originTitle":"Powerful Android Apps with Jetpack Architecture","url":"https://coursehunter.net/course/moshchnye-prilozheniya-android-s-arhitekturoy-jetpack","materials":[],"subCategory":""},{"title":"Model-View-Intent (MVI) Архитектура","originTitle":"Model-View-Intent (MVI) Architecture","url":"https://coursehunter.net/course/model-view-intent-mvi-arhitektura","materials":[],"subCategory":""},{"title":"Котлин - быстрый старт","originTitle":"Котлин - быстрый старт","url":"https://coursehunter.net/course/kotlin-bystryy-start","materials":[],"subCategory":""},{"title":"Unit Testing (ⅠⅠ)","originTitle":"Unit Testing (ⅠⅠ)","url":"https://coursehunter.net/course/unit-testing","materials":[],"subCategory":""},{"title":"REST API с MVVM и Retrofit2","originTitle":"REST API with MVVM and Retrofit2","url":"https://coursehunter.net/course/rest-api-s-mvvm-i-retrofit2","materials":[],"subCategory":""},{"title":"Local Database Cache с REST API","originTitle":"Local Database Cache with REST API","url":"https://coursehunter.net/course/local-database-cache-s-rest-api","materials":[],"subCategory":""},{"title":"Потоковое аудио на Android","originTitle":"Audio Streaming on Android","url":"https://coursehunter.net/course/potokovoe-audio-na-android","materials":[],"subCategory":""},{"title":"Android-разработчик. Продвинутый курс (Часть 1-3)","originTitle":"Android-разработчик. Продвинутый курс","url":"https://coursehunter.net/course/android-razrabotchik-prodvinutyy-kurs-chast-1","materials":[],"subCategory":""},{"title":"Разработка под Android. Создание книги контактов","originTitle":"Разработка под Android. Создание книги контактов","url":"https://coursehunter.net/course/razrabotka-pod-android-sozdanie-knigi-kontaktov","materials":[],"subCategory":""},{"title":"Fastlane для iOS","originTitle":"Fastlane for iOS","url":"https://coursehunter.net/course/fastlane-dlya-ios","materials":[],"subCategory":""},{"title":"Моделирование данных Firestore","originTitle":"Firestore Data Modeling Course","url":"https://coursehunter.net/course/modelirovanie-dannyh-firestore","materials":[],"subCategory":""},{"title":"Создание пользовательских элементов управления в Android","originTitle":"Создание пользовательских элементов управления в Android","url":"https://coursehunter.net/course/sozdanie-polzovatelskih-elementov-upravleniya-v-android","materials":[],"subCategory":""},{"title":"Модернизируй свои Android приложения","originTitle":"Modernizing Your Android Applications","url":"https://coursehunter.net/course/moderniziruy-svoi-android-prilozheniya","materials":[],"subCategory":""},{"title":"Dependency Injection в Android-разработке","originTitle":"Dependency Injection в Android-разработке","url":"https://coursehunter.net/course/dependency-injection-v-android-razrabotke","materials":[],"subCategory":""},{"title":"Мастер-класс RxJava 2 для Android разработчиков","originTitle":"The Complete RxJava 2 For Android Development Masterclass","url":"https://coursehunter.net/course/master-klass-rxjava-2-dlya-android-razrabotchikov","materials":[],"subCategory":""},{"title":"Intermediate Разработка на Android и Kotlin","originTitle":"Intermediate Android Development and Kotlin","url":"https://coursehunter.net/course/intermediate-razrabotka-na-android-i-kotlin","materials":[],"subCategory":""},{"title":"Android юнит-тестирование и TDD","originTitle":"Android Unit Testing and Test Driven Development","url":"https://coursehunter.net/course/android-yunit-testirovanie-i-tdd","materials":[],"subCategory":""},{"title":"Внедрение зависимостей в Android с помощью Dagger 2","originTitle":"Dependency Injection in Android with Dagger 2","url":"https://coursehunter.net/course/vnedrenie-zavisimostey-v-android-s-pomoshchyu-dagger-2","materials":[],"subCategory":""},{"title":"Android Design Support Library","originTitle":"Android Design Support Library","url":"https://coursehunter.net/course/android-design-support-library","materials":[],"subCategory":""},{"title":"Полный курс по Android Kotlin","originTitle":"The Complete Android Kotlin Developer Course","url":"https://coursehunter.net/course/polnyy-kurs-po-android-kotlin","materials":[],"subCategory":""},{"title":"Unit тестирование для Android разработчиков","originTitle":"Unit тестирование для Android разработчиков","url":"https://coursehunter.net/course/unit-testirovanie-dlya-android-razrabotchikov","materials":[],"subCategory":""},{"title":"Андроид разработка с нуля до Junior + Java для начинающих","originTitle":"Андроид разработка с нуля до Junior + Java для начинающих","url":"https://coursehunter.net/course/android-razrabotka-s-nulya-do-junior-java-dlya-nachinayushchih","materials":[],"subCategory":""},{"title":"Kindle Basic Training","originTitle":"Kindle Basic Training","url":"https://coursehunter.net/course/kindle-basic-training","materials":[],"subCategory":""},{"title":"Основы Android MvRx","originTitle":"Android MvRx Fundamentals","url":"https://coursehunter.net/course/osnovy-android-mvrx","materials":[],"subCategory":""},{"title":"AppStore JSON APIs","originTitle":"AppStore JSON APIs","url":"https://coursehunter.net/course/appstore-json-apis","materials":[],"subCategory":""},{"title":"Мастер-класс по архитектуре Android","originTitle":"Android Architecture Masterclass","url":"https://coursehunter.net/course/master-klass-po-arhitekture-android","materials":[],"subCategory":""},{"title":"Продвинутый Android - Архитектура с Dagger 2 и многое другое","originTitle":"Advanced Android - Architecture with Dagger 2 and more","url":"https://coursehunter.net/course/prodvinutyy-android-arhitektura-s-dagger-2-i-mnogoe-drugoe","materials":[],"subCategory":""},{"title":"Мастер-класс по RxJava с MVVM для разработки под Android","originTitle":"RxJava Master Class with MVVM for Android Development","url":"https://coursehunter.net/course/master-klass-po-rxjava-s-mvvm-dlya-razrabotki-pod-android","materials":[],"subCategory":""},{"title":"Android разработка с нуля до профессионала. Полный курс","originTitle":"Android разработка с нуля до профессионала. Полный курс","url":"https://coursehunter.net/course/android-razrabotka-s-nulya-do-professionala-java-kotlin","materials":[],"subCategory":""},{"title":"Android Advanced","originTitle":"Android Advanced","url":"https://coursehunter.net/course/android-advanced","materials":[],"subCategory":""},{"title":"Kotlin","originTitle":"Kotlin","url":"https://coursehunter.net/course/kotlin","materials":[],"subCategory":""},{"title":"The Essential Android O Developer Course (Java)","originTitle":"The Essential Android O Developer Course (Java)","url":"https://coursehunter.net/course/the-essential-android-o-developer-course-java","materials":[],"subCategory":""},{"title":"Android Java Мастер-класс - станьте разработчиком приложений","originTitle":"Android Java Masterclass - Become an App Developer","url":"https://coursehunter.net/course/android-java-master-klass-stante-razrabotchikom-prilozheniy","materials":[],"subCategory":""},{"title":"Android O и Java - Разработка на Android Bootcamp","originTitle":"Android O & Java - The Complete Android Development Bootcamp","url":"https://coursehunter.net/course/android-o-i-java-razrabotka-na-android-bootcamp","materials":[],"subCategory":""},{"title":"Полный курс Android Oreo - создайте 23 приложения!","originTitle":"The Complete Android Oreo Developer Course - Build 23 Apps!","url":"https://coursehunter.net/course/polnyy-kurs-android-oreo-sozdayte-23-prilozheniya","materials":[],"subCategory":""},{"title":"Kotlin для Android: c Нуля до Профи","originTitle":"Kotlin for Android: Beginner to Advanced","url":"https://coursehunter.net/course/kotlin-dlya-android-c-nulya-do-profi","materials":[],"subCategory":""},{"title":"Мастер-класс Android Kotlin с использованием Android Oreo","originTitle":"Android Kotlin Development Masterclass using Android Oreo","url":"https://coursehunter.net/course/master-klass-android-kotlin-s-ispolzovaniem-android-oreo","materials":[],"subCategory":""},{"title":"Продвинутый курс по разработке android-приложения QuizApp","originTitle":"Продвинутый курс по разработке android-приложения QuizApp","url":"https://coursehunter.net/course/prodvinutyy-kurs-po-razrabotke-android-prilozheniya-quizapp","materials":[],"subCategory":""},{"title":"Android Twitter-приложение. Второй модуль","originTitle":"Android Twitter-приложение. Второй модуль","url":"https://coursehunter.net/course/android-twitter-prilozhenie-vtoroy-modul","materials":[],"subCategory":""},{"title":"Android User Interface","originTitle":"Android User Interface","url":"https://coursehunter.net/course/android-user-interface","materials":[],"subCategory":""},{"title":"Как создать андроид-приложение для социальных сетей Twitter и Facebook","originTitle":"Как создать андроид-приложение для социальных сетей Twitter и Facebook","url":"https://coursehunter.net/course/kak-sozdat-android-prilozhenie-dlya-socialnyh-setey-twitter-i-facebook","materials":[],"subCategory":""},{"title":"Архитектура Android приложений","originTitle":"Архитектура Android приложений","url":"https://coursehunter.net/course/arhitektura-android-prilozheniy","materials":[],"subCategory":""},{"title":"Полное руководство по анимации для Android","originTitle":"The Complete Android Animations Course","url":"https://coursehunter.net/course/polnoe-rukovodstvo-po-animacii-dlya-android","materials":[],"subCategory":""},{"title":"Android-разработка - Базовый курс","originTitle":"Android-разработка - Базовый курс","url":"https://coursehunter.net/course/android-razrabotka-bazovyy-kurs","materials":[],"subCategory":""},{"title":"Firebase в IOS","originTitle":"Firebase in IOS","url":"https://coursehunter.net/course/firebase-v-ios","materials":[],"subCategory":""},{"title":"Проектирование + программирования приложения для Android с нуля","originTitle":"Design + Code an Android App from Scratch","url":"https://coursehunter.net/course/proektirovanie-programmirovaniya-prilozheniya-dlya-android-s-nulya","materials":[],"subCategory":""},{"title":"MVC","originTitle":"MVC","url":"https://coursehunter.net/course/mvc","materials":[],"subCategory":""},{"title":"Паттерны","originTitle":"Паттерны","url":"https://coursehunter.net/course/patterny","materials":[],"subCategory":""},{"title":"Firebase: Наше первое приложение","originTitle":"Firebase: Наше первое приложение","url":"https://coursehunter.net/course/firebase-nashe-pervoe-prilozhenie","materials":[],"subCategory":""},{"title":"Класс CALayer","originTitle":"Класс CALayer","url":"https://coursehunter.net/course/klass-calayer","materials":[],"subCategory":""},{"title":"Application Programming Interface (API)","originTitle":"Application Programming Interface","url":"https://coursehunter.net/course/application-programming-interface-api","materials":[],"subCategory":""},{"title":"Grand Central Dispatch","originTitle":"Grand Central Dispatch","url":"https://coursehunter.net/course/grand-central-dispatch","materials":[],"subCategory":""},{"title":"Разработка мессенджера на основе parse.com","originTitle":"Создаем мессенджер на Swift","url":"https://coursehunter.net/course/razrabotka-messendzhera-na-osnove-parse-com","materials":[],"subCategory":""},{"title":"Встроенные покупки (in-app purchases)","originTitle":"Встроенные покупки (in-app purchases)","url":"https://coursehunter.net/course/vstroennye-pokupki-in-app-purchases","materials":[],"subCategory":""},{"title":"Стань Android-разработчиком","originTitle":"Стань Android-разработчиком","url":"https://coursehunter.net/course/stan-android-razrabotchikom","materials":[],"subCategory":""},{"title":"Kotlin & Android 8 (Oreo) - Полное руководство - 2017","originTitle":"The Complete Kotlin & Android 8 (Oreo) Developer Course 2017","url":"https://coursehunter.net/course/kotlin-android-8-oreo-polnoe-rukovodstvo-2017","materials":[],"subCategory":""},{"title":"Socialize Your Apps 2017","originTitle":"Socialize Your Apps 2017","url":"https://coursehunter.net/course/socialize-your-apps-2017","materials":[],"subCategory":""},{"title":"Основы Android разбработки для новичков за 1 час","originTitle":"Fundamental Android for newbies in just 1 hour","url":"https://coursehunter.net/course/osnovy-android-razbrabotki-dlya-novichkov-za-1-chas","materials":[],"subCategory":""},{"title":"Делаем клон Fiverr с Python, Django и Braintree","originTitle":"Build Fiverr marketplace with Python Django and Braintree","url":"https://coursehunter.net/course/delaem-klon-fiverr-s-python-django-i-braintree","materials":[],"subCategory":""},{"title":"Разработка приложений под Android. Базовый курс","originTitle":"Разработка приложений под Android. Базовый курс","url":"https://coursehunter.net/course/itvdn-android-base","materials":[],"subCategory":""},{"title":"iOS 11 Первый взгляд для разработчиков","originTitle":"iOS 11 First Look for Developers","url":"https://coursehunter.net/course/lynda-ios11-fordev","materials":[],"subCategory":""},{"title":"Изучаем разработку приложений для Apple tvOS","originTitle":"Learning Apple tvOS App Development","url":"https://coursehunter.net/course/appletvos","materials":[],"subCategory":""},{"title":"Основы служб (сервисов) Android","originTitle":"Android Services Fundamentals (Ангельский)","url":"https://coursehunter.net/course/pluralsight-android-services-fundamentals","materials":[],"subCategory":""},{"title":"UX прототипирование с Principle","originTitle":"UX Prototyping with Principle","url":"https://coursehunter.net/course/leveluptutorials-ux-principle","materials":[],"subCategory":""},{"title":"Разработка приложений на Android O","originTitle":"The Complete Android O App Development","url":"https://coursehunter.net/course/udemy-the-complete-android-o-app-dev","materials":[],"subCategory":""},{"title":"Создание android приложения Reminder","originTitle":"Создание android приложения Reminder","url":"https://coursehunter.net/course/real-andoid","materials":[],"subCategory":""},{"title":"Дизайн приложения для iOS","originTitle":"Дизайн приложения для iOS","url":"https://coursehunter.net/course/studyboom-prod-ios","materials":[],"subCategory":""},{"title":"Дизайн мобильных приложений","originTitle":"Дизайн мобильных приложений","url":"https://coursehunter.net/course/studyboom-mobile-design","materials":[],"subCategory":""},{"title":"Обучение разработке на Android","originTitle":"Обучение разработке на Android","url":"https://coursehunter.net/course/android-loft","materials":[],"subCategory":""},{"title":"Разработка на Android","originTitle":"Разразботка на Android","url":"https://coursehunter.net/course/Android","materials":[],"subCategory":""},{"title":"Создание ios приложения","originTitle":"Создание Ios приложения","url":"https://coursehunter.net/course/ios","materials":[],"subCategory":""}]}