{"title":"Xamarin","url":"https://coursehunter.net/mobile-development/xamarin","courses":[{"title":"Xamarin Forms: создание нативных мобильных приложений с C#","originTitle":"Xamarin Forms: Build Native Mobile Apps with C#","url":"https://coursehunter.net/course/xamarin-forms-sozdanie-nativnyh-mobilnyh-prilozheniy-s-c","materials":[],"subCategory":""},{"title":"Полное руководство для Xamarin разработчика: iOS и Android!","originTitle":"The Complete Xamarin Developer Course: iOS And Android!","url":"https://coursehunter.net/course/polnoe-rukovodstvo-dlya-xamarin-razrabotchika-ios-i-android","materials":[],"subCategory":""},{"title":"Разработка пользовательского графического интерфейса (GUI) на C# под Android","originTitle":"Разработка пользовательского графического интерфейса (GUI) на C# под Android","url":"https://coursehunter.net/course/itvdn-gui-android","materials":[],"subCategory":""}]}