{"title":"Uncategorised","url":"https://coursehunter.net/systemprogramming","courses":[{"title":"C ++ Обработка изображений с нуля","originTitle":"C ++Image Processing From Ground Up™","url":"https://coursehunter.net/course/c-obrabotka-izobrazheniy-s-nulya","materials":[],"subCategory":""},{"title":"Разработчик C++ (Часть 1)","originTitle":"Разработчик C++","url":"https://coursehunter.net/course/razrabotchik-c-chast-1","materials":[],"subCategory":""},{"title":"Unreal Engine C ++ Курс для разработчиков игр","originTitle":"Unreal Engine C++ The Ultimate Game Developer Course","url":"https://coursehunter.net/course/unreal-engine-c-kurs-dlya-razrabotchikov-igr","materials":[],"subCategory":""},{"title":"Изучите программирование на C ++ с помощью анимации","originTitle":"Learn Programming in C++ with the Power of Animation","url":"https://coursehunter.net/course/izuchite-programmirovanie-na-c-s-pomoshchyu-animacii","materials":[],"subCategory":""},{"title":"Cтруктуры данных и алгоритмы с использованием C и C ++","originTitle":"Mastering Data Structures & Algorithms using C and C++","url":"https://coursehunter.net/course/ctruktury-dannyh-i-algoritmy-s-ispolzovaniem-c-i-c","materials":[],"subCategory":""},{"title":"C++ Advanced","originTitle":"C++ Advanced","url":"https://coursehunter.net/course/c-advanced","materials":[],"subCategory":""},{"title":"C++ Starter","originTitle":"C++ Starter","url":"https://coursehunter.net/course/c-starter","materials":[],"subCategory":""},{"title":"Язык программирования Rust для начинающих","originTitle":"Rust Programming Language for Beginners","url":"https://coursehunter.net/course/yazyk-programmirovaniya-rust-dlya-nachinayushchih","materials":[],"subCategory":""},{"title":"Структуры данных и алгоритмы в C ++. Подготовка к собеседованию","originTitle":"Data Structures and Algorithms in C++ For Coding Interview","url":"https://coursehunter.net/course/struktury-dannyh-i-algoritmy-v-c-podgotovka-k-sobesedovaniyu","materials":[],"subCategory":""},{"title":"Изучение программирования на C++. От простого к сложному в C++.","originTitle":"Learn C++ Programming -Beginner to Advance- Deep Dive in C++","url":"https://coursehunter.net/course/izuchenie-programmirovaniya-na-c-ot-prostogo-k-slozhnomu-v-c","materials":[],"subCategory":""},{"title":"C++ Essential","originTitle":"C++ Essential","url":"https://coursehunter.net/course/c-essential","materials":[],"subCategory":""},{"title":"[Перевод] [RU] Unreal Engine курс - Изучите C ++ и делайте игры","originTitle":"The Unreal Engine Developer Course - Learn C++ & Make Games","url":"https://coursehunter.net/course/perevod-ru-unreal-engine-kurs-izuchite-c-i-delayte-igry","materials":[],"subCategory":""},{"title":"Программирование на C (си) для начинающих","originTitle":"C Programming For Beginners - Master the C Language","url":"https://coursehunter.net/course/programmirovanie-na-c-si-dlya-nachinayushchih","materials":[],"subCategory":""},{"title":"Язык программирования Rust","originTitle":"The Rust Programming Language","url":"https://coursehunter.net/course/yazyk-programmirovaniya-rust","materials":[],"subCategory":""},{"title":"Изучение и понимания C++","originTitle":"Learn and Understand C++","url":"https://coursehunter.net/course/izuchenie-i-ponimaniya-c","materials":[],"subCategory":""},{"title":"Основы языка программирования C","originTitle":"Fundamentals of the C Programming Language","url":"https://coursehunter.net/course/osnovy-yazyka-programmirovaniya-c","materials":[],"subCategory":""},{"title":"Элементы математической логики","originTitle":"Элементы математической логики","url":"https://coursehunter.net/course/itvdn-logic","materials":[],"subCategory":""},{"title":"C++ in QT Framework","originTitle":"C++ Programming In QT Framework","url":"https://coursehunter.net/course/cplusqt","materials":[],"subCategory":""},{"title":"WPF","originTitle":"WPF 4.5  (Ангельский)","url":"https://coursehunter.net/course/wpf","materials":[],"subCategory":""},{"title":"Регулярные выражения","originTitle":"Регулярные выражения (Ангельский)","url":"https://coursehunter.net/course/regexp","materials":[],"subCategory":""}]}