{"title":"Uncategorised","url":"https://coursehunter.net/blockchain","courses":[{"title":"Блокчейн Смарт Контракты и Фронтенд Программирование (EOS EOSIO)","originTitle":"Blockchain Smart Contract & Frontend Programming (EOS EOSIO)","url":"https://coursehunter.net/course/blokcheyn-smart-kontrakty-i-frontend-programmirovanie-eos-eosio","materials":[],"subCategory":""},{"title":"Освойте Hyperledger Чейнкод Разработку используя GoLang","originTitle":"Mastering Hyperledger Chaincode Development using GoLang","url":"https://coursehunter.net/course/osvoyte-hyperledger-cheynkod-razrabotku-ispolzuya-golang","materials":[],"subCategory":""},{"title":"Постройте блокчейн и криптовалюту | Full-Stack Edition","originTitle":"Build a Blockchain & Cryptocurrency | Full-Stack Edition","url":"https://coursehunter.net/course/postroyte-blokcheyn-i-kriptovalyutu-full-stack-edition","materials":[],"subCategory":""},{"title":"Изучение Blockchain разработки с EOS и C++","originTitle":"Learning Blockchain Development with EOS and C++","url":"https://coursehunter.net/course/izuchenie-blockchain-razrabotki-s-eos-i-c","materials":[],"subCategory":""},{"title":"Разработчик Ethereum Blockchain 2018/19: Bootcamp","originTitle":"Ethereum Blockchain Developer 2018/19: The Complete Bootcamp","url":"https://coursehunter.net/course/razrabotchik-ethereum-blockchain-2018-19-bootcamp","materials":[],"subCategory":""},{"title":"Изучите Python, создав Блокчейн и Криптовалюту","originTitle":"Learn Python by Building a Blockchain & Cryptocurrency","url":"https://coursehunter.net/course/izuchite-python-sozdav-blokcheyn-i-kriptovalyutu","materials":[],"subCategory":""},{"title":"Blockchain разработка на Hyperledger Fabric используя Composer","originTitle":"Blockchain Development on Hyperledger Fabric using Composer","url":"https://coursehunter.net/course/blockchain-razrabotka-na-hyperledger-fabric-ispolzuya-composer","materials":[],"subCategory":""},{"title":"Разработка игр на Ethereum: Создаем игру с Blockchain","originTitle":"Ethereum Game Development: Build A Game On The Blockchain","url":"https://coursehunter.net/course/razrabotka-igr-na-ethereum-sozdaem-igru-s-blockchain","materials":[],"subCategory":""},{"title":"Создайте свою криптовалюту и блокчейн с нуля","originTitle":"Build a Blockchain and a Cryptocurrency from Scratch","url":"https://coursehunter.net/course/sozdayte-svoyu-kriptovalyutu-i-blokcheyn-s-nulya","materials":[],"subCategory":""},{"title":"Блокчейн и смарт-контракты - что это такое простыми словами?","originTitle":"Блокчейн и смарт-контракты - что это такое простыми словами?","url":"https://coursehunter.net/course/blokcheyn-i-smart-kontrakty-chto-eto-takoe-prostymi-slovami","materials":[],"subCategory":""},{"title":"Ethereum и Solidity: Полное руководство","originTitle":"Ethereum and Solidity: The Complete Developer's Guide","url":"https://coursehunter.net/course/ethereum-i-solidity-polnoe-rukovodstvo","materials":[],"subCategory":""},{"title":"Мастер-класс по Ethereum: Создай реальный проект","originTitle":"Ethereum Developer Masterclass: Build Real World Projects","url":"https://coursehunter.net/course/udemy-ethereum","materials":[],"subCategory":""},{"title":"Bitcoin, the Blockchain и как они могут изменить мир","originTitle":"Bitcoin, the Blockchain, and Their Potential to Change Our World","url":"https://coursehunter.net/course/bitcoin","materials":[],"subCategory":""}]}