{"title":"Криптовалюты","url":"https://coursehunter.net/blockchain/kriptovalyuty","courses":[{"title":"Python и Криптовалюта: Создаем 5 реальных приложений","originTitle":"Python & Cryptocurrency : Build 5 Real World Applications","url":"https://coursehunter.net/course/python-i-kriptovalyuta-sozdaem-5-realnyh-prilozheniy","materials":[],"subCategory":""},{"title":"Криптобизнес 2.0","originTitle":"Криптобизнес 2.0","url":"https://coursehunter.net/course/kriptobiznes-2-0","materials":[],"subCategory":""},{"title":"Введение в первичное размещение токенов (ICO) aka Crowdsale","originTitle":"Introduction to Initial Coin Offering (ICO) aka Crowdsale","url":"https://coursehunter.net/course/vvedenie-v-pervichnoe-razmeshchenie-tokenov-ico-aka-crowdsale","materials":[],"subCategory":""},{"title":"Курс «Анатомия блокчейна»","originTitle":"Анатомия блокчейна","url":"https://coursehunter.net/course/geekbrains-mailpomoyka-anatomiya-blockchain","materials":[],"subCategory":""}]}