{"title":"AngularJS","url":"https://coursehunter.net/frontend/angularjs","courses":[{"title":"Разработка приложения на Angular 1x","originTitle":"AngularJS 1.x Application Development","url":"https://coursehunter.net/course/fm-angular1x-app-dev","materials":["https://vs1.coursehunter.net/fm-angular1x-app-dev/001.mp4","https://vs1.coursehunter.net/fm-angular1x-app-dev/002.mp4","https://vs1.coursehunter.net/fm-angular1x-app-dev/003.mp4","https://vs1.coursehunter.net/fm-angular1x-app-dev/004.mp4","https://vs1.coursehunter.net/fm-angular1x-app-dev/005.mp4","https://vs1.coursehunter.net/fm-angular1x-app-dev/006.mp4","https://vs1.coursehunter.net/fm-angular1x-app-dev/007.mp4","https://vs1.coursehunter.net/fm-angular1x-app-dev/008.mp4","https://vs1.coursehunter.net/fm-angular1x-app-dev/009.mp4","https://vs1.coursehunter.net/fm-angular1x-app-dev/010.mp4","https://vs1.coursehunter.net/fm-angular1x-app-dev/011.mp4","https://vs1.coursehunter.net/fm-angular1x-app-dev/012.mp4","https://vs1.coursehunter.net/fm-angular1x-app-dev/013.mp4","https://vs1.coursehunter.net/fm-angular1x-app-dev/014.mp4","https://vs1.coursehunter.net/fm-angular1x-app-dev/015.mp4","https://vs1.coursehunter.net/fm-angular1x-app-dev/016.mp4","https://vs1.coursehunter.net/fm-angular1x-app-dev/017.mp4","https://vs1.coursehunter.net/fm-angular1x-app-dev/018.mp4","https://vs1.coursehunter.net/fm-angular1x-app-dev/019.mp4","https://vs1.coursehunter.net/fm-angular1x-app-dev/020.mp4","https://vs1.coursehunter.net/fm-angular1x-app-dev/021.mp4","https://vs1.coursehunter.net/fm-angular1x-app-dev/022.mp4","https://vs1.coursehunter.net/fm-angular1x-app-dev/023.mp4","https://vs1.coursehunter.net/fm-angular1x-app-dev/024.mp4","https://vs1.coursehunter.net/fm-angular1x-app-dev/025.mp4","https://vs1.coursehunter.net/fm-angular1x-app-dev/026.mp4","https://vs1.coursehunter.net/fm-angular1x-app-dev/027.mp4","https://vs1.coursehunter.net/fm-angular1x-app-dev/028.mp4","https://vs1.coursehunter.net/fm-angular1x-app-dev/029.mp4","https://vs1.coursehunter.net/fm-angular1x-app-dev/030.mp4","https://vs1.coursehunter.net/fm-angular1x-app-dev/031.mp4","https://vs1.coursehunter.net/fm-angular1x-app-dev/032.mp4","https://vs1.coursehunter.net/fm-angular1x-app-dev/033.mp4","https://vs1.coursehunter.net/fm-angular1x-app-dev/034.mp4","https://vs1.coursehunter.net/fm-angular1x-app-dev/035.mp4","https://vs1.coursehunter.net/fm-angular1x-app-dev/036.mp4"],"subCategory":""},{"title":"AngularJS Pro","originTitle":"AngularJS Pro","url":"https://coursehunter.net/course/angularjs-pro","materials":[],"subCategory":""},{"title":"Основы AngularJS","originTitle":"AngularJS Fundamentals","url":"https://coursehunter.net/course/osnovy-angularjs","materials":[],"subCategory":""},{"title":"Производительность AngularJS","originTitle":"AngularJS Performance","url":"https://coursehunter.net/course/proizvoditelnost-angularjs","materials":[],"subCategory":""},{"title":"Создаем MVP с помощью AngularJS и Firebase. Клон TaskRabbit","originTitle":"Build an MVP with AngularJS + Firebase by cloning TaskRabbit","url":"https://coursehunter.net/course/sozdayte-mvp-s-pomoshchyu-angularjs-firebase-taskrabbit","materials":[],"subCategory":""},{"title":"Компонентная архитектура в Angular 1.x и ES6","originTitle":"Component-Based Architecture in Angular 1.x (ES6)","url":"https://coursehunter.net/course/fm-angular-es6","materials":[],"subCategory":""},{"title":"Angular js","originTitle":"Angular js","url":"https://coursehunter.net/course/angularjs","materials":[],"subCategory":""}]}