{"title":"CSS","url":"https://coursehunter.net/frontend/css","courses":[{"title":"Конвертируйте SCSS (Sass) в CSS-in-JS","originTitle":"Convert SCSS (Sass) to CSS-in-JS","url":"https://coursehunter.net/course/konvertiruyte-scss-sass-v-css-in-js","materials":["https://vs2.coursehunter.net/egghead-cssinjs/code.zip"],"subCategory":""},{"title":"CSS - Полное руководство (включая Flexbox, Grid и Sass)","originTitle":"CSS - The Complete Guide (incl. Flexbox, Grid & Sass)","url":"https://coursehunter.net/course/css-polnoe-rukovodstvo-vklyuchaya-flexbox-grid-i-sass","materials":["https://vs1.coursehunter.net/udemy-css-complete-guide/css-complete-guide.zip"],"subCategory":""},{"title":"Фреймворк Bootstrap 4: Руководство по адаптивной верстке","originTitle":"Фреймворк Bootstrap 4: Руководство по адаптивной верстке","url":"https://coursehunter.net/course/freymvork-bootstrap-4-rukovodstvo-po-adaptivnoy-verstke","materials":["https://vs3.coursehunter.net/w4mslf-b4new/code.zip"],"subCategory":""},{"title":"Продвинутая вёрстка (SmartGrid 2019)","originTitle":"Продвинутая вёрстка","url":"https://coursehunter.net/course/prodvinutaya-verstka-smartgrid-2019","materials":["https://vs3.coursehunter.net/dl-sm2pv/code.zip"],"subCategory":""},{"title":"Технология CSS Grid. Руководство по адаптивной верстке","originTitle":"Технология CSS Grid. Руководство по адаптивной верстке","url":"https://coursehunter.net/course/tehnologiya-css-grid-rukovodstvo-po-adaptivnoy-verstke","materials":["https://vs3.coursehunter.net/wfms-grid/code.zip"],"subCategory":""},{"title":"Адаптивный (Responsive) веб-дизайн - Bootcamp (SCREENCAST)","originTitle":"The Responsive Web Design Bootcamp","url":"https://coursehunter.net/course/adaptivnyy-responsive-veb-dizayn-bootcamp-screencast","materials":[],"subCategory":""},{"title":"CSS Flexbox в глубине","originTitle":"CSS Flexbox in Depth","url":"https://coursehunter.net/course/css-flexbox-v-glubine","materials":[],"subCategory":""},{"title":"[Книга] Every Layout - Relearn CSS layout","originTitle":"Every Layout - Relearn CSS layout","url":"https://coursehunter.net/course/kniga-every-layout-relearn-css-layout","materials":[],"subCategory":""},{"title":"CSS Grid 2019","originTitle":"Mastering CSS Grid 2019","url":"https://coursehunter.net/course/css-grid-2019","materials":[],"subCategory":""},{"title":"CSS в глубине - v3","originTitle":"CSS In-Depth, v3","url":"https://coursehunter.net/course/css-v-glubine-v3","materials":[],"subCategory":""},{"title":"Продвинутые CCS Макеты","originTitle":"Advanced CSS Layouts","url":"https://coursehunter.net/course/prodvinutye-ccs-makety","materials":[],"subCategory":""},{"title":"Введение в маскирование текста в вебе","originTitle":"Introduction to Text Masking on the Web","url":"https://coursehunter.net/course/vvedenie-v-maskirovanie-teksta-v-vebe","materials":[],"subCategory":""},{"title":"Начало работы с Multi-Column разметкой CSS","originTitle":"Getting Started With CSS Multi-Column Layout","url":"https://coursehunter.net/course/nachalo-raboty-s-multi-column-razmetkoy-css","materials":[],"subCategory":""},{"title":"CSS Layout и Анимации","originTitle":"CSS Layout and Animations","url":"https://coursehunter.net/course/css-layout-i-animacii","materials":[],"subCategory":""},{"title":"CSS-селекторы в глубине","originTitle":"CSS Selectors in Depth","url":"https://coursehunter.net/course/css-selektory-v-glubine","materials":[],"subCategory":""},{"title":"Создавайте удивительные анимации с GreenSock","originTitle":"Create Amazing Animations with GreenSock","url":"https://coursehunter.net/course/sozdavayte-udivitelnye-animacii-s-greensock","materials":[],"subCategory":""},{"title":"Bootstrap 4 с нуля с 5 проектами","originTitle":"Bootstrap 4 From Scratch With 5 Projects","url":"https://coursehunter.net/course/bootstrap-4-s-nulya-s-5-proektami","materials":[],"subCategory":""},{"title":"Bootstrap 4 Bootcamp","originTitle":"The Bootstrap 4 Bootcamp","url":"https://coursehunter.net/course/bootstrap-4-bootcamp","materials":[],"subCategory":""},{"title":"Build User Interfaces by Composing CSS Utility Classes with Tailwind","originTitle":"Build User Interfaces by Composing CSS Utility Classes with Tailwind","url":"https://coursehunter.net/course/build-user-interfaces-by-composing-css-utility-classes-with-tailwind","materials":[],"subCategory":""},{"title":"Sass - от новичка до реального проекта","originTitle":"Sass - from beginner to real world","url":"https://coursehunter.net/course/sass-ot-novichka-do-realnogo-proekta","materials":[],"subCategory":""},{"title":"Построение сложных макетов c CSS Grid","originTitle":"Build Complex Layouts with CSS Grid Layout","url":"https://coursehunter.net/course/postroenie-slozhnyh-maketov-c-css-grid","materials":[],"subCategory":""},{"title":"Повысьте свои навыки css анимации - практический курс","originTitle":"Level up your CSS animation skills","url":"https://coursehunter.net/course/povyste-svoi-navyki-css-animacii-prakticheskiy-kurs","materials":[],"subCategory":""},{"title":"Twitter Bootstrap 4","originTitle":"Twitter Bootstrap 4","url":"https://coursehunter.net/course/twitter-bootstrap-4","materials":[],"subCategory":""},{"title":"Продвинутый CSS и Sass: Поднимите свой CSS на следующий уровень!","originTitle":"Advanced CSS and Sass: Take Your CSS to the Next Level!","url":"https://coursehunter.net/course/prodvinutyy-css-i-sass-podnimite-svoy-css-na-sleduyushchiy-uroven","materials":[],"subCategory":""},{"title":"CSS Animations & Transitions","originTitle":"CSS Animations & Transitions","url":"https://coursehunter.net/course/css-animations-transitions","materials":[],"subCategory":""},{"title":"Современные CSS Сетки","originTitle":"Modern CSS Layouts","url":"https://coursehunter.net/course/sovremennye-css-setki","materials":[],"subCategory":""},{"title":"Materialize CSS с нуля + 5 проектов в курсе","originTitle":"Materialize CSS From Scratch With 5 Projects","url":"https://coursehunter.net/course/materialize-css-s-nulya-5-proektov-v-kurse","materials":[],"subCategory":""},{"title":"Фреймворк Bootstrap 4","originTitle":"Фреймворк Bootstrap 4","url":"https://coursehunter.net/course/freymvork-bootstrap-4","materials":[],"subCategory":""},{"title":"Эффекты Parallax","originTitle":"Эффекты Parallax","url":"https://coursehunter.net/course/effekty-parallax","materials":[],"subCategory":""},{"title":"Изучаем CSS GRID","originTitle":"Learn CSS GRID","url":"https://coursehunter.net/course/izuchaem-css-grid","materials":[],"subCategory":""},{"title":"CSS генераторы кода","originTitle":"CSS генераторы кода","url":"https://coursehunter.net/course/css-generatory-koda","materials":[],"subCategory":""},{"title":"Повторное использование стилей Flexbox с помощью миксинов Sass","originTitle":"Reuse Flexbox Styles With A Sass Mixin","url":"https://coursehunter.net/course/povtornoe-ispolzovanie-stiley-flexbox-s-pomoshchyu-miksinov-sass","materials":[],"subCategory":""},{"title":"Создайте анимированный Hamburger, используя HTML5 и CSS3","originTitle":"Create an Animated Hamburger using HTML5 and CSS3","url":"https://coursehunter.net/course/sozdayte-animirovannyy-hamburger-ispolzuya-html5-i-css3","materials":[],"subCategory":""},{"title":"Все лучшее и самое полезное о SCSS","originTitle":"Learn the Best and Most Useful SCSS","url":"https://coursehunter.net/course/vse-luchshee-i-samoe-poleznoe-o-scss","materials":[],"subCategory":""},{"title":"CSS в глубине - v2","originTitle":"CSS In-Depth, v2","url":"https://coursehunter.net/course/css-v-glubine-v2","materials":[],"subCategory":""},{"title":"Skrollr Workshop","originTitle":"Skrollr Workshop","url":"https://coursehunter.net/course/skrollr-workshop","materials":[],"subCategory":""},{"title":"Parallax скроллинг. Мастер Класс","originTitle":"Parallax Scrolling Master Class","url":"https://coursehunter.net/course/parallax-skrolling-master-klass","materials":[],"subCategory":""},{"title":"ScrollMagic Workshop","originTitle":"ScrollMagic Workshop","url":"https://coursehunter.net/course/scrollmagic-workshop","materials":[],"subCategory":""},{"title":"GreenSock Workshop","originTitle":"GreenSock Workshop","url":"https://coursehunter.net/course/greensock-workshop","materials":[],"subCategory":""},{"title":"CSS Анимированный Poké Ball","originTitle":"CSS Animated Poké Ball","url":"https://coursehunter.net/course/css-animirovannyy-poke-ball","materials":[],"subCategory":""},{"title":"BEM или не BEM?","originTitle":"To BEM or not to BEM?","url":"https://coursehunter.net/course/bem-chi-ne-bem","materials":[],"subCategory":""},{"title":"Курс Bootstrap 4 с нуля","originTitle":"Learn Bootstrap 4 Web Development From Scratch","url":"https://coursehunter.net/course/udemy-learn-bootstrap-4","materials":[],"subCategory":""},{"title":"CSS-сетки и Flexbox в адаптивном веб-дизайне","originTitle":"CSS Grids and Flexbox in Responsive Web Design","url":"https://coursehunter.net/course/fm-flexbox-and-grids","materials":[],"subCategory":""},{"title":"Анимация SVG с помощью CSS","originTitle":"Animating SVG with CSS","url":"https://coursehunter.net/course/treehouse-svg-css","materials":[],"subCategory":""},{"title":"Основы Bootstrap 4","originTitle":"Bootstrap 4 Basics","url":"https://coursehunter.net/course/treehouse-bootstrap4","materials":[],"subCategory":""},{"title":"Основы Flexbox","originTitle":"Flexbox Fundamentals","url":"https://coursehunter.net/course/egghead-flexbox","materials":[],"subCategory":""},{"title":"Препроцессоры Sass и Less","originTitle":"Препроцессоры Sass и Less. Автоматизация и упрощение Front-end разработки","url":"https://coursehunter.net/course/webformyself-sass-less","materials":[],"subCategory":""},{"title":"Адаптивная типографика","originTitle":"Responsive Typography","url":"https://coursehunter.net/course/frontendmasters-responsive-typography","materials":[],"subCategory":""},{"title":"Основы Sass","originTitle":"Sass Fundamentals","url":"https://coursehunter.net/course/frontendmaster-sass-fundamentals","materials":[],"subCategory":""},{"title":"Продвинутые CSS Layout техники","originTitle":"Advanced CSS Layout Techniques","url":"https://coursehunter.net/course/egghead-css","materials":[],"subCategory":""},{"title":"CSS3 в глубине","originTitle":"CSS3 In-Depth","url":"https://coursehunter.net/course/fm-css3","materials":[],"subCategory":""},{"title":"CSS методология - SMACSS","originTitle":"CSS методология - SMACSS","url":"https://coursehunter.net/course/fm-smacss","materials":[],"subCategory":""},{"title":"PostCSS","originTitle":"What is PostCSS?","url":"https://coursehunter.net/course/post-css","materials":[],"subCategory":""},{"title":"Motion Design с помощью CSS","originTitle":"Motion Design with CSS","url":"https://coursehunter.net/course/motion-design-css","materials":[],"subCategory":""},{"title":"CSS анимация","originTitle":"CSS: Анимация","url":"https://coursehunter.net/course/cssanimation","materials":[],"subCategory":""},{"title":"CSS","originTitle":"CSS Cross Country (Ангельский)","url":"https://coursehunter.net/course/csscc","materials":[],"subCategory":""},{"title":"CSS Анимация","originTitle":"CSS Анимация","url":"https://coursehunter.net/course/css-animation","materials":[],"subCategory":""},{"title":"Уроки респонсив и адаптивной верстки","originTitle":"Responsive and adaptive","url":"https://coursehunter.net/course/responsive-and-adaptive","materials":[],"subCategory":""},{"title":"CSS 3","originTitle":"CSS3","url":"https://coursehunter.net/course/CSS3","materials":[],"subCategory":""}]}