{"title":"Elm","url":"https://coursehunter.net/frontend/elm","courses":[{"title":"Elm","originTitle":"Elm","url":"https://coursehunter.net/course/fm-elm","materials":["https://vs1.coursehunter.net/fm-elm/001.mp4","https://vs1.coursehunter.net/fm-elm/002.mp4","https://vs1.coursehunter.net/fm-elm/003.mp4","https://vs1.coursehunter.net/fm-elm/004.mp4","https://vs1.coursehunter.net/fm-elm/005.mp4","https://vs1.coursehunter.net/fm-elm/006.mp4","https://vs1.coursehunter.net/fm-elm/007.mp4","https://vs1.coursehunter.net/fm-elm/008.mp4","https://vs1.coursehunter.net/fm-elm/009.mp4","https://vs1.coursehunter.net/fm-elm/010.mp4","https://vs1.coursehunter.net/fm-elm/011.mp4","https://vs1.coursehunter.net/fm-elm/012.mp4","https://vs1.coursehunter.net/fm-elm/013.mp4","https://vs1.coursehunter.net/fm-elm/014.mp4","https://vs1.coursehunter.net/fm-elm/015.mp4","https://vs1.coursehunter.net/fm-elm/016.mp4","https://vs1.coursehunter.net/fm-elm/017.mp4","https://vs1.coursehunter.net/fm-elm/018.mp4","https://vs1.coursehunter.net/fm-elm/019.mp4","https://vs1.coursehunter.net/fm-elm/020.mp4","https://vs1.coursehunter.net/fm-elm/021.mp4","https://vs1.coursehunter.net/fm-elm/022.mp4","https://vs1.coursehunter.net/fm-elm/023.mp4","https://vs1.coursehunter.net/fm-elm/024.mp4","https://vs1.coursehunter.net/fm-elm/025.mp4","https://vs1.coursehunter.net/fm-elm/026.mp4","https://vs1.coursehunter.net/fm-elm/027.mp4","https://vs1.coursehunter.net/fm-elm/028.mp4","https://vs1.coursehunter.net/fm-elm/029.mp4","https://vs1.coursehunter.net/fm-elm/030.mp4","https://vs1.coursehunter.net/fm-elm/031.mp4","https://vs1.coursehunter.net/fm-elm/032.mp4","https://vs1.coursehunter.net/fm-elm/033.mp4","https://vs1.coursehunter.net/fm-elm/034.mp4","https://vs1.coursehunter.net/fm-elm/035.mp4","https://vs1.coursehunter.net/fm-elm/036.mp4","https://vs1.coursehunter.net/fm-elm/037.mp4","https://vs1.coursehunter.net/fm-elm/038.mp4","https://vs1.coursehunter.net/fm-elm/039.mp4","https://vs1.coursehunter.net/fm-elm/040.mp4","https://vs1.coursehunter.net/fm-elm/041.mp4","https://vs1.coursehunter.net/fm-elm/042.mp4","https://vs1.coursehunter.net/fm-elm/043.mp4","https://vs1.coursehunter.net/fm-elm/044.mp4","https://vs1.coursehunter.net/fm-elm/045.mp4","https://vs1.coursehunter.net/fm-elm/046.mp4","https://vs1.coursehunter.net/fm-elm/047.mp4","https://vs1.coursehunter.net/fm-elm/048.mp4","https://vs1.coursehunter.net/fm-elm/049.mp4","https://vs1.coursehunter.net/fm-elm/050.mp4","https://vs1.coursehunter.net/fm-elm/051.mp4","https://vs1.coursehunter.net/fm-elm/052.mp4","https://vs1.coursehunter.net/fm-elm/053.mp4","https://vs1.coursehunter.net/fm-elm/054.mp4","https://vs1.coursehunter.net/fm-elm/055.mp4","https://vs1.coursehunter.net/fm-elm/056.mp4","https://vs1.coursehunter.net/fm-elm/057.mp4","https://vs1.coursehunter.net/fm-elm/058.mp4","https://vs1.coursehunter.net/fm-elm/059.mp4","https://vs1.coursehunter.net/fm-elm/060.mp4","https://vs1.coursehunter.net/fm-elm/061.mp4","https://vs1.coursehunter.net/fm-elm/062.mp4","https://vs1.coursehunter.net/fm-elm/063.mp4","https://vs1.coursehunter.net/fm-elm/064.mp4","https://vs1.coursehunter.net/fm-elm/065.mp4","https://vs1.coursehunter.net/fm-elm/066.mp4","https://vs1.coursehunter.net/fm-elm/067.mp4","https://vs1.coursehunter.net/fm-elm/068.mp4","https://vs1.coursehunter.net/fm-elm/069.mp4","https://vs1.coursehunter.net/fm-elm/070.mp4","https://vs1.coursehunter.net/fm-elm/071.mp4","https://vs1.coursehunter.net/fm-elm/072.mp4","https://vs1.coursehunter.net/fm-elm/073.mp4","https://vs1.coursehunter.net/fm-elm/074.mp4","https://vs1.coursehunter.net/fm-elm/075.mp4","https://vs1.coursehunter.net/fm-elm/076.mp4","https://vs1.coursehunter.net/fm-elm/077.mp4","https://vs1.coursehunter.net/fm-elm/078.mp4","https://vs1.coursehunter.net/fm-elm/079.mp4"],"subCategory":""},{"title":"Введение в Elm v2","originTitle":"Introduction to Elm v2","url":"https://coursehunter.net/course/vvedenie-v-elm-v2","materials":["https://vs2.coursehunter.net/fm-elmv2-workshop/lesson1.webm","https://vs2.coursehunter.net/fm-elmv2-workshop/lesson2.webm","https://vs2.coursehunter.net/fm-elmv2-workshop/lesson3.webm","https://vs2.coursehunter.net/fm-elmv2-workshop/lesson4.webm","https://vs2.coursehunter.net/fm-elmv2-workshop/lesson5.webm","https://vs2.coursehunter.net/fm-elmv2-workshop/lesson6.webm","https://vs2.coursehunter.net/fm-elmv2-workshop/lesson7.webm","https://vs2.coursehunter.net/fm-elmv2-workshop/lesson8.webm","https://vs2.coursehunter.net/fm-elmv2-workshop/lesson9.webm","https://vs2.coursehunter.net/fm-elmv2-workshop/lesson10.webm","https://vs2.coursehunter.net/fm-elmv2-workshop/lesson11.webm","https://vs2.coursehunter.net/fm-elmv2-workshop/lesson12.webm","https://vs2.coursehunter.net/fm-elmv2-workshop/lesson13.webm","https://vs2.coursehunter.net/fm-elmv2-workshop/lesson14.webm","https://vs2.coursehunter.net/fm-elmv2-workshop/lesson15.webm","https://vs2.coursehunter.net/fm-elmv2-workshop/lesson16.webm","https://vs2.coursehunter.net/fm-elmv2-workshop/lesson17.webm","https://vs2.coursehunter.net/fm-elmv2-workshop/lesson18.webm","https://vs2.coursehunter.net/fm-elmv2-workshop/lesson19.webm","https://vs2.coursehunter.net/fm-elmv2-workshop/lesson20.webm","https://vs2.coursehunter.net/fm-elmv2-workshop/lesson21.webm","https://vs2.coursehunter.net/fm-elmv2-workshop/lesson22.webm","https://vs2.coursehunter.net/fm-elmv2-workshop/lesson23.webm","https://vs2.coursehunter.net/fm-elmv2-workshop/lesson24.webm","https://vs2.coursehunter.net/fm-elmv2-workshop/lesson25.webm","https://vs2.coursehunter.net/fm-elmv2-workshop/lesson26.webm","https://vs2.coursehunter.net/fm-elmv2-workshop/lesson27.webm","https://vs2.coursehunter.net/fm-elmv2-workshop/lesson28.webm","https://vs2.coursehunter.net/fm-elmv2-workshop/lesson29.webm","https://vs2.coursehunter.net/fm-elmv2-workshop/lesson30.webm","https://vs2.coursehunter.net/fm-elmv2-workshop/lesson31.webm","https://vs2.coursehunter.net/fm-elmv2-workshop/lesson32.webm","https://vs2.coursehunter.net/fm-elmv2-workshop/lesson33.webm","https://vs2.coursehunter.net/fm-elmv2-workshop/lesson34.webm","https://vs2.coursehunter.net/fm-elmv2-workshop/lesson35.webm","https://vs2.coursehunter.net/fm-elmv2-workshop/lesson36.webm","https://vs2.coursehunter.net/fm-elmv2-workshop/lesson37.webm","https://vs2.coursehunter.net/fm-elmv2-workshop/lesson38.webm","https://vs2.coursehunter.net/fm-elmv2-workshop/lesson39.webm","https://vs2.coursehunter.net/fm-elmv2-workshop/lesson40.webm","https://vs2.coursehunter.net/fm-elmv2-workshop/lesson41.webm","https://vs2.coursehunter.net/fm-elmv2-workshop/lesson42.webm","https://vs2.coursehunter.net/fm-elmv2-workshop/lesson43.webm","https://vs2.coursehunter.net/fm-elmv2-workshop/lesson44.webm","https://vs2.coursehunter.net/fm-elmv2-workshop/lesson45.webm","https://vs2.coursehunter.net/fm-elmv2-workshop/lesson46.webm","https://vs2.coursehunter.net/fm-elmv2-workshop/lesson47.webm","https://vs2.coursehunter.net/fm-elmv2-workshop/lesson48.webm","https://vs2.coursehunter.net/fm-elmv2-workshop/lesson49.webm","https://vs2.coursehunter.net/fm-elmv2-workshop/lesson50.webm","https://vs2.coursehunter.net/fm-elmv2-workshop/lesson51.webm","https://vs2.coursehunter.net/fm-elmv2-workshop/lesson52.webm","https://vs2.coursehunter.net/fm-elmv2-workshop/lesson53.webm","https://vs2.coursehunter.net/fm-elmv2-workshop/lesson54.webm","https://vs2.coursehunter.net/fm-elmv2-workshop/lesson55.webm","https://vs2.coursehunter.net/fm-elmv2-workshop/lesson56.webm","https://vs2.coursehunter.net/fm-elmv2-workshop/lesson57.webm","https://vs2.coursehunter.net/fm-elmv2-workshop/lesson58.webm","https://vs2.coursehunter.net/fm-elmv2-workshop/lesson59.webm","https://vs2.coursehunter.net/fm-elmv2-workshop/lesson60.webm","https://vs2.coursehunter.net/fm-elmv2-workshop/lesson61.webm","https://vs2.coursehunter.net/fm-elmv2-workshop/lesson62.webm","https://vs2.coursehunter.net/fm-elmv2-workshop/lesson63.webm","https://vs2.coursehunter.net/fm-elmv2-workshop/lesson64.webm","https://vs2.coursehunter.net/fm-elmv2-workshop/lesson65.webm","https://vs2.coursehunter.net/fm-elmv2-workshop/lesson66.webm","https://vs2.coursehunter.net/fm-elmv2-workshop/lesson67.webm","https://vs2.coursehunter.net/fm-elmv2-workshop/lesson68.webm","https://vs2.coursehunter.net/fm-elmv2-workshop/lesson69.webm","https://vs2.coursehunter.net/fm-elmv2-workshop/lesson70.webm","https://vs2.coursehunter.net/fm-elmv2-workshop/lesson71.webm","https://vs2.coursehunter.net/fm-elmv2-workshop/lesson72.webm"],"subCategory":""},{"title":"Elm за пределами основ","originTitle":"Elm Beyond the Basics","url":"https://coursehunter.net/course/elm-za-predelami-osnov","materials":[],"subCategory":""},{"title":"Продвинутый Elm","originTitle":"Advanced Elm","url":"https://coursehunter.net/course/prodvinutyy-elm","materials":[],"subCategory":""},{"title":"Многопользовательский бинго под капотом (Elixir + Phoenix + Elm / Vue)","originTitle":"Unpacked: Multi-Player Bingo","url":"https://coursehunter.net/course/mnogopolzovatelskiy-bingo-pod-kapotom-elixir-phoenix-elm-vue","materials":[],"subCategory":""}]}