{"title":"Ember","url":"https://coursehunter.net/frontend/ember","courses":[{"title":"Ember 2.x","originTitle":"Ember 2.x","url":"https://coursehunter.net/course/ember-2x","materials":["https://vs1.coursehunter.net/fm-ember-2x/001.mp4","https://vs1.coursehunter.net/fm-ember-2x/002.mp4","https://vs1.coursehunter.net/fm-ember-2x/003.mp4","https://vs1.coursehunter.net/fm-ember-2x/004.mp4","https://vs1.coursehunter.net/fm-ember-2x/005.mp4","https://vs1.coursehunter.net/fm-ember-2x/006.mp4","https://vs1.coursehunter.net/fm-ember-2x/007.mp4","https://vs1.coursehunter.net/fm-ember-2x/008.mp4","https://vs1.coursehunter.net/fm-ember-2x/009.mp4","https://vs1.coursehunter.net/fm-ember-2x/010.mp4","https://vs1.coursehunter.net/fm-ember-2x/011.mp4","https://vs1.coursehunter.net/fm-ember-2x/012.mp4","https://vs1.coursehunter.net/fm-ember-2x/013.mp4","https://vs1.coursehunter.net/fm-ember-2x/014.mp4","https://vs1.coursehunter.net/fm-ember-2x/015.mp4","https://vs1.coursehunter.net/fm-ember-2x/016.mp4","https://vs1.coursehunter.net/fm-ember-2x/017.mp4","https://vs1.coursehunter.net/fm-ember-2x/018.mp4","https://vs1.coursehunter.net/fm-ember-2x/019.mp4","https://vs1.coursehunter.net/fm-ember-2x/020.mp4","https://vs1.coursehunter.net/fm-ember-2x/021.mp4","https://vs1.coursehunter.net/fm-ember-2x/022.mp4","https://vs1.coursehunter.net/fm-ember-2x/023.mp4","https://vs1.coursehunter.net/fm-ember-2x/024.mp4","https://vs1.coursehunter.net/fm-ember-2x/025.mp4","https://vs1.coursehunter.net/fm-ember-2x/026.mp4","https://vs1.coursehunter.net/fm-ember-2x/027.mp4","https://vs1.coursehunter.net/fm-ember-2x/028.mp4","https://vs1.coursehunter.net/fm-ember-2x/029.mp4","https://vs1.coursehunter.net/fm-ember-2x/030.mp4","https://vs1.coursehunter.net/fm-ember-2x/031.mp4","https://vs1.coursehunter.net/fm-ember-2x/032.mp4","https://vs1.coursehunter.net/fm-ember-2x/033.mp4","https://vs1.coursehunter.net/fm-ember-2x/034.mp4","https://vs1.coursehunter.net/fm-ember-2x/035.mp4","https://vs1.coursehunter.net/fm-ember-2x/036.mp4","https://vs1.coursehunter.net/fm-ember-2x/037.mp4","https://vs1.coursehunter.net/fm-ember-2x/038.mp4","https://vs1.coursehunter.net/fm-ember-2x/039.mp4","https://vs1.coursehunter.net/fm-ember-2x/040.mp4","https://vs1.coursehunter.net/fm-ember-2x/041.mp4","https://vs1.coursehunter.net/fm-ember-2x/042.mp4","https://vs1.coursehunter.net/fm-ember-2x/043.mp4","https://vs1.coursehunter.net/fm-ember-2x/044.mp4","https://vs1.coursehunter.net/fm-ember-2x/045.mp4","https://vs1.coursehunter.net/fm-ember-2x/046.mp4","https://vs1.coursehunter.net/fm-ember-2x/047.mp4","https://vs1.coursehunter.net/fm-ember-2x/048.mp4","https://vs1.coursehunter.net/fm-ember-2x/049.mp4","https://vs1.coursehunter.net/fm-ember-2x/050.mp4","https://vs1.coursehunter.net/fm-ember-2x/051.mp4","https://vs1.coursehunter.net/fm-ember-2x/052.mp4","https://vs1.coursehunter.net/fm-ember-2x/053.mp4","https://vs1.coursehunter.net/fm-ember-2x/054.mp4","https://vs1.coursehunter.net/fm-ember-2x/055.mp4","https://vs1.coursehunter.net/fm-ember-2x/056.mp4","https://vs1.coursehunter.net/fm-ember-2x/057.mp4","https://vs1.coursehunter.net/fm-ember-2x/058.mp4","https://vs1.coursehunter.net/fm-ember-2x/059.mp4","https://vs1.coursehunter.net/fm-ember-2x/060.mp4","https://vs1.coursehunter.net/fm-ember-2x/061.mp4"],"subCategory":""},{"title":"Основы Ember Octane","originTitle":"Ember Octane Fundamentals","url":"https://coursehunter.net/course/osnovy-ember-octane","materials":["https://vs3.coursehunter.net/fm-eofls/lesson1.webm","https://vs3.coursehunter.net/fm-eofls/lesson2.webm","https://vs3.coursehunter.net/fm-eofls/lesson3.webm","https://vs3.coursehunter.net/fm-eofls/lesson4.webm","https://vs3.coursehunter.net/fm-eofls/lesson5.webm","https://vs3.coursehunter.net/fm-eofls/lesson6.webm","https://vs3.coursehunter.net/fm-eofls/lesson7.webm","https://vs3.coursehunter.net/fm-eofls/lesson8.webm","https://vs3.coursehunter.net/fm-eofls/lesson9.webm","https://vs3.coursehunter.net/fm-eofls/lesson10.webm","https://vs3.coursehunter.net/fm-eofls/lesson11.webm","https://vs3.coursehunter.net/fm-eofls/lesson12.webm","https://vs3.coursehunter.net/fm-eofls/lesson13.webm","https://vs3.coursehunter.net/fm-eofls/lesson14.webm","https://vs3.coursehunter.net/fm-eofls/lesson15.webm","https://vs3.coursehunter.net/fm-eofls/lesson16.webm","https://vs3.coursehunter.net/fm-eofls/lesson17.webm","https://vs3.coursehunter.net/fm-eofls/lesson18.webm","https://vs3.coursehunter.net/fm-eofls/lesson19.webm","https://vs3.coursehunter.net/fm-eofls/lesson20.webm","https://vs3.coursehunter.net/fm-eofls/lesson21.webm","https://vs3.coursehunter.net/fm-eofls/lesson22.webm","https://vs3.coursehunter.net/fm-eofls/lesson23.webm","https://vs3.coursehunter.net/fm-eofls/lesson24.webm","https://vs3.coursehunter.net/fm-eofls/lesson25.webm","https://vs3.coursehunter.net/fm-eofls/lesson26.webm","https://vs3.coursehunter.net/fm-eofls/lesson27.webm","https://vs3.coursehunter.net/fm-eofls/lesson28.webm","https://vs3.coursehunter.net/fm-eofls/lesson29.webm","https://vs3.coursehunter.net/fm-eofls/lesson30.webm","https://vs3.coursehunter.net/fm-eofls/lesson31.webm","https://vs3.coursehunter.net/fm-eofls/lesson32.webm","https://vs3.coursehunter.net/fm-eofls/lesson33.webm","https://vs3.coursehunter.net/fm-eofls/lesson34.webm","https://vs3.coursehunter.net/fm-eofls/lesson35.webm","https://vs3.coursehunter.net/fm-eofls/lesson36.webm","https://vs3.coursehunter.net/fm-eofls/lesson37.webm","https://vs3.coursehunter.net/fm-eofls/lesson38.webm","https://vs3.coursehunter.net/fm-eofls/lesson39.webm","https://vs3.coursehunter.net/fm-eofls/lesson40.webm","https://vs3.coursehunter.net/fm-eofls/lesson41.webm","https://vs3.coursehunter.net/fm-eofls/lesson42.webm","https://vs3.coursehunter.net/fm-eofls/lesson43.webm","https://vs3.coursehunter.net/fm-eofls/lesson44.webm","https://vs3.coursehunter.net/fm-eofls/lesson45.webm","https://vs3.coursehunter.net/fm-eofls/lesson46.webm"],"subCategory":""},{"title":"Создание веб-приложений с использованием EmberJS: полный курс","originTitle":"Build Web Apps Using EmberJS: The Complete Course","url":"https://coursehunter.net/course/sozdanie-veb-prilozheniy-s-ispolzovaniem-emberjs-polnyy-kurs","materials":[],"subCategory":""},{"title":"Начинаем работу с Ember.js 2","originTitle":"Starting with Ember.js 2","url":"https://coursehunter.net/course/nachinaem-rabotu-s-ember-js-2","materials":[],"subCategory":""},{"title":"EmberJS : Изучите Ember JS с Нуля","originTitle":"Master EmberJS : Learn Ember JS From Scratch","url":"https://coursehunter.net/course/emberjs-izuchite-ember-js-s-nulya","materials":[],"subCategory":""},{"title":"[Книга] Рок-н-ролл с Ember.js 3","originTitle":"Rock and Roll with Ember.js 3","url":"https://coursehunter.net/course/kniga-rok-n-roll-s-ember-js-3","materials":[],"subCategory":""},{"title":"Основы Ember 2","originTitle":"Ember 2 Fundamentals","url":"https://coursehunter.net/course/osnovy-ember-2","materials":[],"subCategory":""},{"title":"Продвинутый курс Ember 2.x","originTitle":"Advanced Ember 2.x","url":"https://coursehunter.net/course/fm-advanced-ember-2x","materials":[],"subCategory":""},{"title":"Ember.js","originTitle":"Ember.js","url":"https://coursehunter.net/course/ember-js","materials":[],"subCategory":""}]}