{"title":"HTML","url":"https://coursehunter.net/frontend/html","courses":[{"title":"Практический HTML","originTitle":"Практический HTML","url":"https://coursehunter.net/course/prakticheskiy-html","materials":["https://vs3.coursehunter.net/itgid-phtml/code.zip"],"subCategory":""},{"title":"Bootcamp: Full-Stack веб-разработчик с реальными проектами","originTitle":"Full-Stack Web Developer Bootcamp with Real Projects","url":"https://coursehunter.net/course/bootcamp-full-stack-veb-razrabotchik-s-realnymi-proektami","materials":[],"subCategory":""},{"title":"HTML Email, v2","originTitle":"HTML Email, v2","url":"https://coursehunter.net/course/html-email-v2","materials":[],"subCategory":""},{"title":"HTML + CSS ЛУЧШИЙ КУРС","originTitle":"HTML + CSS ЛУЧШИЙ КУРС","url":"https://coursehunter.net/course/html-css-luchshiy-kurs","materials":[],"subCategory":""},{"title":"Веб-дизайн для начинающих: Создаем реальные проектыв в HTML и CSS","originTitle":"Web Design for Beginners: Real World Coding in HTML & CSS","url":"https://coursehunter.net/course/veb-dizayn-dlya-nachinayushchih-sozdaem-realnye-proektyv-v-html-i-css","materials":[],"subCategory":""},{"title":"Краткое руководство по использованию HTML таблиц в современную эпоху","originTitle":"A Short Guide to Using HTML Tables in the Modern Age","url":"https://coursehunter.net/course/kratkoe-rukovodstvo-po-ispolzovaniyu-html-tablic-v-sovremennuyu-epohu","materials":[],"subCategory":""},{"title":"Базовый курс для верстальщиков","originTitle":"Базовый курс для верстальщиков","url":"https://coursehunter.net/course/bazovyy-kurs-dlya-verstalshchikov","materials":[],"subCategory":""},{"title":"Верстка-Мастер. От теории до верстки популярных шаблонов","originTitle":"Верстка-Мастер. От теории до верстки популярных шаблонов","url":"https://coursehunter.net/course/verstka-master-ot-teorii-do-verstki-populyarnyh-shablonov","materials":[],"subCategory":""},{"title":"\"Профессиональный HTML и CSS\" - Уровень 2 [Поток 15 января - 21 февраля 2018]","originTitle":"Интенсивный онлайн-курс \"Профессиональный HTML и CSS\" - Уровень 2","url":"https://coursehunter.net/course/professionalnyy-html-i-css-uroven-2-potok-15-yanvarya-21-fevralya-2018","materials":[],"subCategory":""},{"title":"\"Профессиональный HTML и CSS\" - Уровень 1 [Поток 26 Февраля - 4 Апреля 2018]","originTitle":"Интенсивный онлайн-курс \"Профессиональный HTML и CSS\" - Уровень 1","url":"https://coursehunter.net/course/professionalnyy-html-i-css-uroven-1-potok-26-fevralya-4-aprelya-2018","materials":[],"subCategory":""},{"title":"Создаем графику с HTML Canvas","originTitle":"Create Graphics with HTML Canvas","url":"https://coursehunter.net/course/sozdaem-grafiku-s-html-canvas","materials":[],"subCategory":""},{"title":"Создание контентного сайта на Jekyll от А до Я","originTitle":"Создание контентного сайта на Jekyll от А до Я","url":"https://coursehunter.net/course/sozdanie-kontentnogo-sayta-na-jekyll-ot-a-do-ya","materials":[],"subCategory":""},{"title":"Веб-разработчик 12.0","originTitle":"Веб-разработчик 12.0","url":"https://coursehunter.net/course/veb-razrabotchik-12-0","materials":[],"subCategory":""},{"title":"Продвинутый HTML и CSS (#12) [Поток 2017]","originTitle":"Продвинутый HTML и CSS","url":"https://coursehunter.net/course/prodvinutyy-html-i-css-potok-2017","materials":[],"subCategory":""},{"title":"Базовый HTML и CSS (# 18) - 2017","originTitle":"Интенсивный онлайн-курс \"Базовый HTML и CSS\"","url":"https://coursehunter.net/course/bazovyy-html-i-css-18-2017","materials":[],"subCategory":""},{"title":"Основы вёрстки","originTitle":"Основы вёрстки","url":"https://coursehunter.net/course/osnovy-verstki","materials":[],"subCategory":""},{"title":"Веб-Верстальщик: Код Фрилансера","originTitle":"Веб-Верстальщик: Код Фрилансера","url":"https://coursehunter.net/course/wayup-freelance-code","materials":[],"subCategory":""},{"title":"Практический курс по верстке лендинга","originTitle":"Практический курс по верстке лендинга","url":"https://coursehunter.net/course/itvdn-landing","materials":[],"subCategory":""},{"title":"Продвинутая вёрстка по сетке smartgrid","originTitle":"Продвинутая вёрстка по сетке smartgrid","url":"https://coursehunter.net/course/lavrik-smartgrid","materials":[],"subCategory":""},{"title":"Основы веб-разработки","originTitle":"Основы веб-разработки","url":"https://coursehunter.net/course/studyboom-base-webdev","materials":[],"subCategory":""},{"title":"Веб-разработчик 5.0","originTitle":"Веб-разработчик 5.0","url":"https://coursehunter.net/course/web50","materials":[],"subCategory":""},{"title":"Джедай вёрстки #7","originTitle":"Джедай вёрстки #7","url":"https://coursehunter.net/course/wm-html-jedai","materials":[],"subCategory":""},{"title":"HTML5 Медиа: Аудио, Видео и WebRTC","originTitle":"HTML5 Media: Audio, Video & WebRTC","url":"https://coursehunter.net/course/fm-html5-media","materials":[],"subCategory":""},{"title":"JavaScript-разработка для новичков","originTitle":"JavaScript-разработка + HTML + CSS","url":"https://coursehunter.net/course/netology-javascript","materials":[],"subCategory":""},{"title":"Верстка адаптивных HTML Email","originTitle":"Responsive HTML Email Design","url":"https://coursehunter.net/course/fm-responive-email","materials":[],"subCategory":""},{"title":"Базовый HTML и CSS","originTitle":"Базовый HTML и CSS","url":"https://coursehunter.net/course/base-html","materials":[],"subCategory":""},{"title":"Продвинутый онлайн-интенсив: HTML и СSS","originTitle":"Продвинутый онлайн-интенсив","url":"https://coursehunter.net/course/html-academy-advanced","materials":[],"subCategory":""},{"title":"HTML5 Геолокация","originTitle":"HTML5 Geolocation in Depth","url":"https://coursehunter.net/course/html5-geolocation","materials":[],"subCategory":""},{"title":"HTML5 и CSS3","originTitle":"HTML 5, CSS 3","url":"https://coursehunter.net/course/html5-css3","materials":[],"subCategory":""},{"title":"HTML 5 Canvas","originTitle":"HTML 5 Canvas","url":"https://coursehunter.net/course/canvas","materials":[],"subCategory":""},{"title":"HTML5 Структура, Синтаксис, и Семантика","originTitle":"HTML5 Структура, Синтаксис, и Семантика","url":"https://coursehunter.net/course/html5-sss","materials":[],"subCategory":""},{"title":"HTML5: Local Storage","originTitle":"HTML5: Local Storage and Offline Applications in Depth","url":"https://coursehunter.net/course/local-storage","materials":[],"subCategory":""},{"title":"Обзор новых тегов","originTitle":"Обзор новых тегов","url":"https://coursehunter.net/course/Obzor-novyh-tegov","materials":[],"subCategory":""},{"title":"HTML 5","originTitle":"HTML5","url":"https://coursehunter.net/course/HTML5","materials":[],"subCategory":""}]}