{"title":"JavaScript","url":"https://coursehunter.net/frontend/javascript","courses":[{"title":"JavaScript: Интенсивный курс для верстальщиков от Дмитрия Лаврика","originTitle":"JavaScript: Интенсивный курс для верстальщиков от Дмитрия Лаврика","url":"https://coursehunter.net/course/javascript-intensivnyy-kurs-dlya-verstalshchikov-ot-dmitriya-lavrika","materials":["https://vs1.coursehunter.net/lavrik-js-for-frontend-dev/code.zip"],"subCategory":""},{"title":"Современный JavaScript с самого начала","originTitle":"Modern JavaScript From The Beginning","url":"https://coursehunter.net/course/sovremennyy-javascript-s-samogo-nachala","materials":["https://vs2.coursehunter.net/udemy-modern-javascript-from-begining/code.zip"],"subCategory":""},{"title":"Практический JavaScript","originTitle":"Практический JavaScript","url":"https://coursehunter.net/course/prakticheskiy-javascript","materials":["https://vs3.coursehunter.net/ig-pj/code.zip"],"subCategory":""},{"title":"Полное руководство по JavaScript 2019 - Строим реальные проекты","originTitle":"The Complete JavaScript Course 2019: Build Real Projects!","url":"https://coursehunter.net/course/udemy-complete-javascript-course","materials":["https://vs1.coursehunter.net/udemy-complete-js-course/code.zip"],"subCategory":""},{"title":"Новый Современный Javascript Bootcamp (2020)","originTitle":"The New Modern Javascript Bootcamp (2020)","url":"https://coursehunter.net/course/novyy-sovremennyy-javascript-bootcamp-2020","materials":[],"subCategory":""},{"title":"Паттерны функциональных архитектур","originTitle":"Functional Architecture Patterns","url":"https://coursehunter.net/course/patterny-funkcionalnyh-arhitektur","materials":[],"subCategory":""},{"title":"Хардкорное Функциональное программирование в JavaScript, v2","originTitle":"Hardcore Functional Programming in JavaScript, v2","url":"https://coursehunter.net/course/hardkornoe-funkcionalnoe-programmirovanie-v-javascript-v2","materials":[],"subCategory":""},{"title":"HolyJS 2019 Moscow - Конференция для JavaScript-разработчиков","originTitle":"HolyJS 2019 Moscow - Конференция для JavaScript-разработчиков","url":"https://coursehunter.net/course/holyjs-2019-moscow-konferenciya-dlya-javascript-razrabotchikov","materials":[],"subCategory":""},{"title":"JavaScript Промисы в глубине","originTitle":"JavaScript Promises in Depth","url":"https://coursehunter.net/course/javascript-promisy-v-glubine","materials":[],"subCategory":""},{"title":"Неизменяемые структуры данных JavaScript с Immer","originTitle":"Immutable JavaScript Data Structures with Immer","url":"https://coursehunter.net/course/neizmenyaemye-struktury-dannyh-javascript-s-immer","materials":[],"subCategory":""},{"title":"Быстрое преобразование данных с помощью Transducers","originTitle":"Quickly Transform Data with Transducers","url":"https://coursehunter.net/course/bystroe-preobrazovanie-dannyh-s-pomoshchyu-transducers","materials":[],"subCategory":""},{"title":"State Monad в JavaScript","originTitle":"State Monad in JavaScript","url":"https://coursehunter.net/course/state-monad-v-javascript","materials":[],"subCategory":""},{"title":"JavaScript - Полное руководство 2020 (начинающий + продвинутый)","originTitle":"JavaScript - The Complete Guide 2020 (Beginner + Advanced)","url":"https://coursehunter.net/course/javascript-polnoe-rukovodstvo-2020-nachinayushchiy-prodvinutyy","materials":[],"subCategory":""},{"title":"Полный мастер-класс по JavaScript: Современная разработка с ES6","originTitle":"Full JavaScript Masterclass Course: ES6 Modern Development","url":"https://coursehunter.net/course/polnyy-master-klass-po-javascript-sovremennaya-razrabotka-s-es6","materials":[],"subCategory":""},{"title":"Fullstack разработчик JavaScript (Часть 1)","originTitle":"Fullstack разработчик JavaScript","url":"https://coursehunter.net/course/fullstack-razrabotchik-javascript-chast-1","materials":[],"subCategory":""},{"title":"Современный учебник JavaScript (3 книги) (RU/ENG)","originTitle":"Илья Кaнтop \"Современный учебник JavaScript\" (3 книги)","url":"https://coursehunter.net/course/sovremennyy-uchebnik-javascript-3-knigi","materials":[],"subCategory":""},{"title":"Современный JavaScript с нуля на реальных проектах.","originTitle":"Современный JavaScript с нуля на реальных проектах.","url":"https://coursehunter.net/course/sovremennyy-javascript-s-nulya-na-realnyh-proektah","materials":[],"subCategory":""},{"title":"Создайте сайт проката автомобилей с нуля","originTitle":"Build a rental car website from scratch","url":"https://coursehunter.net/course/sozdayte-sayt-prokata-avtomobiley-s-nulya","materials":[],"subCategory":""},{"title":"Шаблоны проектирования в JavaScript","originTitle":"Design Patterns in JavaScript","url":"https://coursehunter.net/course/shablony-proektirovaniya-v-javascript","materials":[],"subCategory":""},{"title":"3D-программирование с использованием JavaScript и 3D-библиотеки Three.js","originTitle":"3D Programming with JavaScript and the Three.js 3D Library","url":"https://coursehunter.net/course/3d-programmirovanie-s-ispolzovaniem-javascript-i-3d-biblioteki-three-js","materials":[],"subCategory":""},{"title":"Основы функционального JavaScript, v3","originTitle":"Fundamentals to Functional JavaScript, v3","url":"https://coursehunter.net/course/osnovy-funkcionalnogo-javascript-v3","materials":[],"subCategory":""},{"title":"RxJS 101","originTitle":"RxJS 101","url":"https://coursehunter.net/course/rxjs-101","materials":[],"subCategory":""},{"title":"Основы RxJS","originTitle":"RxJS Basics","url":"https://coursehunter.net/course/osnovy-rxjs","materials":[],"subCategory":""},{"title":"JavaScript: Жесткие Части, v2","originTitle":"JavaScript: The Hard Parts, v2","url":"https://coursehunter.net/course/javascript-zhestkie-chasti-v2","materials":[],"subCategory":""},{"title":"RxJS за пределами основ: создание наблюдаемых (Observables) с нуля","originTitle":"RxJS Beyond the Basics: Creating Observables from scratch","url":"https://coursehunter.net/course/rxjs-za-predelami-osnov-sozdanie-nablyudaemyh-observables-s-nulya","materials":[],"subCategory":""},{"title":"Практические шаблоны проектирования в JavaScript","originTitle":"Practical Design Patterns in JavaScript","url":"https://coursehunter.net/course/prakticheskie-shablony-proektirovaniya-v-javascript","materials":[],"subCategory":""},{"title":"Изучение структур данных в JavaScript с нуля","originTitle":"Learning Data Structures in JavaScript from Scratch","url":"https://coursehunter.net/course/izuchenie-struktur-dannyh-v-javascript-s-nulya","materials":[],"subCategory":""},{"title":"JavaScript: Лучшие практики","originTitle":"JavaScript Best Practices","url":"https://coursehunter.net/course/javascript-luchshie-praktiki","materials":[],"subCategory":""},{"title":"JavaScript ES2019 на практике","originTitle":"JavaScript ES2019 in Practice","url":"https://coursehunter.net/course/javascript-es2019-na-praktike","materials":[],"subCategory":""},{"title":"Освоение регулярных выражений в JavaScript","originTitle":"Mastering Regular Expressions in JavaScript","url":"https://coursehunter.net/course/osvoenie-regulyarnyh-vyrazheniy-v-javascript","materials":[],"subCategory":""},{"title":"Изучите JavaScript: Full-Stack с нуля","originTitle":"Learn JavaScript: Full-Stack from Scratch","url":"https://coursehunter.net/course/izuchite-javascript-full-stack-s-nulya","materials":[],"subCategory":""},{"title":"Мастер-класс JavaScript - Создайте свой собственный React с нуля","originTitle":"JavaScript Master Class - Build your own React from scratch","url":"https://coursehunter.net/course/master-klass-javascript-sozdayte-svoy-sobstvennyy-react-s-nulya","materials":[],"subCategory":""},{"title":"JavaScript & LeetCode | The Ultimate Interview Bootcamp","originTitle":"JavaScript & LeetCode | The Ultimate Interview Bootcamp","url":"https://coursehunter.net/course/javascript-leetcode-the-ultimate-interview-bootcamp","materials":[],"subCategory":""},{"title":"Создавайте игры в реальном времени с Node.JS","originTitle":"ES6, SocketIO, Gulp, Node, Canvas","url":"https://coursehunter.net/course/sozdavayte-igry-v-realnom-vremeni-s-node-js","materials":[],"subCategory":""},{"title":"[FullStack] Youtube клон (NodeJS, VanillaJS, MongoDB, Heroku)","originTitle":"Youtube clone","url":"https://coursehunter.net/course/fullstack-youtube-klon-nodejs-vanillajs-mongodb-heroku","materials":[],"subCategory":""},{"title":"Жесткие части: Функциональное программирование","originTitle":"Hard Parts: Functional Programming","url":"https://coursehunter.net/course/zhestkie-chasti-funkcionalnoe-programmirovanie","materials":[],"subCategory":""},{"title":"Как написать библиотеку JavaScript с открытым исходным кодом","originTitle":"How to Write an Open Source JavaScript Library","url":"https://coursehunter.net/course/kak-napisat-biblioteku-javascript-s-otkrytym-ishodnym-kodom","materials":[],"subCategory":""},{"title":"Доступность в приложениях JavaScript","originTitle":"Accessibility in JavaScript Applications","url":"https://coursehunter.net/course/dostupnost-v-prilozheniyah-javascript","materials":[],"subCategory":""},{"title":"[Книга] Красивая визуализации данных с D3 (Packet ADVANCED)","originTitle":"Build beautiful data visualizations with D3 (Packet ADVANCED)","url":"https://coursehunter.net/course/kniga-krasivaya-vizualizacii-dannyh-s-d3-packet-advanced","materials":[],"subCategory":""},{"title":"Начинаем работу с PixiJS","originTitle":"Up and Running With PixiJS","url":"https://coursehunter.net/course/nachinaem-rabotu-s-pixijs","materials":[],"subCategory":""},{"title":"Практикуйте JavaScript и учитесь: объектно-ориентированное программирование","originTitle":"Practice JavaScript and Learn: Object-Oriented Programming","url":"https://coursehunter.net/course/praktikuyte-javascript-i-uchites-obektno-orientirovannoe-programmirovanie","materials":[],"subCategory":""},{"title":"Создание сайта знакомств с нуля до развертывания","originTitle":"Build Online Dating Website from scratch till deployment","url":"https://coursehunter.net/course/sozdanie-sayta-znakomstv-s-nulya-do-razvertyvaniya","materials":[],"subCategory":""},{"title":"Создавайте интерактивные JavaScript-диаграммы с D3 v4","originTitle":"Build Interactive JavaScript Charts with D3 v4","url":"https://coursehunter.net/course/sozdavayte-interaktivnye-javascript-diagrammy-s-d3-v4","materials":[],"subCategory":""},{"title":"Functional-Light JavaScript, v3","originTitle":"Functional-Light JavaScript, v3","url":"https://coursehunter.net/course/functional-light-javascript-v3","materials":[],"subCategory":""},{"title":"Современный JavaScript (от новичка до ниндзя)","originTitle":"Modern JavaScript (from Novice to Ninja)","url":"https://coursehunter.net/course/sovremennyy-javascript-ot-novichka-do-nindzya","materials":[],"subCategory":""},{"title":"Socket.IO (с websockets) - Подробно. (socket io v2)","originTitle":"Socket.IO (with websockets) - the details. (socket io v2)","url":"https://coursehunter.net/course/socket-io-s-websockets-podrobno-socket-io-v2","materials":[],"subCategory":""},{"title":"17 JavaScript проектов шаг за шагом","originTitle":"17 Complete JavaScript projects explained step by step","url":"https://coursehunter.net/course/17-javascript-proektov-shag-za-shagom","materials":[],"subCategory":""},{"title":"Монстр JavaScript Курс - 50+ проектов и приложений","originTitle":"Monster JavaScript Course - 50+ projects and applications","url":"https://coursehunter.net/course/monstr-javascript-kurs-50-proektov-i-prilozheniy","materials":[],"subCategory":""},{"title":"Хитрости JavaScript","originTitle":"JavaScript Tricks","url":"https://coursehunter.net/course/hitrosti-javascript","materials":[],"subCategory":""},{"title":"Профессиональный JavaScript, уровень 2 (18 февраля - 25 апреля 2019)","originTitle":"Интенсивный онлайн‑курс Профессиональный JavaScript, уровень 2 (18 февраля — 25 апреля 2019)","url":"https://coursehunter.net/course/professionalnyy-javascript-uroven-2-18-fevralya-25-aprelya-2019","materials":[],"subCategory":""},{"title":"\"В меру\" функционального программирования на JavaScript","originTitle":"Just Enough Functional Programming in JavaScript","url":"https://coursehunter.net/course/v-meru-funkcionalnogo-programmirovaniya-na-javascript","materials":[],"subCategory":""},{"title":"Обработка естественного языка в Javascript с Natural","originTitle":"Natural Language Processing in JavaScript with Natural","url":"https://coursehunter.net/course/obrabotka-estestvennogo-yazyka-v-javascript-s-natural","materials":[],"subCategory":""},{"title":"JavaScript: Современные части","originTitle":"JavaScript: The Recent Parts","url":"https://coursehunter.net/course/javascript-sovremennye-chasti","materials":[],"subCategory":""},{"title":"Глубокие основы JavaScript, v3","originTitle":"Deep JavaScript Foundations, v3","url":"https://coursehunter.net/course/glubokie-osnovy-javascript-v2","materials":[],"subCategory":""},{"title":"Создание невероятных чат-ботов","originTitle":"Build Incredible Chatbots","url":"https://coursehunter.net/course/sozdanie-neveroyatnyh-chat-botov","materials":[],"subCategory":""},{"title":"Продвинутые концепции JavaScript","originTitle":"Advanced JavaScript Concepts","url":"https://coursehunter.net/course/prodvinutye-koncepcii-javascript","materials":[],"subCategory":""},{"title":"JavaScript. Полное руководство для современной веб-разработки","originTitle":"JavaScript. Полное руководство для современной веб-разработки","url":"https://coursehunter.net/course/javascript-polnoe-rukovodstvo-dlya-sovremennoy-veb-razrabotki","materials":[],"subCategory":""},{"title":"Понятный JavaScript (Advanced)","originTitle":"Понятный JavaScript (Advanced)","url":"https://coursehunter.net/course/ponyatnyy-javascript-advanced","materials":[],"subCategory":""},{"title":"Понятный JavaScript (Middle)","originTitle":"Понятный JavaScript (Middle)","url":"https://coursehunter.net/course/ponyatnyy-javascript-middle","materials":[],"subCategory":""},{"title":"[Книга] [Eric Elliott] Composing Software","originTitle":"Composing Software","url":"https://coursehunter.net/course/kniga-eric-elliott-composing-software","materials":[],"subCategory":""},{"title":"Алгоритмы в JavaScript","originTitle":"Algorithms in JavaScript","url":"https://coursehunter.net/course/algoritmy-v-javascript","materials":[],"subCategory":""},{"title":"JavaScript Библия","originTitle":"JavaScript Bible","url":"https://coursehunter.net/course/javascript-bibliya","materials":[],"subCategory":""},{"title":"Javascript: Интенсивный курс для программистов от Дмитрия Лаврика","originTitle":"Javascript: Интенсивный курс для программистов от Дмитрия Лаврика","url":"https://coursehunter.net/course/javascript-intensivnyy-kurs-dlya-programmistov-ot-dmitriya-lavrika","materials":[],"subCategory":""},{"title":"Интенсивный онлайн‑курс  Профессиональный JavaScript, уровень 2","originTitle":"Интенсивный онлайн‑курс  Профессиональный JavaScript, уровень 2","url":"https://coursehunter.net/course/intensivnyy-onlayn-kurs-professionalnyy-javascript-uroven-2","materials":[],"subCategory":""},{"title":"Professor Frisby Introduces Composable Functional JavaScript","originTitle":"Professor Frisby Introduces Composable Functional JavaScript","url":"https://coursehunter.net/course/professor-frisby-introduces-composable-functional-javascript","materials":[],"subCategory":""},{"title":"JavaScript: Расширенные возможности","originTitle":"JavaScript: Расширенные возможности","url":"https://coursehunter.net/course/javascript-rasshirennye-vozmozhnosti","materials":[],"subCategory":""},{"title":"ES6, ES7 и ES8, время обновить ваш JavaScript / ECMAScript!","originTitle":"ES6, ES7 & ES8, TIME to update your JavaScript/ECMAScript!","url":"https://coursehunter.net/course/s6-es7-i-es8-vremya-obnovit-vash-javascript-ecmascript","materials":[],"subCategory":""},{"title":"Понимание прототипного наследования в JavaScript","originTitle":"Understanding JavaScript's Prototypal Inheritance","url":"https://coursehunter.net/course/ponimanie-prototipnogo-nasledovaniya-v-javascript","materials":[],"subCategory":""},{"title":"Структуры данных и алгоритмы в JavaScript","originTitle":"Data Structures and Algorithms in JavaScript","url":"https://coursehunter.net/course/struktury-dannyh-i-algoritmy-v-javascript","materials":[],"subCategory":""},{"title":"Веб-компоненты и Stencil.js - Создание кастомных элементов HTML","originTitle":"Web Components & Stencil.js - Build Custom HTML Elements","url":"https://coursehunter.net/course/veb-komponenty-i-stencil-js-sozdanie-kastomnyh-elementov-html","materials":[],"subCategory":""},{"title":"JavaScript задачи: квест по основам","originTitle":"JavaScript задачи: квест по основам","url":"https://coursehunter.net/course/javascript-zadachi-kvest-po-osnovam","materials":[],"subCategory":""},{"title":"100 Алгоритмов Javascript","originTitle":"100 Algorithms Challenge","url":"https://coursehunter.net/course/100-algoritmov-javascript","materials":[],"subCategory":""},{"title":"Full Stack JavaScript с Sails.js","originTitle":"Full Stack JavaScript with Sails.js","url":"https://coursehunter.net/course/full-stack-javascript-s-sails-js","materials":[],"subCategory":""},{"title":"Алгоритмы JavaScript","originTitle":"JavaScript Algorithms","url":"https://coursehunter.net/course/algoritmy-javascript","materials":[],"subCategory":""},{"title":"Полный курс по JavaScript - с нуля до результата","originTitle":"Полный курс по JavaScript - с нуля до результата","url":"https://coursehunter.net/course/polnyy-kurs-po-javascript-s-nulya-do-rezultata","materials":[],"subCategory":""},{"title":"Креативное программирование в Canvas и WebGL","originTitle":"Creative Coding in Canvas & WebGL","url":"https://coursehunter.net/course/kreativnoe-programmirovanie-v-canvas-i-webgl","materials":[],"subCategory":""},{"title":"Паттерны проектирования с JavaScript ES5 / 6 и Node.js | С Нуля","originTitle":"Design Patterns with JavaScript ES5/6 and Node.js|From zero","url":"https://coursehunter.net/course/patterny-proektirovaniya-s-javascript-es5-6-i-node-js-s-nulya","materials":[],"subCategory":""},{"title":"Машинное обучение с Javascript","originTitle":"Machine Learning with Javascript","url":"https://coursehunter.net/course/mashinnoe-obuchenie-s-javascript","materials":[],"subCategory":""},{"title":"Тестирование JavaScript","originTitle":"Testing JavaScript with Kent C. Dodds","url":"https://coursehunter.net/course/testirovanie-javascript","materials":[],"subCategory":""},{"title":"JavaScript: Паттерны проектирования","originTitle":"JavaScript: Паттерны проектирования","url":"https://coursehunter.net/course/javascript-patterny-proektirovaniya","materials":[],"subCategory":""},{"title":"Advanced JavaScript","originTitle":"Advanced JavaScript","url":"https://coursehunter.net/course/advanced-javascript","materials":[],"subCategory":""},{"title":"JavaScript: Жесткие части объектно-ориентированного программирования","originTitle":"JavaScript: The Hard Parts on Object-Oriented Programming","url":"https://coursehunter.net/course/javascript-zhestkie-chasti-obektno-orientirovannogo-programmirovaniya","materials":[],"subCategory":""},{"title":"Лучший Javascript","originTitle":"Better Javascript","url":"https://coursehunter.net/course/luchshiy-javascript","materials":[],"subCategory":""},{"title":"Строим свои собственные RxJS Pipeable Операторы","originTitle":"Build Your Own RxJS Pipeable Operators","url":"https://coursehunter.net/course/stroim-svoi-sobstvennye-rxjs-pipeable-operators","materials":[],"subCategory":""},{"title":"Избегаем распространенные ошибки с RxJS","originTitle":"Save time avoiding common mistakes using RxJS","url":"https://coursehunter.net/course/izbegaem-rasprostranennye-oshibki-s-rxjs","materials":[],"subCategory":""},{"title":"JavaScript алгоритмы и структуры данных Мастер-класс","originTitle":"JavaScript Algorithms and Data Structures Masterclass","url":"https://coursehunter.net/course/javascript-algoritmy-i-struktury-dannyh-master-klass","materials":[],"subCategory":""},{"title":"RxJs 6 на практике (с бесплатной электронной книгой)","originTitle":"RxJs 6 In Practice (with FREE E-Book)","url":"https://coursehunter.net/course/rxjs-6-na-praktike-s-besplatnoy-elektronnoy-knigoy","materials":[],"subCategory":""},{"title":"Асинхронный JavaScript","originTitle":"Asynchronous JavaScript","url":"https://coursehunter.net/course/asinhronnyy-javascript","materials":[],"subCategory":""},{"title":"Online курс Javascript Hero","originTitle":"Online курс Javascript Hero","url":"https://coursehunter.net/course/online-kurs-javascript-hero","materials":[],"subCategory":""},{"title":"Создайте клон Spotify с JavaScript, PHP и MySQL","originTitle":"Create a Spotify Clone from Scratch - JavaScript, PHP, MySQL","url":"https://coursehunter.net/course/sozdayte-klon-spotify-s-javascript-php-i-mysql","materials":[],"subCategory":""},{"title":"Интенсивный онлайн‑курс Профессиональный JavaScript, уровень 1","originTitle":"Интенсивный онлайн‑курс  Профессиональный JavaScript, уровень 1","url":"https://coursehunter.net/course/intensivnyy-onlayn-kurs-professionalnyy-javascript-uroven-1","materials":[],"subCategory":""},{"title":"Основы JavaScript для начинающих","originTitle":"JavaScript Basics for Beginners","url":"https://coursehunter.net/course/osnovy-javascript-dlya-nachinayushchih","materials":[],"subCategory":""},{"title":"Введение в структуры данных для собеседований","originTitle":"Introduction to Data Structures for Interviews","url":"https://coursehunter.net/course/vvedenie-v-struktury-dannyh-dlya-sobesedovaniy","materials":[],"subCategory":""},{"title":"Сокращаем данные с Javascript Array#reduce","originTitle":"Reduce Data with Javascript Array#reduce","url":"https://coursehunter.net/course/sokrashchaem-dannye-s-javascript-array-reduce","materials":[],"subCategory":""},{"title":"JavaScript разработчик: Путь до Full Stack JS","originTitle":"The complete JavaScript developer: A primer to Full Stack JS","url":"https://coursehunter.net/course/javascript-razrabotchik-put-do-full-stack-js","materials":[],"subCategory":""},{"title":"JavaScript: Новые Жесткие Части","originTitle":"JavaScript: The New Hard Parts","url":"https://coursehunter.net/course/javascript-novye-zhestkie-chasti","materials":[],"subCategory":""},{"title":"Современный JavaScript - Полное руководство - Строим +15 Проектов","originTitle":"Modern JavaScript The Complete Course - Build +15 Projects","url":"https://coursehunter.net/course/sovremennyy-javascript-polnoe-rukovodstvo-stroim-10-proektov","materials":[],"subCategory":""},{"title":"JavaScript: Понимание странных частей","originTitle":"JavaScript: Understanding the Weird Parts","url":"https://coursehunter.net/course/javascript-ponimanie-strannyh-chastey","materials":[],"subCategory":""},{"title":"Объектно-ориентированное программирование в JavaScript","originTitle":"Object-oriented Programming in JavaScript","url":"https://coursehunter.net/course/obektno-orientirovannoe-programmirovanie-v-javascript","materials":[],"subCategory":""},{"title":"Безопасный JavaScript с типом Maybe","originTitle":"Safer JavaScript with the Maybe Type","url":"https://coursehunter.net/course/bezopasnyy-javascript-s-tipom-maybe","materials":[],"subCategory":""},{"title":"Практическое руководство по алгоритмам в JavaScript","originTitle":"A Practical Guide to Algorithms with JavaScript","url":"https://coursehunter.net/course/prakticheskoe-rukovodstvo-po-algoritmam","materials":[],"subCategory":""},{"title":"Современный JavaScript Bootcamp (2019)","originTitle":"The Modern JavaScript Bootcamp (2019)","url":"https://coursehunter.net/course/sovremennyy-javascript-bootcamp-2018","materials":[],"subCategory":""},{"title":"Разработчик JavaScript (Модуль 1-4)","originTitle":"Разработчик JavaScript","url":"https://coursehunter.net/course/razrabotchik-javascript-pervyy-modul","materials":[],"subCategory":""},{"title":"Начинаем использовать WebAssembly (wasm)","originTitle":"Get Started Using WebAssembly (wasm)","url":"https://coursehunter.net/course/nachinaem-ispolzovat-webassembly-wasm","materials":[],"subCategory":""},{"title":"Начало работы с JavaScript для веб-разработки","originTitle":"Getting Started with JavaScript for Web Development","url":"https://coursehunter.net/course/nachalo-raboty-s-javascript-dlya-veb-razrabotki","materials":[],"subCategory":""},{"title":"Современный JavaScript (Tyler Mcginnis)","originTitle":"Modern JavaScript","url":"https://coursehunter.net/course/sovremennyy-javascript-tyler-mcginnis","materials":[],"subCategory":""},{"title":"RxJS Операторы (Daniel Stern)","originTitle":"RxJS Operators","url":"https://coursehunter.net/course/rxjs-operatory-daniel-stern","materials":[],"subCategory":""},{"title":"Three.js и WebGL 3D Курс (VR, OpenGL)","originTitle":"Three.js & WebGL 3D Programming Crash Course (VR, OpenGL)","url":"https://coursehunter.net/course/three-js-i-webgl-3d-kurs-vr-opengl","materials":[],"subCategory":""},{"title":"JavaScript: Жесткие части","originTitle":"JavaScript: The Hard Parts","url":"https://coursehunter.net/course/javascript-zhestkie-chasti","materials":[],"subCategory":""},{"title":"JavaScript: Ключевое слово 'this' в глубине","originTitle":"Understand JavaScript's this Keyword in Depth","url":"https://coursehunter.net/course/javascript-klyuchevoe-slovo-this-v-glubine","materials":[],"subCategory":""},{"title":"Курс по RxJS (Reactive-Extensions)","originTitle":"Курс по RxJS (Reactive-Extensions)","url":"https://coursehunter.net/course/kurs-po-rxjs-reactive-extensions","materials":[],"subCategory":""},{"title":"Курс по ES 6 (EcmaScript 6)","originTitle":"Курс по ES 6 (EcmaScript 6)","url":"https://coursehunter.net/course/kurs-po-es-6-ecmascript-6","materials":[],"subCategory":""},{"title":"Комплексное обучение JavaScript (Январь 2018)","originTitle":"Комплексное обучение JavaScript","url":"https://coursehunter.net/course/kompleksnoe-obuchenie-javascript","materials":[],"subCategory":""},{"title":"Курс по JavaScript. Основы","originTitle":"Курс по JavaScript. Основы","url":"https://coursehunter.net/course/kurs-po-javascript-osnovy","materials":[],"subCategory":""},{"title":"Алгоритмы в Javascript с нуля","originTitle":"Learning Algorithms in JavaScript from Scratch","url":"https://coursehunter.net/course/algoritmy-v-javascript-s-nulya","materials":[],"subCategory":""},{"title":"Интенсивный онлайн‑курс «Базовый JavaScript» [Поток 2017]","originTitle":"Базовый JavaScript","url":"https://coursehunter.net/course/intensivnyy-onlayn-kurs-bazovyy-javascript-potok-2017","materials":[],"subCategory":""},{"title":"JavaScript в деталях","originTitle":"JavaScript в деталях","url":"https://coursehunter.net/course/javascript-v-detalyah","materials":[],"subCategory":""},{"title":"Основы функционального программирования в JavaScript","originTitle":"Functional-Light JavaScript, v2","url":"https://coursehunter.net/course/osnovy-funkcionalnogo-programmirovaniya-v-javascript","materials":[],"subCategory":""},{"title":"Глубокие основы JavaScript с Кайлом Симпсоном","originTitle":"Deep JavaScript Foundations","url":"https://coursehunter.net/course/glubokie-osnovy-javascript-s-kaylom-simpsonom","materials":[],"subCategory":""},{"title":"Подготовка к собеседованию: алгоритмы и структуры данных","originTitle":"The Coding Interview Bootcamp: Algorithms + Data Structures","url":"https://coursehunter.net/course/podgotovka-k-sobesedovaniyu-algoritmy-i-struktury-dannyh","materials":[],"subCategory":""},{"title":"Javascript от основ к функциональному программированию v2","originTitle":"JavaScript: From Fundamentals to Functional JS, v2","url":"https://coursehunter.net/course/fm-js-fundamentals-to-functional-v2","materials":[],"subCategory":""},{"title":"Загрузка картинок с помощью Uploadcare","originTitle":"Awesome uploads with Uploadcare","url":"https://coursehunter.net/course/codecourse-uploadcare","materials":[],"subCategory":""},{"title":"Интенсивный онлайн‑курс  «Продвинутый JavaScript»","originTitle":"Продвинутый JavaScript","url":"https://coursehunter.net/course/html-academy-projs-2k17","materials":[],"subCategory":""},{"title":"Курс JavaScript / DOM / интерфейсы","originTitle":"Курс JavaScript / DOM / интерфейсы","url":"https://coursehunter.net/course/learn-javascript-ru-js-dom-interfaces","materials":[],"subCategory":""},{"title":"Premium Javascript","originTitle":"Premium Javascript (Premium membership)","url":"https://coursehunter.net/course/watchandcode-premium-javascript","materials":[],"subCategory":""},{"title":"Продвинутый курс по веб-разработке","originTitle":"Продвинутый курс по веб-разработке","url":"https://coursehunter.net/course/loftschool-advanced-dev","materials":[],"subCategory":""},{"title":"Ввод в ES2015","originTitle":"Introducing ES2015","url":"https://coursehunter.net/course/treehouse-es2015","materials":[],"subCategory":""},{"title":"ECMAScript 6","originTitle":"ECMAScript 6","url":"https://coursehunter.net/course/itvdn-es6","materials":[],"subCategory":""},{"title":"Курс JavaScript: современныe возможности языка","originTitle":"Курс JavaScript: современныe возможности языка","url":"https://coursehunter.net/course/netology-modern-javascript","materials":[],"subCategory":""},{"title":"Асинхронный JavaScript с async / await","originTitle":"Asynchronous JavaScript with async/await","url":"https://coursehunter.net/course/egghead-async-await","materials":[],"subCategory":""},{"title":"JavaScript анимация используя GSAP","originTitle":"JavaScript Animation with GSAP","url":"https://coursehunter.net/course/pluralsight-java-gsap","materials":[],"subCategory":""},{"title":"ES6 Javascript - Полный туториал","originTitle":"ES6 Javascript: The Complete Developer's Guide","url":"https://coursehunter.net/course/udemy-javascript-es6-tutorial","materials":[],"subCategory":""},{"title":"Aсинхронный JavaScript","originTitle":"Reasoning About Asynchronous JavaScript (Ангельский)","url":"https://coursehunter.net/course/pluralsight-reasoning-about-asynchronous-js","materials":[],"subCategory":""},{"title":"Тестирование JavaScript приложений","originTitle":"Testing JavaScript Applications","url":"https://coursehunter.net/course/frontendmaster-testing-js-apps","materials":[],"subCategory":""},{"title":"Понятный JavaScript","originTitle":"Понятный JavaScript","url":"https://coursehunter.net/course/understandable-javascript","materials":[],"subCategory":""},{"title":"Промисы в JavaScript","originTitle":"Understanding Promises in JavaScript","url":"https://coursehunter.net/course/treehouse-promises-in-javascript","materials":[],"subCategory":""},{"title":"Функциональный JavaScript","originTitle":"Functional JavaScript v2","url":"https://coursehunter.net/course/frontendmaster-functional-js-v2","materials":[],"subCategory":""},{"title":"Регулярные выражения в JavaScript","originTitle":"Regex in Javascript","url":"https://coursehunter.net/course/egghead-regex-in-js","materials":[],"subCategory":""},{"title":"Глубокие основы JavaScript","originTitle":"Deep Foundations of Advanced JavaScript","url":"https://coursehunter.net/course/frontendmaster-deep-foundations-of-advanced-js","materials":[],"subCategory":""},{"title":"Полный учебник по JavaScript и ES6 (Включая ES7 и React)","originTitle":"The Full JavaScript & ES6 Tutorial - (including ES7 & React)","url":"https://coursehunter.net/course/udemy-full-js-and-es6-plus-es7-and-react","materials":[],"subCategory":""},{"title":"Понимание JavaScript Массивов","originTitle":"Understand JavaScript Arrays","url":"https://coursehunter.net/course/egghead-understand-javascript-arrays","materials":[],"subCategory":""},{"title":"Ведение логов с помощью консоли JavaScript","originTitle":"Logging with the JavaScript Console","url":"https://coursehunter.net/course/egghead-logging-with-the-js-console","materials":[],"subCategory":""},{"title":"Отладка (Debugging) JavaScript","originTitle":"Debugging JavaScript","url":"https://coursehunter.net/course/fm-debugging-javascript","materials":[],"subCategory":""},{"title":"Структура данных и алгоритмы в JavaScript","originTitle":"Data Structure and Algorithms in JavaScript","url":"https://coursehunter.net/course/fm-data-structure-javascript","materials":[],"subCategory":""},{"title":"ES6 для всех","originTitle":"ES6 for everyone","url":"https://coursehunter.net/course/es6-for-everyone","materials":[],"subCategory":""},{"title":"JavaSript: Коллекции","originTitle":"JavaSript: Коллекции","url":"https://coursehunter.net/course/hexlet-js-collection","materials":[],"subCategory":""},{"title":"Комплексное обучение Javascript","originTitle":"Комплексное обучение Javascript","url":"https://coursehunter.net/course/loftschool-javascript","materials":[],"subCategory":""},{"title":"JavaSript: Последовательности","originTitle":"JavaSript: Последовательности","url":"https://coursehunter.net/course/hexlet-js-chain","materials":[],"subCategory":""},{"title":"Базовый JavaScript","originTitle":"Интенсив: Базовый JavaScript","url":"https://coursehunter.net/course/html-academy-base-javascript","materials":[],"subCategory":""},{"title":"JavaSript: Прототипы","originTitle":"JavaScript: Прототипы","url":"https://coursehunter.net/course/hexlet-js-prototype","materials":[],"subCategory":""},{"title":"JavaScript: Составные данные","originTitle":"JavaScript: Составные данные","url":"https://coursehunter.net/course/hexlet-js-sostavnuye-danuye","materials":[],"subCategory":""},{"title":"JavaScript: Асинхронное программирование","originTitle":"JS: Асинхронное программирование","url":"https://coursehunter.net/course/hexlet-js-async","materials":[],"subCategory":""},{"title":"Выбираем JavaScript Фреймворк","originTitle":"Choosing a JavaScript Framework","url":"https://coursehunter.net/course/fm-js-framework","materials":[],"subCategory":""},{"title":"JavaScript: Программирование, управляемое данными","originTitle":"JS: Программирование, управляемое данными","url":"https://coursehunter.net/course/hexlet-js-control","materials":[],"subCategory":""},{"title":"JavaScript: Обработка ошибок","originTitle":"JavaScript: Обработка ошибок","url":"https://coursehunter.net/course/hexlet-js-bugs","materials":[],"subCategory":""},{"title":"Функциональное программирование в JavaScript","originTitle":"Functional Programming in JavaScript","url":"https://coursehunter.net/course/fm-hardcore-js","materials":[],"subCategory":""},{"title":"RxJS: Subjects и Multicasting операторы","originTitle":"RxJS Subjects and Multicasting Operators (Ангельский)","url":"https://coursehunter.net/course/multicating-operators","materials":[],"subCategory":""},{"title":"RxJS: Операторы","originTitle":"RxJS: Operators in Depth (Ангельский)","url":"https://coursehunter.net/course/operators-in-depth","materials":[],"subCategory":""},{"title":"Принуждение в JavaScript","originTitle":"Принуждение в JavaScript","url":"https://coursehunter.net/course/coercion-in-javascript","materials":[],"subCategory":""},{"title":"Организация функциональности JavaScript","originTitle":"Организация функциональности JavaScript","url":"https://coursehunter.net/course/fm-organize-javascript","materials":[],"subCategory":""},{"title":"Асинхронное программирование в JavaScript (с rx.js)","originTitle":"Асинхронное программирование в JavaScript","url":"https://coursehunter.net/course/fm-js-rxjs","materials":[],"subCategory":""},{"title":"Переосмысление Asynchronous JavaScript","originTitle":"Rethinking Asynchronous JavaScript","url":"https://coursehunter.net/course/rethinking-js","materials":[],"subCategory":""},{"title":"Функциональный JavaScript","originTitle":"Functional-Lite JavaScript","url":"https://coursehunter.net/course/lite-js","materials":[],"subCategory":""},{"title":"Хорошие Части JavaScript и Web","originTitle":"Хорошие Части JavaScript и Web","url":"https://coursehunter.net/course/fm-good-js-and-web","materials":[],"subCategory":""},{"title":"ES6: Правильные части","originTitle":"ES6: The Right Parts","url":"https://coursehunter.net/course/es6-right-parts","materials":[],"subCategory":""},{"title":"Основы ES6 (ECMAScript 6)","originTitle":"Основы ES6 (ECMAScript 6)","url":"https://coursehunter.net/course/es6-basics","materials":[],"subCategory":""},{"title":"GeekBrains Javascript","originTitle":"Javascript. Интерактивные веб-приложения","url":"https://coursehunter.net/course/javascript-geekbrains","materials":[],"subCategory":""},{"title":"Ecmascript 6","originTitle":"ECMAScript 6","url":"https://coursehunter.net/course/ecmascript","materials":[],"subCategory":""},{"title":"Ajax","originTitle":"Ajax","url":"https://coursehunter.net/course/ajax","materials":[],"subCategory":""},{"title":"Основы JavaScript","originTitle":"JavaScript основной курс","url":"https://coursehunter.net/course/javascript_lynda_basic","materials":[],"subCategory":""},{"title":"RxJS","originTitle":"Step-by-Step Async JavaScript with RxJS (Ангельский)","url":"https://coursehunter.net/course/Step-by-Step-Async-JavaScript-with-RxJS-Angel-skiy","materials":[],"subCategory":""},{"title":"Ввод в реактивное программирование","originTitle":"Introduction to Reactive Programming (RxJS) (Ангельский)","url":"https://coursehunter.net/course/Introduction-to-Reactive-Programming-RxJS-Angel-skiy","materials":[],"subCategory":""},{"title":"JavaScript Шаблоны","originTitle":"JavaScript Шаблоны","url":"https://coursehunter.net/course/JavaScript-Shablony","materials":[],"subCategory":""},{"title":"Javascript продвинутый","originTitle":"JavaScript-Advanced","url":"https://coursehunter.net/course/JavaScript-Advanced","materials":[],"subCategory":""},{"title":"JavaScript для новичков","originTitle":"JavaScript для новичков","url":"https://coursehunter.net/course/JavaScript","materials":[],"subCategory":""}]}