{"title":"JQuery","url":"https://coursehunter.net/frontend/jquery","courses":[{"title":"Основы jQuery и чистый DOM Scripting","originTitle":"Основы jQuery и чистый DOM Scripting","url":"https://coursehunter.net/course/jquery-dom","materials":["https://vs1.coursehunter.net/materials/fm-puredom.zip"],"subCategory":""},{"title":"Курс по jQuery. Основы","originTitle":"Курс по jQuery. Основы","url":"https://coursehunter.net/course/kurs-po-jquery-osnovy","materials":["https://vs1.coursehunter.net/webformyself-jquery-basics/code.rar"],"subCategory":""},{"title":"Создание расширяемых панелей с помощью jQuery","originTitle":"Creating Expandable Panels with jQuery","url":"https://coursehunter.net/course/lyndacom-creating-expandable-panels-with-jquery","materials":[],"subCategory":""},{"title":"Практические примеры jQuery","originTitle":"Hands-On jQuery: jQuery Examples","url":"https://coursehunter.net/course/udemy-hands-on-jquery","materials":[],"subCategory":""},{"title":"jQuery Plugins and jQuery UI","originTitle":"jQuery Plugins and jQuery UI (Ангельский)","url":"https://coursehunter.net/course/jqeury-plugins","materials":[],"subCategory":""},{"title":"JQuery","originTitle":"JQuery","url":"https://coursehunter.net/course/JQuery","materials":[],"subCategory":""}]}