{"title":"Next.js","url":"https://coursehunter.net/frontend/next-js","courses":[{"title":"Next.js с React и Node - красивое приложение-портфолио","originTitle":"Complete Next.js with React & Node - Beautiful Portfolio App","url":"https://coursehunter.net/course/next-js-s-react-i-node-krasivoe-prilozhenie-portfolio","materials":["https://vs2.coursehunter.net/udemy-next-react-pa/code.zip"],"subCategory":""},{"title":"Next.js: Универсальный JavaScript (STARTER PACKAGE)","originTitle":"Next.js: Universal JavaScript video training","url":"https://coursehunter.net/course/next-js-universalnyy-javascript-starter-package","materials":[],"subCategory":""}]}