{"title":"React.js","url":"https://coursehunter.net/frontend/reactjs","courses":[{"title":"Firebase + React","originTitle":"Firebase + React","url":"https://coursehunter.net/course/fm-firebase-react","materials":["https://vs1.coursehunter.net/fm-firebase-react/lesson1.webm","https://vs1.coursehunter.net/fm-firebase-react/lesson2.webm","https://vs1.coursehunter.net/fm-firebase-react/lesson3.webm","https://vs1.coursehunter.net/fm-firebase-react/lesson4.webm","https://vs1.coursehunter.net/fm-firebase-react/lesson5.webm","https://vs1.coursehunter.net/fm-firebase-react/lesson6.webm","https://vs1.coursehunter.net/fm-firebase-react/lesson7.webm","https://vs1.coursehunter.net/fm-firebase-react/lesson8.webm","https://vs1.coursehunter.net/fm-firebase-react/lesson9.webm","https://vs1.coursehunter.net/fm-firebase-react/lesson10.webm","https://vs1.coursehunter.net/fm-firebase-react/lesson11.webm","https://vs1.coursehunter.net/fm-firebase-react/lesson12.webm","https://vs1.coursehunter.net/fm-firebase-react/lesson13.webm","https://vs1.coursehunter.net/fm-firebase-react/lesson14.webm","https://vs1.coursehunter.net/fm-firebase-react/lesson15.webm","https://vs1.coursehunter.net/fm-firebase-react/lesson16.webm","https://vs1.coursehunter.net/fm-firebase-react/lesson17.webm","https://vs1.coursehunter.net/fm-firebase-react/lesson18.webm","https://vs1.coursehunter.net/fm-firebase-react/lesson19.webm","https://vs1.coursehunter.net/fm-firebase-react/lesson20.webm","https://vs1.coursehunter.net/fm-firebase-react/lesson21.webm","https://vs1.coursehunter.net/fm-firebase-react/lesson22.webm","https://vs1.coursehunter.net/fm-firebase-react/lesson23.webm","https://vs1.coursehunter.net/fm-firebase-react/lesson24.webm","https://vs1.coursehunter.net/fm-firebase-react/lesson25.webm","https://vs1.coursehunter.net/fm-firebase-react/lesson26.webm","https://vs1.coursehunter.net/fm-firebase-react/lesson27.webm","https://vs1.coursehunter.net/fm-firebase-react/lesson28.webm","https://vs1.coursehunter.net/fm-firebase-react/lesson29.webm","https://vs1.coursehunter.net/fm-firebase-react/lesson30.webm","https://vs1.coursehunter.net/fm-firebase-react/lesson31.webm","https://vs1.coursehunter.net/fm-firebase-react/lesson32.webm","https://vs1.coursehunter.net/fm-firebase-react/lesson33.webm","https://vs1.coursehunter.net/fm-firebase-react/lesson34.webm","https://vs1.coursehunter.net/fm-firebase-react/lesson35.webm"],"subCategory":""},{"title":"ReactJS с Нуля до Профи","originTitle":"ReactJS с Нуля до Профи","url":"https://coursehunter.net/course/reactjs-s-nulya-do-profi","materials":["https://vs1.coursehunter.net/w4myslf-react-spt/code.zip"],"subCategory":""},{"title":"React + Redux - Профессиональная Разработка","originTitle":"React + Redux - Профессиональная Разработка","url":"https://coursehunter.net/course/react-redux-professionalnaya-razrabotka","materials":["https://vs2.coursehunter.net/udemy-ru-react-redux/lesson1.mp4","https://vs2.coursehunter.net/udemy-ru-react-redux/lesson2.mp4","https://vs2.coursehunter.net/udemy-ru-react-redux/lesson3.mp4","https://vs2.coursehunter.net/udemy-ru-react-redux/lesson4.mp4","https://vs2.coursehunter.net/udemy-ru-react-redux/lesson5.mp4","https://vs2.coursehunter.net/udemy-ru-react-redux/lesson6.mp4","https://vs2.coursehunter.net/udemy-ru-react-redux/lesson7.mp4","https://vs2.coursehunter.net/udemy-ru-react-redux/lesson8.mp4","https://vs2.coursehunter.net/udemy-ru-react-redux/lesson9.mp4","https://vs2.coursehunter.net/udemy-ru-react-redux/lesson10.mp4","https://vs2.coursehunter.net/udemy-ru-react-redux/lesson11.mp4","https://vs2.coursehunter.net/udemy-ru-react-redux/lesson12.mp4","https://vs2.coursehunter.net/udemy-ru-react-redux/lesson13.mp4","https://vs2.coursehunter.net/udemy-ru-react-redux/lesson14.mp4","https://vs2.coursehunter.net/udemy-ru-react-redux/lesson15.mp4","https://vs2.coursehunter.net/udemy-ru-react-redux/lesson16.mp4","https://vs2.coursehunter.net/udemy-ru-react-redux/lesson17.mp4","https://vs2.coursehunter.net/udemy-ru-react-redux/lesson18.mp4","https://vs2.coursehunter.net/udemy-ru-react-redux/lesson19.mp4","https://vs2.coursehunter.net/udemy-ru-react-redux/lesson20.mp4","https://vs2.coursehunter.net/udemy-ru-react-redux/lesson21.mp4","https://vs2.coursehunter.net/udemy-ru-react-redux/lesson22.mp4","https://vs2.coursehunter.net/udemy-ru-react-redux/lesson23.mp4","https://vs2.coursehunter.net/udemy-ru-react-redux/lesson24.mp4","https://vs2.coursehunter.net/udemy-ru-react-redux/lesson25.mp4","https://vs2.coursehunter.net/udemy-ru-react-redux/lesson26.mp4","https://vs2.coursehunter.net/udemy-ru-react-redux/lesson27.mp4","https://vs2.coursehunter.net/udemy-ru-react-redux/lesson28.mp4","https://vs2.coursehunter.net/udemy-ru-react-redux/lesson29.mp4","https://vs2.coursehunter.net/udemy-ru-react-redux/lesson30.mp4","https://vs2.coursehunter.net/udemy-ru-react-redux/lesson31.mp4","https://vs2.coursehunter.net/udemy-ru-react-redux/lesson32.mp4","https://vs2.coursehunter.net/udemy-ru-react-redux/lesson33.mp4","https://vs2.coursehunter.net/udemy-ru-react-redux/lesson34.mp4","https://vs2.coursehunter.net/udemy-ru-react-redux/lesson35.mp4","https://vs2.coursehunter.net/udemy-ru-react-redux/lesson36.mp4","https://vs2.coursehunter.net/udemy-ru-react-redux/lesson37.mp4","https://vs2.coursehunter.net/udemy-ru-react-redux/lesson38.mp4","https://vs2.coursehunter.net/udemy-ru-react-redux/lesson39.mp4","https://vs2.coursehunter.net/udemy-ru-react-redux/lesson40.mp4","https://vs2.coursehunter.net/udemy-ru-react-redux/lesson41.mp4","https://vs2.coursehunter.net/udemy-ru-react-redux/lesson42.mp4","https://vs2.coursehunter.net/udemy-ru-react-redux/lesson43.mp4","https://vs2.coursehunter.net/udemy-ru-react-redux/lesson44.mp4","https://vs2.coursehunter.net/udemy-ru-react-redux/lesson45.mp4","https://vs2.coursehunter.net/udemy-ru-react-redux/lesson46.mp4","https://vs2.coursehunter.net/udemy-ru-react-redux/lesson47.mp4","https://vs2.coursehunter.net/udemy-ru-react-redux/lesson48.mp4","https://vs2.coursehunter.net/udemy-ru-react-redux/lesson49.mp4","https://vs2.coursehunter.net/udemy-ru-react-redux/lesson50.mp4","https://vs2.coursehunter.net/udemy-ru-react-redux/lesson51.mp4","https://vs2.coursehunter.net/udemy-ru-react-redux/lesson52.mp4","https://vs2.coursehunter.net/udemy-ru-react-redux/lesson53.mp4","https://vs2.coursehunter.net/udemy-ru-react-redux/lesson54.mp4","https://vs2.coursehunter.net/udemy-ru-react-redux/lesson55.mp4","https://vs2.coursehunter.net/udemy-ru-react-redux/lesson56.mp4","https://vs2.coursehunter.net/udemy-ru-react-redux/lesson57.mp4","https://vs2.coursehunter.net/udemy-ru-react-redux/lesson58.mp4","https://vs2.coursehunter.net/udemy-ru-react-redux/lesson59.mp4","https://vs2.coursehunter.net/udemy-ru-react-redux/lesson60.mp4","https://vs2.coursehunter.net/udemy-ru-react-redux/lesson61.mp4","https://vs2.coursehunter.net/udemy-ru-react-redux/lesson62.mp4","https://vs2.coursehunter.net/udemy-ru-react-redux/lesson63.mp4","https://vs2.coursehunter.net/udemy-ru-react-redux/lesson64.mp4","https://vs2.coursehunter.net/udemy-ru-react-redux/lesson65.mp4","https://vs2.coursehunter.net/udemy-ru-react-redux/lesson66.mp4","https://vs2.coursehunter.net/udemy-ru-react-redux/lesson67.mp4","https://vs2.coursehunter.net/udemy-ru-react-redux/lesson68.mp4","https://vs2.coursehunter.net/udemy-ru-react-redux/lesson69.mp4","https://vs2.coursehunter.net/udemy-ru-react-redux/lesson70.mp4","https://vs2.coursehunter.net/udemy-ru-react-redux/lesson71.mp4","https://vs2.coursehunter.net/udemy-ru-react-redux/lesson72.mp4","https://vs2.coursehunter.net/udemy-ru-react-redux/lesson73.mp4","https://vs2.coursehunter.net/udemy-ru-react-redux/lesson74.mp4","https://vs2.coursehunter.net/udemy-ru-react-redux/lesson75.mp4","https://vs2.coursehunter.net/udemy-ru-react-redux/lesson76.mp4","https://vs2.coursehunter.net/udemy-ru-react-redux/lesson77.mp4","https://vs2.coursehunter.net/udemy-ru-react-redux/lesson78.mp4","https://vs2.coursehunter.net/udemy-ru-react-redux/lesson79.mp4","https://vs2.coursehunter.net/udemy-ru-react-redux/lesson80.mp4","https://vs2.coursehunter.net/udemy-ru-react-redux/lesson81.mp4","https://vs2.coursehunter.net/udemy-ru-react-redux/lesson82.mp4","https://vs2.coursehunter.net/udemy-ru-react-redux/lesson83.mp4","https://vs2.coursehunter.net/udemy-ru-react-redux/lesson84.mp4","https://vs2.coursehunter.net/udemy-ru-react-redux/lesson85.mp4","https://vs2.coursehunter.net/udemy-ru-react-redux/lesson86.mp4","https://vs2.coursehunter.net/udemy-ru-react-redux/lesson87.mp4","https://vs2.coursehunter.net/udemy-ru-react-redux/lesson88.mp4","https://vs2.coursehunter.net/udemy-ru-react-redux/lesson89.mp4","https://vs2.coursehunter.net/udemy-ru-react-redux/lesson90.mp4","https://vs2.coursehunter.net/udemy-ru-react-redux/lesson91.mp4","https://vs2.coursehunter.net/udemy-ru-react-redux/lesson92.mp4","https://vs2.coursehunter.net/udemy-ru-react-redux/lesson93.mp4","https://vs2.coursehunter.net/udemy-ru-react-redux/lesson94.mp4","https://vs2.coursehunter.net/udemy-ru-react-redux/lesson95.mp4","https://vs2.coursehunter.net/udemy-ru-react-redux/lesson96.mp4","https://vs2.coursehunter.net/udemy-ru-react-redux/lesson97.mp4","https://vs2.coursehunter.net/udemy-ru-react-redux/lesson98.mp4","https://vs2.coursehunter.net/udemy-ru-react-redux/lesson99.mp4","https://vs2.coursehunter.net/udemy-ru-react-redux/lesson100.mp4","https://vs2.coursehunter.net/udemy-ru-react-redux/lesson101.mp4","https://vs2.coursehunter.net/udemy-ru-react-redux/lesson102.mp4","https://vs2.coursehunter.net/udemy-ru-react-redux/lesson103.mp4","https://vs2.coursehunter.net/udemy-ru-react-redux/lesson104.mp4","https://vs2.coursehunter.net/udemy-ru-react-redux/lesson105.mp4","https://vs2.coursehunter.net/udemy-ru-react-redux/lesson106.mp4","https://vs2.coursehunter.net/udemy-ru-react-redux/lesson107.mp4","https://vs2.coursehunter.net/udemy-ru-react-redux/lesson108.mp4","https://vs2.coursehunter.net/udemy-ru-react-redux/lesson109.mp4","https://vs2.coursehunter.net/udemy-ru-react-redux/lesson110.mp4","https://vs2.coursehunter.net/udemy-ru-react-redux/lesson111.mp4","https://vs2.coursehunter.net/udemy-ru-react-redux/lesson112.mp4","https://vs2.coursehunter.net/udemy-ru-react-redux/lesson113.mp4","https://vs2.coursehunter.net/udemy-ru-react-redux/lesson114.mp4","https://vs2.coursehunter.net/udemy-ru-react-redux/lesson115.mp4","https://vs2.coursehunter.net/udemy-ru-react-redux/lesson116.mp4","https://vs2.coursehunter.net/udemy-ru-react-redux/lesson117.mp4","https://vs2.coursehunter.net/udemy-ru-react-redux/lesson118.mp4","https://vs2.coursehunter.net/udemy-ru-react-redux/lesson119.mp4","https://vs2.coursehunter.net/udemy-ru-react-redux/lesson120.mp4","https://vs2.coursehunter.net/udemy-ru-react-redux/lesson121.mp4","https://vs2.coursehunter.net/udemy-ru-react-redux/lesson122.mp4","https://vs2.coursehunter.net/udemy-ru-react-redux/lesson123.mp4","https://vs2.coursehunter.net/udemy-ru-react-redux/lesson124.mp4","https://vs2.coursehunter.net/udemy-ru-react-redux/lesson125.mp4","https://vs2.coursehunter.net/udemy-ru-react-redux/lesson126.mp4","https://vs2.coursehunter.net/udemy-ru-react-redux/lesson127.mp4","https://vs2.coursehunter.net/udemy-ru-react-redux/lesson128.mp4","https://vs2.coursehunter.net/udemy-ru-react-redux/lesson129.mp4","https://vs2.coursehunter.net/udemy-ru-react-redux/lesson130.mp4","https://vs2.coursehunter.net/udemy-ru-react-redux/lesson131.mp4","https://vs2.coursehunter.net/udemy-ru-react-redux/lesson132.mp4","https://vs2.coursehunter.net/udemy-ru-react-redux/lesson133.mp4","https://vs2.coursehunter.net/udemy-ru-react-redux/lesson134.mp4","https://vs2.coursehunter.net/udemy-ru-react-redux/lesson135.mp4","https://vs2.coursehunter.net/udemy-ru-react-redux/lesson136.mp4","https://vs2.coursehunter.net/udemy-ru-react-redux/lesson137.mp4","https://vs2.coursehunter.net/udemy-ru-react-redux/lesson138.mp4","https://vs2.coursehunter.net/udemy-ru-react-redux/lesson139.mp4","https://vs2.coursehunter.net/udemy-ru-react-redux/lesson140.mp4","https://vs2.coursehunter.net/udemy-ru-react-redux/lesson141.mp4","https://vs2.coursehunter.net/udemy-ru-react-redux/lesson142.mp4","https://vs2.coursehunter.net/udemy-ru-react-redux/lesson143.mp4","https://vs2.coursehunter.net/udemy-ru-react-redux/lesson144.mp4","https://vs2.coursehunter.net/udemy-ru-react-redux/lesson145.mp4","https://vs2.coursehunter.net/udemy-ru-react-redux/lesson146.mp4","https://vs2.coursehunter.net/udemy-ru-react-redux/lesson147.mp4","https://vs2.coursehunter.net/udemy-ru-react-redux/lesson148.mp4","https://vs2.coursehunter.net/udemy-ru-react-redux/lesson149.mp4","https://vs2.coursehunter.net/udemy-ru-react-redux/lesson150.mp4","https://vs2.coursehunter.net/udemy-ru-react-redux/lesson151.mp4","https://vs2.coursehunter.net/udemy-ru-react-redux/lesson152.mp4","https://vs2.coursehunter.net/udemy-ru-react-redux/lesson153.mp4","https://vs2.coursehunter.net/udemy-ru-react-redux/lesson154.mp4","https://vs2.coursehunter.net/udemy-ru-react-redux/lesson155.mp4","https://vs2.coursehunter.net/udemy-ru-react-redux/lesson156.mp4","https://vs2.coursehunter.net/udemy-ru-react-redux/lesson157.mp4","https://vs2.coursehunter.net/udemy-ru-react-redux/lesson158.mp4","https://vs2.coursehunter.net/udemy-ru-react-redux/lesson159.mp4","https://vs2.coursehunter.net/udemy-ru-react-redux/lesson160.mp4","https://vs2.coursehunter.net/udemy-ru-react-redux/lesson161.mp4","https://vs2.coursehunter.net/udemy-ru-react-redux/lesson162.mp4","https://vs2.coursehunter.net/udemy-ru-react-redux/lesson163.mp4","https://vs2.coursehunter.net/udemy-ru-react-redux/lesson164.mp4","https://vs2.coursehunter.net/udemy-ru-react-redux/lesson165.mp4","https://vs2.coursehunter.net/udemy-ru-react-redux/lesson166.mp4","https://vs2.coursehunter.net/udemy-ru-react-redux/lesson167.mp4","https://vs2.coursehunter.net/udemy-ru-react-redux/lesson168.mp4","https://vs2.coursehunter.net/udemy-ru-react-redux/lesson169.mp4"],"subCategory":""},{"title":"React - Полное руководство (включая Hooks, React Router, Redux)","originTitle":"React - The Complete Guide (incl Hooks, React Router, Redux)","url":"https://coursehunter.net/course/udemy-react16-complete-guide","materials":["https://vs2.coursehunter.net/udemy-react16-maxim/code.zip"],"subCategory":""},{"title":"React, NodeJS, Express и MongoDB - Руководство по полному стэку MERN","originTitle":"React, NodeJS, Express & MongoDB - The MERN Fullstack Guide","url":"https://coursehunter.net/course/react-nodejs-express-i-mongodb-rukovodstvo-po-polnomu-steku-mern","materials":[],"subCategory":""},{"title":"React. Lite Level","originTitle":"React. Lite Level","url":"https://coursehunter.net/course/react-lite-level","materials":[],"subCategory":""},{"title":"Реюзабл стейт и Effects с React Hooks","originTitle":"Reusable State and Effects with React Hooks","url":"https://coursehunter.net/course/reyuzabl-steyt-i-effects-s-react-hooks","materials":[],"subCategory":""},{"title":"Начинаем работу с Preact","originTitle":"Up and running with Preact","url":"https://coursehunter.net/course/nachinaem-rabotu-s-preact","materials":[],"subCategory":""},{"title":"Drag and Drop с react-beautiful-dnd","originTitle":"Beautiful and Accessible Drag and Drop with react-beautiful-dnd","url":"https://coursehunter.net/course/drag-and-drop-s-react-beautiful-dnd","materials":[],"subCategory":""},{"title":"Чистый React","originTitle":"Pure React: Learn to think in React (PRO PACKET)","url":"https://coursehunter.net/course/chistyy-react","materials":[],"subCategory":""},{"title":"Совместно используемые пользовательские Хуки в React","originTitle":"Shareable Custom Hooks in React","url":"https://coursehunter.net/course/sovmestno-ispolzuemye-polzovatelskie-huki-v-react","materials":[],"subCategory":""},{"title":"Чистый Redux","originTitle":"Pure Redux (COMPLETE PACKAGE)","url":"https://coursehunter.net/course/chistyy-redux","materials":[],"subCategory":""},{"title":"React стайлинг и CSS","originTitle":"React Styling and CSS","url":"https://coursehunter.net/course/react-stayling-i-css","materials":[],"subCategory":""},{"title":"FullStack React с NextJS","originTitle":"FullStack React with NextJS","url":"https://coursehunter.net/course/fullstack-react-s-nextjs","materials":[],"subCategory":""},{"title":"Разработка одностраничных приложений","originTitle":"Developing Single Page Applications","url":"https://coursehunter.net/course/razrabotka-odnostranichnyh-prilozheniy","materials":[],"subCategory":""},{"title":"Визуализация данных c React","originTitle":"React for Data Visualization [FULL COURSE]","url":"https://coursehunter.net/course/vizualizaciya-dannyh-c-react","materials":[],"subCategory":""},{"title":"Основы React (ultimatecourses)","originTitle":"React Basics","url":"https://coursehunter.net/course/osnovy-react-ultimatecourses","materials":[],"subCategory":""},{"title":"Изучай React Сегодня","originTitle":"Learn React Today","url":"https://coursehunter.net/course/izuchay-react-segodnya","materials":[],"subCategory":""},{"title":"Создание повторно используемых компонентов React","originTitle":"Creating Reusable React Components","url":"https://coursehunter.net/course/sozdanie-povtorno-ispolzuemyh-komponentov-react","materials":[],"subCategory":""},{"title":"Полный стек с Spring Boot и React","originTitle":"Go Full Stack with Spring Boot and React","url":"https://coursehunter.net/course/polnyy-stek-s-spring-boot-i-react","materials":[],"subCategory":""},{"title":"React Node FullStack - многопользовательская платформа для ведения блогов","originTitle":"React Node FullStack - Multi User Blogging Platform with SEO","url":"https://coursehunter.net/course/react-node-fullstack-mnogopolzovatelskaya-platforma-dlya-vedeniya-blogov","materials":[],"subCategory":""},{"title":"Полное руководство по созданию приложения с .Net Core и React","originTitle":"Complete guide to building an app with .Net Core and React","url":"https://coursehunter.net/course/polnoe-rukovodstvo-po-sozdaniyu-prilozheniya-s-net-core-i-react","materials":[],"subCategory":""},{"title":"React JS с Нуля до Профи. Полное руководство","originTitle":"React JS с Нуля до Профи. Полное руководство","url":"https://coursehunter.net/course/react-js-s-nulya-do-profi-polnoe-rukovodstvo","materials":[],"subCategory":""},{"title":"React и Django Full Stack: веб-приложение, бэкэнд-API, мобильные приложения","originTitle":"React & Django Full Stack: web app, backend API, mobile apps","url":"https://coursehunter.net/course/react-i-django-full-stack-veb-prilozhenie-bekend-api-mobilnye-prilozheniya","materials":[],"subCategory":""},{"title":"MERN Stack - Полное руководство","originTitle":"MERN Stack - The Complete Guide","url":"https://coursehunter.net/course/mern-stack-polnoe-rukovodstvo","materials":[],"subCategory":""},{"title":"Масштабируемые Offline-Ready приложения GraphQL с AWS AppSync и React","originTitle":"Scalable Offline-Ready GraphQL Applications with AWS AppSync & React","url":"https://coursehunter.net/course/masshtabiruemye-offline-ready-prilozheniya-graphql-s-aws-appsync-i-react","materials":[],"subCategory":""},{"title":"Разработка интернет-магазина на React/Redux","originTitle":"Разработка интернет-магазина на React/Redux","url":"https://coursehunter.net/course/razrabotka-internet-magazina-na-react-redux","materials":[],"subCategory":""},{"title":"React: Начало работы","originTitle":"React: Getting Started","url":"https://coursehunter.net/course/react-nachalo-raboty","materials":[],"subCategory":""},{"title":"Advanced React.js","originTitle":"Advanced React.js","url":"https://coursehunter.net/course/advanced-react-js","materials":[],"subCategory":""},{"title":"React с нуля с Laravel (создайте Twitter)","originTitle":"React from scratch with Laravel (build Twitter like Web App)","url":"https://coursehunter.net/course/react-s-nulya-s-laravel-sozdayte-twitter","materials":[],"subCategory":""},{"title":"React Node FullStack - Ecommerce с нуля до развертывания","originTitle":"React Node FullStack - Ecommerce from Scratch to Deployment","url":"https://coursehunter.net/course/react-node-fullstack-ecommerce-s-nulya-do-razvertyvaniya","materials":[],"subCategory":""},{"title":"Блокчейн Смарт Контракты и Фронтенд Программирование (EOS EOSIO)","originTitle":"Blockchain Smart Contract & Frontend Programming (EOS EOSIO)","url":"https://coursehunter.net/course/blokcheyn-smart-kontrakty-i-frontend-programmirovanie-eos-eosio","materials":[],"subCategory":""},{"title":"Изучите Конечные автоматы (State Machines)","originTitle":"Learn State Machines","url":"https://coursehunter.net/course/izuchite-konechnye-avtomaty-state-machines","materials":[],"subCategory":""},{"title":"Мастер-класс React - Учитесь, создавая компоненты и приложения","originTitle":"React Master Class - Learn By Building Components and Apps","url":"https://coursehunter.net/course/master-klass-react-uchites-sozdavaya-komponenty-i-prilozheniya","materials":[],"subCategory":""},{"title":"Сборка компонентов React с помощью Storybook за 30 минут или около того","originTitle":"Building React components with Storybook in 30 minutes or so","url":"https://coursehunter.net/course/sborka-komponentov-react-s-pomoshchyu-storybook-za-30-minut-ili-okolo-togo","materials":[],"subCategory":""},{"title":"Рендеринг на стороне сервера с помощью Next + React","originTitle":"Server side rendering with Next + React","url":"https://coursehunter.net/course/rendering-na-storone-servera-s-pomoshchyu-next-react","materials":[],"subCategory":""},{"title":"Использование TypeScript с React","originTitle":"Using TypeScript with React","url":"https://coursehunter.net/course/ispolzovanie-typescript-s-react","materials":[],"subCategory":""},{"title":"React","originTitle":"React","url":"https://coursehunter.net/course/react","materials":[],"subCategory":""},{"title":"React Hooks (tylermcginnis)","originTitle":"React Hooks","url":"https://coursehunter.net/course/react-hooks-tylermcginnis","materials":[],"subCategory":""},{"title":"Асинхронное управление состоянием с redux-observable v1","originTitle":"Asynchronous State Management with redux-observable v1","url":"https://coursehunter.net/course/asinhronnoe-upravlenie-sostoyaniem-s-edux-observable-v1","materials":[],"subCategory":""},{"title":"React. Интенсивный курс для программистов от Дмитрия Лаврика","originTitle":"React. Интенсивный курс для программистов от Дмитрия Лаврика","url":"https://coursehunter.net/course/react-intensivnyy-kurs-dlya-programmistov-ot-dmitriya-lavrika","materials":[],"subCategory":""},{"title":"React разработчик 2019 (с Redux, Hooks, GraphQL)","originTitle":"Complete React Developer in 2020 (w/ Redux, Hooks, GraphQL)","url":"https://coursehunter.net/course/react-razrabotchik-2019-s-redux-hooks-graphql","materials":[],"subCategory":""},{"title":"Практические основы React","originTitle":"Practical React Fundamentals","url":"https://coursehunter.net/course/prakticheskie-osnovy-react","materials":[],"subCategory":""},{"title":"Профессиональный онлайн‑курс JavaScript, уровень 3","originTitle":"Профессиональный онлайн‑курс JavaScript, уровень 3","url":"https://coursehunter.net/course/professionalnyy-onlayn-kurs-javascript-uroven-3","materials":[],"subCategory":""},{"title":"Создание виртуальной реальности с React VR","originTitle":"Build Virtual Reality Experiences Using React VR","url":"https://coursehunter.net/course/sozdanie-virtualnoy-realnosti-s-react-vr","materials":[],"subCategory":""},{"title":"Крутые приложения с React Hooks и Firebase","originTitle":"Awesome Apps with React Hooks and Firebase","url":"https://coursehunter.net/course/krutye-prilozheniya-s-react-hooks-i-firebase","materials":[],"subCategory":""},{"title":"Intermediate React, v2","originTitle":"Intermediate React, v2","url":"https://coursehunter.net/course/intermediate-react-v2","materials":[],"subCategory":""},{"title":"Управление состоянием в React, v2","originTitle":"State Management in React, v2","url":"https://coursehunter.net/course/upravlenie-sostoyaniem-v-react-v2","materials":[],"subCategory":""},{"title":"React Front To Back 2019 (Hooks, Context, MERN и Redux)","originTitle":"React Front To Back 2019 (Hooks, Context, MERN & Redux)","url":"https://coursehunter.net/course/react-front-to-back-2019-hooks-context-mern-i-redux","materials":[],"subCategory":""},{"title":"Animating React","originTitle":"Animating React","url":"https://coursehunter.net/course/animating-react","materials":[],"subCategory":""},{"title":"Полное введение в React, v5 (Reshoot)","originTitle":"Complete Intro to React, v5 (Reshoot)","url":"https://coursehunter.net/course/polnoe-vvedenie-v-react-v5-reshoot","materials":[],"subCategory":""},{"title":"Введение в Gatsby","originTitle":"Introduction to Gatsby","url":"https://coursehunter.net/course/vvedenie-v-gatsby","materials":[],"subCategory":""},{"title":"Современный React Bootcamp (с Hooks, React Router и др.)","originTitle":"The Modern React Bootcamp (Hooks, Context, Router & More)","url":"https://coursehunter.net/course/sovremennyy-react-bootcamp-s-hooks-react-router-i-dr","materials":[],"subCategory":""},{"title":"Создайте интернет-магазин с React и GraphQL за 90 минут","originTitle":"Build an Online Store with React and GraphQL in 90 Minutes","url":"https://coursehunter.net/course/sozdayte-internet-magazin-s-react-i-graphql-za-90-minut","materials":[],"subCategory":""},{"title":"Full-Stack React, Python и GraphQL","originTitle":"Full-Stack React, Python, and GraphQL","url":"https://coursehunter.net/course/full-stack-react-python-i-graphql","materials":[],"subCategory":""},{"title":"React JS и Redux Bootcamp - Освойте React Веб-разработку","originTitle":"React JS and Redux Bootcamp - Master React Web Development","url":"https://coursehunter.net/course/react-js-i-redux-bootcamp-osvoyte-react-veb-razrabotku","materials":[],"subCategory":""},{"title":"React Node FullStack - социальная сеть с нуля до развертывания","originTitle":"React Node FullStack - Social Network from Scratch to Deploy","url":"https://coursehunter.net/course/react-node-fullstack-socialnaya-set-s-nulya-do-razvertyvaniya","materials":[],"subCategory":""},{"title":"React с Firebase","originTitle":"Realtime React with Firebase","url":"https://coursehunter.net/course/react-s-firebase","materials":[],"subCategory":""},{"title":"React Class Component Patterns","originTitle":"React Class Component Patterns","url":"https://coursehunter.net/course/react-class-component-patterns","materials":[],"subCategory":""},{"title":"Полное введение в React, v5","originTitle":"Complete Intro to React, v5","url":"https://coursehunter.net/course/polnoe-vvedenie-v-react-v5","materials":[],"subCategory":""},{"title":"Styled Components","originTitle":"Styled Components","url":"https://coursehunter.net/course/styled-components","materials":[],"subCategory":""},{"title":"React Hooks Для Всех","originTitle":"React Hooks For Everyone","url":"https://coursehunter.net/course/react-hooks-dlya-vseh","materials":[],"subCategory":""},{"title":"Создаем приложение с React Hooks и GraphQL","originTitle":"Build a Realtime App with React Hooks and GraphQL","url":"https://coursehunter.net/course/sozdaem-prilozhenie-s-react-hooks-i-graphql","materials":[],"subCategory":""},{"title":"Основы Redux","originTitle":"Redux Fundamentals","url":"https://coursehunter.net/course/osnovy-redux","materials":[],"subCategory":""},{"title":"[Книга] React+D3v4","originTitle":"React+D3v4","url":"https://coursehunter.net/course/kniga-react-d3v4","materials":[],"subCategory":""},{"title":"Создание гладких, совершенных переходов с React Transition Group v2","originTitle":"Create Smooth, Performant Transitions with React Transition Group v2","url":"https://coursehunter.net/course/sozdanie-gladkih-sovershennyh-perehodov-s-react-transition-group-v2","materials":[],"subCategory":""},{"title":"Разрабатывайте приложения React с помощью Mobx и TypeScript","originTitle":"Develop React Applications with Mobx and TypeScript","url":"https://coursehunter.net/course/razrabatyvayte-prilozheniya-react-s-pomoshchyu-mobx-i-typescript","materials":[],"subCategory":""},{"title":"Тестирование React компонентов с Enzyme и Jest","originTitle":"Test React Components with Enzyme and Jest","url":"https://coursehunter.net/course/testirovanie-react-komponentov-s-enzyme-i-jest","materials":[],"subCategory":""},{"title":"Прогрессивные веб-приложения в React с create-react-app","originTitle":"Progressive Web Apps in React with create-react-app","url":"https://coursehunter.net/course/progressivnye-veb-prilozheniya-v-react-s-create-react-app","materials":[],"subCategory":""},{"title":"Современные инструменты JavaScript с React","originTitle":"Modern JavaScript Tooling with React","url":"https://coursehunter.net/course/sovremennye-instrumenty-javascript-s-react","materials":[],"subCategory":""},{"title":"Первое приложение на React.js за 3 дня","originTitle":"Интенсив \"Первое приложение на React.js за 3 дня\"","url":"https://coursehunter.net/course/pervoe-prilozhenie-na-react-js-za-3-dnya","materials":[],"subCategory":""},{"title":"Gatsby Мастер-класс","originTitle":"The Gatsby Masterclass","url":"https://coursehunter.net/course/gatsby-master-klass","materials":[],"subCategory":""},{"title":"Современный React","originTitle":"Современный React","url":"https://coursehunter.net/course/sovremennyy-react","materials":[],"subCategory":""},{"title":"Gatsby - Генератор статических сайтов для React - Полное руководство","originTitle":"Gatsby - Static Site Generator For React - Complete Guide","url":"https://coursehunter.net/course/gatsby-generator-staticheskih-saytov-dlya-react-polnoe-rukovodstvo","materials":[],"subCategory":""},{"title":"Serverless React c AWS Amplify - Полное Руководство","originTitle":"Serverless React with AWS Amplify - The Complete Guide","url":"https://coursehunter.net/course/serverless-react-c-aws-amplify-polnoe-rukovodstvo","materials":[],"subCategory":""},{"title":"React Context для управления состоянием","originTitle":"React Context for State Management","url":"https://coursehunter.net/course/react-context-dlya-upravleniya-sostoyaniem","materials":[],"subCategory":""},{"title":"PHP Symfony 4 API Platform + React.js Full Stack мастер-класс","originTitle":"PHP Symfony 4 API Platform + React.js Full Stack Masterclass","url":"https://coursehunter.net/course/php-symfony-4-api-platform-react-js-full-stack-master-klass","materials":[],"subCategory":""},{"title":"Firebase c React, v2","originTitle":"Firebase with React, v2","url":"https://coursehunter.net/course/firebase-c-react-v2","materials":[],"subCategory":""},{"title":"React Hooks","originTitle":"React Hooks","url":"https://coursehunter.net/course/react-hooks","materials":[],"subCategory":""},{"title":"Universal React с Next.js - Полное руководство","originTitle":"Universal React with Next.js - The Ultimate Guide","url":"https://coursehunter.net/course/universal-react-s-next-js-polnoe-rukovodstvo","materials":[],"subCategory":""},{"title":"Упрощаем React приложения с помощью React Hooks","originTitle":"Simplify React Apps with React Hooks","url":"https://coursehunter.net/course/uproshchaem-react-prilozheniya-s-pomoshchyu-react-hooks","materials":[],"subCategory":""},{"title":"[Книга] Taming the State in React","originTitle":"Taming the State in React","url":"https://coursehunter.net/course/kniga-taming-the-state-in-react","materials":[],"subCategory":""},{"title":"Изучите React и Redux: от новичка до профессионала","originTitle":"Learn React & Redux: From Beginner To Paid Professional","url":"https://coursehunter.net/course/izuchite-react-i-redux-ot-novichka-do-professionala","materials":[],"subCategory":""},{"title":"Новинки React v16.7","originTitle":"Новинки React v16.7","url":"https://coursehunter.net/course/novinki-react-v16-7","materials":[],"subCategory":""},{"title":"React тестирование с Jest и Enzyme","originTitle":"React Testing with Jest and Enzyme","url":"https://coursehunter.net/course/react-testirovanie-s-jest-i-enzyme","materials":[],"subCategory":""},{"title":"Онлайн интенсив по React","originTitle":"Онлайн интенсив по React","url":"https://coursehunter.net/course/onlayn-intensiv-po-react","materials":[],"subCategory":""},{"title":"Курс по React.JS (набор 2018)","originTitle":"Курс по React.JS","url":"https://coursehunter.net/course/kurs-po-react-js-nabor-2018","materials":[],"subCategory":""},{"title":"Создайте Slack чат с помощью React, Redux и Firebase","originTitle":"Build a Slack Chat App with React, Redux, and Firebase","url":"https://coursehunter.net/course/sozdayte-slack-chat-s-pomoshchyu-react-redux-i-firebase","materials":[],"subCategory":""},{"title":"Веб-разработка Full-Stack | Node, SQL, React и многое другое","originTitle":"Master Full-Stack Web Development | Node, SQL, React, & More","url":"https://coursehunter.net/course/veb-razrabotka-full-stack-node-sql-react-i-mnogoe-drugoe","materials":[],"subCategory":""},{"title":"Постройте React приложение с рендерингом на стороне сервера с Next.js","originTitle":"Build a Server-rendered ReactJS Application with Next.js","url":"https://coursehunter.net/course/postroyte-react-prilozhenie-s-renderingom-na-storone-servera-s-next-js","materials":[],"subCategory":""},{"title":"React паттерны","originTitle":"React паттерны","url":"https://coursehunter.net/course/react-patterny","materials":[],"subCategory":""},{"title":"Intermediate React","originTitle":"Intermediate React","url":"https://coursehunter.net/course/intermediate-react","materials":[],"subCategory":""},{"title":"FullStack Advanced React + GraphQL","originTitle":"Full Stack Advanced React + GraphQL","url":"https://coursehunter.net/course/full-stack-prodvinutyy-react-graphql","materials":[],"subCategory":""},{"title":"Тестирование React для начинающих","originTitle":"React Testing For Beginners","url":"https://coursehunter.net/course/testirovanie-react-dlya-nachinayushchih","materials":[],"subCategory":""},{"title":"Level 1 Apollo Client c React","originTitle":"Level 1 Apollo Client with React","url":"https://coursehunter.net/course/level-1-apollo-client-c-react","materials":[],"subCategory":""},{"title":"Интенсивное погружение в React на реальном проекте","originTitle":"Интенсивное погружение в React на реальном проекте","url":"https://coursehunter.net/course/intensivnoe-pogruzhenie-v-react-na-realnom-proekte","materials":[],"subCategory":""},{"title":"JavaScript и React для начинающих: Создайте 12 проектов","originTitle":"JavaScript and React for Beginners: Create 12 projects","url":"https://coursehunter.net/course/javascript-i-react-dlya-nachinayushchih-sozdayte-12-proektov","materials":[],"subCategory":""},{"title":"React - Разработка через тестирование (TDD)","originTitle":"React - Mastering Test Driven Development","url":"https://coursehunter.net/course/react-razrabotka-cherez-testirovanie-tdd","materials":[],"subCategory":""},{"title":"Полное введение в React (v4)","originTitle":"Complete Intro to React v4","url":"https://coursehunter.net/course/polnoe-vvedenie-v-react-v4","materials":[],"subCategory":""},{"title":"Изучаем React с нуля на реальном проекте","originTitle":"Изучаем React с нуля на реальном проекте","url":"https://coursehunter.net/course/izuchaem-react-s-nulya-na-realnom-proekte","materials":[],"subCategory":""},{"title":"Mastering React (Mosh Hamedani)","originTitle":"Mastering React","url":"https://coursehunter.net/course/mastering-react-mosh-hamedani","materials":[],"subCategory":""},{"title":"Full-Stack React с GraphQL и Apollo Boost","originTitle":"Full-Stack React with GraphQL and Apollo Boost","url":"https://coursehunter.net/course/full-stack-react-s-graphql-i-apollo-boost","materials":[],"subCategory":""},{"title":"Визуализация данных для React разработчиков","originTitle":"Data Visualization for React Developers","url":"https://coursehunter.net/course/vizualizaciya-dannyh-dlya-react-razrabotchikov","materials":[],"subCategory":""},{"title":"React.js. Разработка веб-приложений (Июнь - Июль 2018)","originTitle":"React.js. Разработка веб-приложений","url":"https://coursehunter.net/course/react-js-razrabotka-veb-prilozheniy-iyun-iyul-2018","materials":[],"subCategory":""},{"title":"React Catch-up","originTitle":"React Catch-up","url":"https://coursehunter.net/course/react-catch-up","materials":[],"subCategory":""},{"title":"Практический курс React, учитесь строя проекты.","originTitle":"The React practice course, learn by building projects.","url":"https://coursehunter.net/course/prakticheskiy-kurs-react-uchites-stroya-proekty","materials":[],"subCategory":""},{"title":"React Front To Back","originTitle":"React Front To Back","url":"https://coursehunter.net/course/react-front-to-back","materials":[],"subCategory":""},{"title":"Создание реальных приложений  | React Js, Golang и RethinkDB","originTitle":"Build Realtime Apps | React Js, Golang & RethinkDB","url":"https://coursehunter.net/course/sozdanie-realnyh-prilozheniy-react-js-golang-i-rethinkdb","materials":[],"subCategory":""},{"title":"JavaScript и React для разработчиков: освойте основные функции","originTitle":"JavaScript and React for Developers: Master the Essentials","url":"https://coursehunter.net/course/javascript-i-react-dlya-razrabotchikov-osvoyte-osnovnye-funkcii","materials":[],"subCategory":""},{"title":"Redux (TylerMcGinnis) (New)","originTitle":"Redux","url":"https://coursehunter.net/course/redux-tylermcginnis-new","materials":[],"subCategory":""},{"title":"Level 2 React","originTitle":"Level 2 React","url":"https://coursehunter.net/course/level-2-react","materials":[],"subCategory":""},{"title":"ReactJs, полное руководство с реальными проектами","originTitle":"ReactJs, the complete guide with real world projects","url":"https://coursehunter.net/course/reactjs-polnoe-rukovodstvo-s-realnymi-proektami","materials":[],"subCategory":""},{"title":"Ruby on Rails и React вместе с Redux - Полное руководство для разработчиков","originTitle":"Complete Developers Guide: Ruby on Rails & React with Redux","url":"https://coursehunter.net/course/ruby-on-rails-i-react-vmeste-s-redux-polnoe-rukovodstvo-dlya-razrabotchikov","materials":[],"subCategory":""},{"title":"Создайте приложение с React, Redux и Firestore с нуля","originTitle":"Build an app with React, Redux and Firestore from scratch","url":"https://coursehunter.net/course/sozdayte-prilozhenie-s-react-redux-i-firestore-s-nulya","materials":[],"subCategory":""},{"title":"Базовый курс React","originTitle":"Базовый курс React","url":"https://coursehunter.net/course/bazovyy-kurs-react","materials":[],"subCategory":""},{"title":"Управление состоянием React формы c redux-form","originTitle":"Manage React Form State with redux-form","url":"https://coursehunter.net/course/upravlenie-sostoyaniem-react-formy-c-redux-form","materials":[],"subCategory":""},{"title":"Headless WordPress","originTitle":"Headless WordPress","url":"https://coursehunter.net/course/headless-wordpress","materials":[],"subCategory":""},{"title":"Курс Библиотека React: построй свою любовь к интерактивным веб-интерфейсам","originTitle":"Курс Библиотека React: построй свою любовь к интерактивным веб-интерфейсам","url":"https://coursehunter.net/course/kurs-biblioteka-react-postroy-svoyu-lyubov-k-interaktivnym-veb-interfeysam","materials":[],"subCategory":""},{"title":"Тестирование React приложений","originTitle":"Testing React Applications","url":"https://coursehunter.net/course/testirovanie-react-prilozheniy","materials":[],"subCategory":""},{"title":"Laravel с React JS - Создаем клон Twitter","originTitle":"Laravel with React JS - Build Twitter Like Real Time Web App","url":"https://coursehunter.net/course/laravel-s-react-js-sozdaem-klon-twitter","materials":[],"subCategory":""},{"title":"Продвинутые React Паттерны","originTitle":"Advanced React Patterns","url":"https://coursehunter.net/course/prodvinutye-react-patterny","materials":[],"subCategory":""},{"title":"Optimistic UI Updates в React","originTitle":"Optimistic UI Updates in React","url":"https://coursehunter.net/course/optimistic-ui-updates-v-react","materials":[],"subCategory":""},{"title":"Усвойте React для создания реальных приложений","originTitle":"Master React to build real-world web applications!","url":"https://coursehunter.net/course/usvoyte-react-dlya-sozdaniya-realnyh-prilozheniy","materials":[],"subCategory":""},{"title":"Полный курс веб-разработчика React (с Redux) (2nd edition)","originTitle":"The Complete React Web Developer Course (with Redux)","url":"https://coursehunter.net/course/polnyy-kurs-veb-razrabotchika-react-s-redux-2nd-edition","materials":[],"subCategory":""},{"title":"MERN Stack Front To Back: Full Stack React, Redux & Node.js","originTitle":"MERN Stack Front To Back: Full Stack React, Redux & Node.js. Fully updated April 2019","url":"https://coursehunter.net/course/mern-stack-front-to-back-full-stack-react-redux-node-js","materials":[],"subCategory":""},{"title":"[Книга] React и Redux. Функциональная веб-разработка","originTitle":"[Alex Banks, Eve Porcello] Functional Web Development with React and Redux","url":"https://coursehunter.net/course/kniga-react-i-redux-funkcionalnaya-veb-razrabotka","materials":[],"subCategory":""},{"title":"Основы React Router 4","originTitle":"Основы React Router 4","url":"https://coursehunter.net/course/osnovy-react-router-4","materials":[],"subCategory":""},{"title":"[Книга] Fullstack React - Полное руководство по ReactJS и друзьям (Updated JAN 2019)","originTitle":"Fullstack React Book - The Complete Guide to ReactJS and Friends","url":"https://coursehunter.net/course/kniga-fullstack-react-polnoe-rukovodstvo-po-reactjs-i-druzyam","materials":[],"subCategory":""},{"title":"Продвинутый React.js - Полный курс","originTitle":"Advanced React.js Full Course","url":"https://coursehunter.net/course/prodvinutyy-react-js-polnyy-kurs","materials":[],"subCategory":""},{"title":"Meteor 1.4 + React для всех","originTitle":"Meteor 1.4 + React For Everyone","url":"https://coursehunter.net/course/meteor-1-4-react-dlya-vseh","materials":[],"subCategory":""},{"title":"React 16 для всех","originTitle":"React 16 For Everyone","url":"https://coursehunter.net/course/react-16-dlya-vseh","materials":[],"subCategory":""},{"title":"Redux и React для всех","originTitle":"Redux & React For Everyone","url":"https://coursehunter.net/course/redux-i-react-dlya-vseh","materials":[],"subCategory":""},{"title":"Redux Saga","originTitle":"Redux Saga","url":"https://coursehunter.net/course/redux-saga","materials":[],"subCategory":""},{"title":"React, Redux, и Enzyme - Знакомство с приложениями и их тестированием","originTitle":"React, Redux, & Enzyme - Introducing Apps & Tests","url":"https://coursehunter.net/course/react-redux-enzyme-znakomstvo-s-prilozheniyami-i-testami","materials":[],"subCategory":""},{"title":"Full-Stack Веб-приложение с Meteor и React","originTitle":"Full-Stack Web Apps with Meteor and React","url":"https://coursehunter.net/course/full-stack-veb-prilozhenie-s-meteor-i-react","materials":[],"subCategory":""},{"title":"Redux (Tyler Mcginnis) (OLD)","originTitle":"Redux","url":"https://coursehunter.net/course/redux-tyler-mcginnis","materials":[],"subCategory":""},{"title":"React Router v4 (Tyler Mcginnis)","originTitle":"React Router v4","url":"https://coursehunter.net/course/react-router-v4-tyler-mcginnis","materials":[],"subCategory":""},{"title":"Строим приложения с React, Socket.io и RethinkDB","originTitle":"Building Real-time Apps with React, Socket.io, and RethinkDB","url":"https://coursehunter.net/course/stroim-prilozheniya-s-react-socket-io-i-rethinkdb","materials":[],"subCategory":""},{"title":"Node с React: Fullstack Веб-разработка","originTitle":"Node with React: Fullstack Web Development","url":"https://coursehunter.net/course/node-s-react-fullstack-veb-razrabotka","materials":[],"subCategory":""},{"title":"React JS - Освоение Redux","originTitle":"React JS - Mastering Redux","url":"https://coursehunter.net/course/react-js-osvoenie-redux","materials":[],"subCategory":""},{"title":"Самый полный курс React Fullstack","originTitle":"The complete React Fullstack course","url":"https://coursehunter.net/course/samyy-polnyy-react-fullstack-kurs","materials":[],"subCategory":""},{"title":"Создаем компонент с React on Rails","originTitle":"Creating a component with React on Rails","url":"https://coursehunter.net/course/sozdaem-komponent-s-react-on-rails","materials":[],"subCategory":""},{"title":"Курс по React JS Material UI","originTitle":"Курс по React JS Material UI","url":"https://coursehunter.net/course/kurs-po-react-js-material-ui","materials":[],"subCategory":""},{"title":"Основы React","originTitle":"React Fundamentals","url":"https://coursehunter.net/course/osnovy-react","materials":[],"subCategory":""},{"title":"Строим React приложение с Redux","originTitle":"Build A React App With Redux","url":"https://coursehunter.net/course/stroim-react-prilozhenie-s-redux","materials":[],"subCategory":""},{"title":"Компоненты высшего порядка с функциональными паттернами используя Recompose","originTitle":"Higher Order Components with Functional Patterns Using Recompose","url":"https://coursehunter.net/course/komponenty-vysshego-poryadka-s-funkcionalnymi-patternami-ispolzuya-recompose","materials":[],"subCategory":""},{"title":"Делаем Blog с React и статичном генераторе Gatsby","originTitle":"Build a Blog with React and Markdown using Gatsby","url":"https://coursehunter.net/course/delaem-blog-s-react-i-statichnom-generatore-gatsby","materials":[],"subCategory":""},{"title":"Новые возможности в React 16","originTitle":"Leverage New Features of React 16","url":"https://coursehunter.net/course/novye-vozmozhnosti-v-react-16","materials":[],"subCategory":""},{"title":"Строим SSR + Code Split приложение в React с React Universal Component","originTitle":"Build a Server Rendered + Code Split App in React with React Universal Component","url":"https://coursehunter.net/course/stroim-ssr-code-split-prilozhenie-v-react-s-react-universal-component","materials":[],"subCategory":""},{"title":"Async React с Redux Saga","originTitle":"Async React with Redux Saga","url":"https://coursehunter.net/course/async-react-s-redux-saga","materials":[],"subCategory":""},{"title":"Добавляем интернационализацию (i18n) в React app с React Intl","originTitle":"Add Internationalization (i18n) to a React app using React Intl","url":"https://coursehunter.net/course/dobavlyaem-internacionalizaciyu-i18n-v-react-s-react-intl","materials":[],"subCategory":""},{"title":"Начало работы с React Storybook","originTitle":"Getting Started with React Storybook","url":"https://coursehunter.net/course/nachalo-raboty-s-react-storybook","materials":[],"subCategory":""},{"title":"Jest тестирование снимками с React Storybook","originTitle":"Jest Snapshot Testing with React Storybook","url":"https://coursehunter.net/course/jest-testirovanie-snimkami-s-react-storybook","materials":[],"subCategory":""},{"title":"Добавляем к проекту React Storybook","originTitle":"Add React Storybook to a Project","url":"https://coursehunter.net/course/dobavlyaem-k-proektu-react-storybook","materials":[],"subCategory":""},{"title":"Пишем первый React Storybook Story","originTitle":"Write the First React Storybook Story","url":"https://coursehunter.net/course/pishem-pervyy-react-storybook-story","materials":[],"subCategory":""},{"title":"Динамично зазгружаем React Storybook Stories","originTitle":"Load React Storybook Stories Dynamically","url":"https://coursehunter.net/course/dinamichno-zazgruzhaem-react-storybook-stories","materials":[],"subCategory":""},{"title":"Инспектируем события компонентов с React Storybook","originTitle":"Inspect Component Events with React Storybook","url":"https://coursehunter.net/course/inspektiruem-sobytiya-komponentov-s-react-storybook","materials":[],"subCategory":""},{"title":"React: Flux Aрхитектура (ES6)","originTitle":"React: Flux Architecture (ES6)","url":"https://coursehunter.net/course/react-flux-arhitektura-es6","materials":[],"subCategory":""},{"title":"React Workshop","originTitle":"React Workshop","url":"https://coursehunter.net/course/react-workshop","materials":[],"subCategory":""},{"title":"Продвинутые паттерны React компонентов","originTitle":"Advanced React Component Patterns","url":"https://coursehunter.net/course/prodvinutye-patterny-react-komponentov","materials":[],"subCategory":""},{"title":"ReactJS для нубиков за 1 час [тут ES6]","originTitle":"ReactJS for Newbies in 1 hour [ES6 Version]","url":"https://coursehunter.net/course/reactjs-dlya-nubikov-za-1-chas-tut-es6","materials":[],"subCategory":""},{"title":"Продвинутый курс по React.JS","originTitle":"Продвинутый курс по React.JS","url":"https://coursehunter.net/course/prodvinutyy-kurs-po-react-js","materials":[],"subCategory":""},{"title":"Курс ReactJS от Front-end Science","originTitle":"8-недельный онлайн-курс «ReactJS»","url":"https://coursehunter.net/course/react-js-razrabotka-veb-prilozheniy","materials":[],"subCategory":""},{"title":"Продвинутое управление состоянием в приложениях React","originTitle":"Advanced State Management in React Applications (Redux, MobX, sagas, etc.)","url":"https://coursehunter.net/course/prodvinutoe-upravlenie-sostoyaniem-v-prilozheniyah-react","materials":[],"subCategory":""},{"title":"Интернет-магазин на React/Redux","originTitle":"Интернет-магазин на React/Redux","url":"https://coursehunter.net/course/internet-magazin-na-react-redux","materials":[],"subCategory":""},{"title":"Создаем Product Hunt с помощью ReactJS и Firebase","originTitle":"Build Product Hunt with ReactJS and Firebase","url":"https://coursehunter.net/course/sozdayte-hunt-s-pomoshchyu-reactjs-i-firebase","materials":[],"subCategory":""},{"title":"[Книга] [Dave Ceddia] - Чистый React","originTitle":"Pure React","url":"https://coursehunter.net/course/dave-ceddia-pure-react","materials":[],"subCategory":""},{"title":"Рендеринг на стороне сервера с React и Redux","originTitle":"Server Side Rendering with React and Redux","url":"https://coursehunter.net/course/udemy-server-side-rendering-react-and-redux","materials":[],"subCategory":""},{"title":"Основы Redux","originTitle":"Основы Redux","url":"https://coursehunter.net/course/codedojo-redux","materials":[],"subCategory":""},{"title":"React Advanced","originTitle":"React Advanced","url":"https://coursehunter.net/course/itvdn-react-advanced","materials":[],"subCategory":""},{"title":"React Router 4 - Основы","originTitle":"React Router 4 Basics","url":"https://coursehunter.net/course/treehouse-react-router-4","materials":[],"subCategory":""},{"title":"Настройка Webpack для React","originTitle":"Setting up Webpack for React","url":"https://coursehunter.net/course/treehouse-react-webpack","materials":[],"subCategory":""},{"title":"Основы React","originTitle":"React Basics","url":"https://coursehunter.net/course/treehouse-react-basics","materials":[],"subCategory":""},{"title":"Создание приложений с помощью React и Redux","originTitle":"Building Applications with React and Redux","url":"https://coursehunter.net/course/treehouse-react-redux-course","materials":[],"subCategory":""},{"title":"Анимации в React","originTitle":"Animations in React","url":"https://coursehunter.net/course/treehouse-animations-in-react","materials":[],"subCategory":""},{"title":"Курс по React.JS","originTitle":"Курс по React.JS","url":"https://coursehunter.net/course/learn-javascript-ru-reactjs","materials":[],"subCategory":""},{"title":"Современный React и Redux [Update 2019]","originTitle":"Modern React with Redux [2019 Update]","url":"https://coursehunter.net/course/udemy-modern-reactandredux","materials":[],"subCategory":""},{"title":"Продвинутый React и Redux: Версия 2018","originTitle":"Advanced React and Redux: 2018 Edition","url":"https://coursehunter.net/course/udemy-advanced-reactandredux","materials":[],"subCategory":""},{"title":"Пользовательские интерфейсы с React.js","originTitle":"Learning React.js User Interfaces","url":"https://coursehunter.net/course/packtpub-react-userint","materials":[],"subCategory":""},{"title":"Маршрутизируем приложения React с помощью React Router v4","originTitle":"Add routing to React apps using React Router v4","url":"https://coursehunter.net/course/egghead-react-routv4","materials":[],"subCategory":""},{"title":"Строим свое первое высокопродуктивное приложение в React","originTitle":"Build Your First Production Quality React App","url":"https://coursehunter.net/course/egghead-qreact-app","materials":[],"subCategory":""},{"title":"Полное введение в React, v3 (вместе с Redux, Router и Flow)","originTitle":"Complete Intro to React, v3 (feat. Redux, Router & Flow)","url":"https://coursehunter.net/course/fm-react-version-3","materials":[],"subCategory":""},{"title":"React JS и Redux - Освоение веб-приложений","originTitle":"React JS and Redux - Mastering Web Apps (Ангельский)","url":"https://coursehunter.net/course/udemy-reactjs-and-redux-mastering-web-apps","materials":[],"subCategory":""},{"title":"Создание приложений React с использованием Idiomatic Redux","originTitle":"Building React Applications with Idiomatic Redux (Ангельский)","url":"https://coursehunter.net/course/egghead-building-react-app-with-idiomatic-redux","materials":[],"subCategory":""},{"title":"GraphQL с React: Полное руководство для разработчиков","originTitle":"GraphQL with React: The Complete Developers Guide","url":"https://coursehunter.net/course/udemy-graphql-with-react-complete-guide","materials":[],"subCategory":""},{"title":"Начало работы с Redux","originTitle":"Getting Started with Redux","url":"https://coursehunter.net/course/egghead-getting-started-with-redux","materials":[],"subCategory":""},{"title":"React js для начинающих","originTitle":"React For Beginners","url":"https://coursehunter.net/course/wesbos-react","materials":[],"subCategory":""},{"title":"Reactjs: Начало","originTitle":"Reactjs: Начало","url":"https://coursehunter.net/course/hexlet-react","materials":[],"subCategory":""},{"title":"React.js ( Архитектура Flux )","originTitle":"React.js ( Flux Architecture )","url":"https://coursehunter.net/course/fm-react-flux","materials":[],"subCategory":""},{"title":"Веб-приложения с React, Ampersand, ES6 и Webpack","originTitle":"React, Ampersand, ES6 и webpack","url":"https://coursehunter.net/course/web-apps-react-es6-webpack","materials":[],"subCategory":""},{"title":"Полное введение в React - Видеоуроки","originTitle":"Complete Introduction to React","url":"https://coursehunter.net/course/fm-complete-react","materials":[],"subCategory":""},{"title":"Полное Введение в React v2","originTitle":"Complete Intro to React v2","url":"https://coursehunter.net/course/intro-react-v2","materials":[],"subCategory":""},{"title":"React.js with Redux","originTitle":"React.js with Redux","url":"https://coursehunter.net/course/react-redux","materials":[],"subCategory":""},{"title":"React js (full stack)","originTitle":"Full stack React JS","url":"https://coursehunter.net/course/full_react","materials":[],"subCategory":""},{"title":"React JS","originTitle":"ReactJS","url":"https://coursehunter.net/course/ReactJS","materials":[],"subCategory":""}]}