{"title":"Svelte","url":"https://coursehunter.net/frontend/svelte","courses":[{"title":"Svelte.js - Полное руководство","originTitle":"Svelte.js - The Complete Guide","url":"https://coursehunter.net/course/svelte-js-polnoe-rukovodstvo","materials":["https://vs3.coursehunter.net/udemy-max-sveltecg/code.zip"],"subCategory":""},{"title":"Svelte для начинающих","originTitle":"Svelte For Beginners","url":"https://coursehunter.net/course/svelte-dlya-nachinayushchih","materials":[],"subCategory":""}]}