{"title":"TypeScript","url":"https://coursehunter.net/frontend/typescript","courses":[{"title":"Основы TypeScript (Todd Motto)","originTitle":"TypeScript Basics","url":"https://coursehunter.net/course/osnovy-typescript-todd-motto","materials":["https://vs1.coursehunter.net/ultimate-angular-todd-motto-ts-base/lesson1.mp4","https://vs1.coursehunter.net/ultimate-angular-todd-motto-ts-base/lesson2.mp4","https://vs1.coursehunter.net/ultimate-angular-todd-motto-ts-base/lesson3.mp4","https://vs1.coursehunter.net/ultimate-angular-todd-motto-ts-base/lesson4.mp4","https://vs1.coursehunter.net/ultimate-angular-todd-motto-ts-base/lesson5.mp4","https://vs1.coursehunter.net/ultimate-angular-todd-motto-ts-base/lesson6.mp4","https://vs1.coursehunter.net/ultimate-angular-todd-motto-ts-base/lesson7.mp4","https://vs1.coursehunter.net/ultimate-angular-todd-motto-ts-base/lesson8.mp4","https://vs1.coursehunter.net/ultimate-angular-todd-motto-ts-base/lesson9.mp4","https://vs1.coursehunter.net/ultimate-angular-todd-motto-ts-base/lesson10.mp4","https://vs1.coursehunter.net/ultimate-angular-todd-motto-ts-base/lesson11.mp4","https://vs1.coursehunter.net/ultimate-angular-todd-motto-ts-base/lesson12.mp4","https://vs1.coursehunter.net/ultimate-angular-todd-motto-ts-base/lesson13.mp4","https://vs1.coursehunter.net/ultimate-angular-todd-motto-ts-base/lesson14.mp4","https://vs1.coursehunter.net/ultimate-angular-todd-motto-ts-base/lesson15.mp4","https://vs1.coursehunter.net/ultimate-angular-todd-motto-ts-base/lesson16.mp4","https://vs1.coursehunter.net/ultimate-angular-todd-motto-ts-base/lesson17.mp4","https://vs1.coursehunter.net/ultimate-angular-todd-motto-ts-base/lesson18.mp4","https://vs1.coursehunter.net/ultimate-angular-todd-motto-ts-base/lesson19.mp4","https://vs1.coursehunter.net/ultimate-angular-todd-motto-ts-base/lesson20.mp4","https://vs1.coursehunter.net/ultimate-angular-todd-motto-ts-base/lesson21.mp4","https://vs1.coursehunter.net/ultimate-angular-todd-motto-ts-base/lesson22.mp4","https://vs1.coursehunter.net/ultimate-angular-todd-motto-ts-base/lesson23.mp4","https://vs1.coursehunter.net/ultimate-angular-todd-motto-ts-base/lesson24.mp4","https://vs1.coursehunter.net/ultimate-angular-todd-motto-ts-base/lesson25.mp4","https://vs1.coursehunter.net/ultimate-angular-todd-motto-ts-base/lesson26.mp4","https://vs1.coursehunter.net/ultimate-angular-todd-motto-ts-base/lesson27.mp4","https://vs1.coursehunter.net/ultimate-angular-todd-motto-ts-base/lesson28.mp4","https://vs1.coursehunter.net/ultimate-angular-todd-motto-ts-base/lesson29.mp4","https://vs1.coursehunter.net/ultimate-angular-todd-motto-ts-base/lesson30.mp4","https://vs1.coursehunter.net/ultimate-angular-todd-motto-ts-base/lesson31.mp4","https://vs1.coursehunter.net/ultimate-angular-todd-motto-ts-base/lesson32.mp4","https://vs1.coursehunter.net/ultimate-angular-todd-motto-ts-base/lesson33.mp4","https://vs1.coursehunter.net/ultimate-angular-todd-motto-ts-base/lesson34.mp4","https://vs1.coursehunter.net/ultimate-angular-todd-motto-ts-base/lesson35.mp4","https://vs1.coursehunter.net/ultimate-angular-todd-motto-ts-base/lesson36.mp4","https://vs1.coursehunter.net/ultimate-angular-todd-motto-ts-base/lesson37.mp4","https://vs1.coursehunter.net/ultimate-angular-todd-motto-ts-base/lesson38.mp4","https://vs1.coursehunter.net/ultimate-angular-todd-motto-ts-base/lesson39.mp4","https://vs1.coursehunter.net/ultimate-angular-todd-motto-ts-base/lesson40.mp4","https://vs1.coursehunter.net/ultimate-angular-todd-motto-ts-base/lesson41.mp4","https://vs1.coursehunter.net/ultimate-angular-todd-motto-ts-base/lesson42.mp4","https://vs1.coursehunter.net/ultimate-angular-todd-motto-ts-base/lesson43.mp4","https://vs1.coursehunter.net/ultimate-angular-todd-motto-ts-base/lesson44.mp4","https://vs1.coursehunter.net/ultimate-angular-todd-motto-ts-base/lesson45.mp4","https://vs1.coursehunter.net/ultimate-angular-todd-motto-ts-base/lesson46.mp4"],"subCategory":""},{"title":"Основы TypeScript","originTitle":"TypeScript Fundamentals","url":"https://coursehunter.net/course/osnovy-typescript","materials":["https://vs1.coursehunter.net/ua-typescript-fundamentals/code.zip"],"subCategory":""},{"title":"Understanding TypeScript","originTitle":"Understanding TypeScript - 2020 Edition","url":"https://coursehunter.net/course/understanding-typescript","materials":["https://vs2.coursehunter.net/udemy-understanding-typescript/code.zip"],"subCategory":""},{"title":"FullStack - Делаем клон Uber: Typescript, NodeJS, GraphQL, React, Apollo","originTitle":"Uber Clone - Typescript, NodeJS, GraphQL, React, Apollo","url":"https://coursehunter.net/course/fullstack-delaem-klon-uber-typescript-nodejs-graphql-react-apollo","materials":[],"subCategory":""},{"title":"REST API с Koa и TypeScript","originTitle":"Code a REST API With Koa and TypeScript","url":"https://coursehunter.net/course/rest-api-s-koa-i-typescript","materials":[],"subCategory":""},{"title":"Typescript: Полное руководство разработчика","originTitle":"Typescript: The Complete Developer's Guide","url":"https://coursehunter.net/course/typescript-polnoe-rukovodstvo-razrabotchika","materials":[],"subCategory":""},{"title":"Level 1 TypeScript","originTitle":"Level 1 TypeScript","url":"https://coursehunter.net/course/level-1-typescript","materials":[],"subCategory":""},{"title":"Основы TypeScript 3, v2","originTitle":"TypeScript 3 Fundamentals, v2","url":"https://coursehunter.net/course/osnovytypescript-3-v2","materials":[],"subCategory":""},{"title":"Начинаем работу с TypeScript","originTitle":"Up and Running with TypeScript","url":"https://coursehunter.net/course/nachinaem-rabotu-s-typescript","materials":[],"subCategory":""},{"title":"Advanced TypeScript: Практика","originTitle":"Practical Advanced TypeScript","url":"https://coursehunter.net/course/advanced-typescript-praktika","materials":[],"subCategory":""},{"title":"Cтатические типы в TypeScript","originTitle":"Advanced Static Types in TypeScript","url":"https://coursehunter.net/course/ctaticheskie-tipy-v-typescript","materials":[],"subCategory":""},{"title":"Полное руководство TypeScript для веб-разработчиков","originTitle":"The Complete TypeScript Programming Guide for Web Developers","url":"https://coursehunter.net/course/polnoe-rukovodstvo-typescript-dlya-veb-razrabotchikov","materials":[],"subCategory":""},{"title":"TypeScript Masterclass (Todd Motto)","originTitle":"TypeScript Masterclass","url":"https://coursehunter.net/course/typescript-masterclass-todd-motto","materials":[],"subCategory":""},{"title":"Приступаем к работе с TypeScript","originTitle":"Up and Running with TypeScript","url":"https://coursehunter.net/course/pristupaem-k-rabote-s-typescript","materials":[],"subCategory":""},{"title":"Vue.js: управление состоянием с помощью Vuex и TypeScript","originTitle":"Vue.js State Management with Vuex and TypeScript","url":"https://coursehunter.net/course/vue-js-upravlenie-sostoyaniem-s-pomoshchyu-vuex-i-typescript","materials":[],"subCategory":""},{"title":"Используем TypeScript для разработки Vue.js приложений","originTitle":"Use TypeScript to Develop Vue.js Web Applications","url":"https://coursehunter.net/course/ispolzuem-typescript-dlya-razrabotki-vue-js-prilozheniy","materials":[],"subCategory":""},{"title":"Пишем алгоритмы с Typescript","originTitle":"Build Algorithms using Typescript","url":"https://coursehunter.net/course/pishem-algoritmy-s-typescript","materials":[],"subCategory":""},{"title":"Используем TypeScript для разработки React приложений","originTitle":"Use TypeScript to develop React Applications","url":"https://coursehunter.net/course/ispolzuem-typescript-dlya-razrabotki-react-prilozheniy","materials":[],"subCategory":""},{"title":"TypeScript Pro","originTitle":"TypeScript Pro","url":"https://coursehunter.net/course/typescript-pro","materials":[],"subCategory":""},{"title":"Основы TypeScript","originTitle":"TypeScript Fundamentals","url":"https://coursehunter.net/course/fm-typescript","materials":[],"subCategory":""},{"title":"Продвинутый TypeScript","originTitle":"Advanced Typescript","url":"https://coursehunter.net/course/pluralsight-advtypescript","materials":[],"subCategory":""},{"title":"TypeScript Fundamentals","originTitle":"TypeScript Fundamentals","url":"https://coursehunter.net/course/itvdn-typescript-fundamentals","materials":[],"subCategory":""},{"title":"Эффективное использование типов в TypeScript","originTitle":"Use Types Effectively in TypeScript","url":"https://coursehunter.net/course/egghead-use-types-effectively-in-typescript","materials":[],"subCategory":""},{"title":"Основы TypeScript","originTitle":"TypeScript Fundamentals","url":"https://coursehunter.net/course/typescript-fundamentals","materials":[],"subCategory":""},{"title":"TypeScript","originTitle":"TypeScript","url":"https://coursehunter.net/course/TypeScript","materials":[],"subCategory":""}]}