{"title":"Uncategorised","url":"https://coursehunter.net/frontend","courses":[{"title":"Курс для веб-дизайнеров и разработчиков: создание 23 проектов!","originTitle":"Ultimate Web Designer & Developer Course: Build 23 Projects!","url":"https://coursehunter.net/course/kurs-dlya-veb-dizaynerov-i-razrabotchikov-sozdanie-23-proektov","materials":[],"subCategory":""},{"title":"Собеседование Front-End инженеров","originTitle":"Interviewing for Front-End Engineers","url":"https://coursehunter.net/course/sobesedovanie-front-end-inzhenerov","materials":[],"subCategory":""},{"title":"[Книга] Smashing Book 6: Новые рубежи в веб-дизайне","originTitle":"Smashing Book 6: New Frontiers In Web Design","url":"https://coursehunter.net/course/smashing-book-6-novye-rubezhi-v-veb-dizayne","materials":[],"subCategory":""},{"title":"[Книга] Как стать веб-разработчиком: Полевое руководство","originTitle":"How to become a web developer. A Field Guide (ADVANCED PACKET)","url":"https://coursehunter.net/course/kniga-kak-stat-veb-razrabotchikom-polevoe-rukovodstvo","materials":[],"subCategory":""},{"title":"Full Stack for Front-End Engineers, v2","originTitle":"Full Stack for Front-End Engineers, v2","url":"https://coursehunter.net/course/full-stack-for-front-end-engineers-v2","materials":[],"subCategory":""},{"title":"100 вопросов Frontend собеседования","originTitle":"100 Front End Interview Questions Challenge","url":"https://coursehunter.net/course/100-voprosov-frontend-sobesedovaniya","materials":[],"subCategory":""},{"title":"Макет интернет магазина - IShop: HTML, CSS, JS, Bootstrap","originTitle":"Макет интернет магазина - IShop: HTML, CSS, JS, Bootstrap","url":"https://coursehunter.net/course/maket-internet-magazina-ishop-html-css-js-bootstrap","materials":[],"subCategory":""},{"title":"The Complete 2019 Web Development Bootcamp","originTitle":"The Complete 2019 Web Development Bootcamp","url":"https://coursehunter.net/course/the-complete-2019-web-development-bootcamp","materials":[],"subCategory":""},{"title":"WEB-разработчик 2019","originTitle":"WEB-разработчик 2019","url":"https://coursehunter.net/course/web-razrabotchik-2019","materials":[],"subCategory":""},{"title":"Полный Курс Веб-Разработчика 2.0","originTitle":"Полный Курс Веб-Разработчика 2.0","url":"https://coursehunter.net/course/polnyy-kurs-veb-razrabotchika-2-0","materials":[],"subCategory":""},{"title":"Введение в Stimulus","originTitle":"Introduction to Stimulus","url":"https://coursehunter.net/course/vvedenie-v-stimulus","materials":[],"subCategory":""},{"title":"Про TDD, BDD и вот это всё. Зачем JS-разработчику писать тесты?","originTitle":"Про TDD, BDD и вот это всё. Зачем JS-разработчику писать тесты?","url":"https://coursehunter.net/course/pro-tdd-bdd-i-vot-eto-vse-zachem-js-razrabotchiku-pisat-testy","materials":[],"subCategory":""},{"title":"Web Start","originTitle":"Web Start","url":"https://coursehunter.net/course/web-start","materials":[],"subCategory":""},{"title":"Освойте Riot: Riot.js с нуля","originTitle":"Master Riot: Learn Riot.js from Scratch","url":"https://coursehunter.net/course/osvoyte-riot-riot-js-s-nulya","materials":[],"subCategory":""},{"title":"The Web Developer Bootcamp","originTitle":"The Web Developer Bootcamp","url":"https://coursehunter.net/course/the-web-developer-bootcamp","materials":[],"subCategory":""},{"title":"Создание адаптивных сайтов с HTML5 и CSS3","originTitle":"Build Responsive Real World Websites with HTML5 and CSS3","url":"https://coursehunter.net/course/sozdanie-adaptivnyh-saytov-s-html5-i-css3","materials":[],"subCategory":""},{"title":"Современный HTML и CSS с самого начала","originTitle":"Modern HTML & CSS From The Beginning","url":"https://coursehunter.net/course/sovremennyy-html-i-css-s-samogo-nachala","materials":[],"subCategory":""},{"title":"Продвинутая SVG Анимация v2","originTitle":"SVG Essentials & Animation, v2","url":"https://coursehunter.net/course/prodvinutaya-svg-animaciya-v2","materials":[],"subCategory":""},{"title":"Освойте 30 фронтенд скиллов","originTitle":"Master 30 Front-end Skills","url":"https://coursehunter.net/course/osvoyte-30-frontend-skillov","materials":[],"subCategory":""},{"title":"Дизайн для разработчиков","originTitle":"Design for Developers","url":"https://coursehunter.net/course/dizayn-dlya-razrabotchikov","materials":[],"subCategory":""},{"title":"Javascript.Ninja | Видео с Patreon","originTitle":"Javascript.Ninja | Видео с Patreon","url":"https://coursehunter.net/course/javascript-ninja-video-s-patreon","materials":[],"subCategory":""},{"title":"Проектирования визуализации пользовательских данных","originTitle":"Building Custom Data Visualizations","url":"https://coursehunter.net/course/proektirovaniya-vizualizacii-polzovatelskih-dannyh","materials":[],"subCategory":""},{"title":"Визуализации данных с D3.js","originTitle":"Mastering data visualization in D3.js","url":"https://coursehunter.net/course/vizualizacii-dannyh-s-d3-js","materials":[],"subCategory":""},{"title":"3D-программирование с помощью WebGL и Babylon.js для начинающих","originTitle":"3D Programming with WebGL and Babylon.js for Beginners","url":"https://coursehunter.net/course/3d-programmirovanie-s-pomoshchyu-webgl-i-babylon-js-dlya-nachinayushchih","materials":[],"subCategory":""},{"title":"Отзывчивая веб-типография","originTitle":"Responsive Web Typography","url":"https://coursehunter.net/course/otzyvchivaya-veb-tipografiya","materials":[],"subCategory":""},{"title":"Полное руководство разработчика 2019: от джуника к сеньору","originTitle":"The Complete Junior to Senior Web Developer Roadmap (2019)","url":"https://coursehunter.net/course/polnoe-rukovodstvo-razrabotchika-2018-ot-dzhunika-k-senoru","materials":[],"subCategory":""},{"title":"Быстрая разработка на AWS: React, Node.js и GraphQL","originTitle":"Rapid Development on AWS: React, Node.js & GraphQL","url":"https://coursehunter.net/course/aws-dlya-front-end-inzhenerov","materials":[],"subCategory":""},{"title":"Руководство по хранению данных на стороне клиента","originTitle":"Client-Side Data Storage Ultimate Guide","url":"https://coursehunter.net/course/rukovodstvo-po-hraneniyu-dannyh-na-storone-klienta","materials":[],"subCategory":""},{"title":"Чарты и Вы. Chart.js","originTitle":"Charting and You","url":"https://coursehunter.net/course/charty-i-vy-chart-js","materials":[],"subCategory":""},{"title":"HTML5 Video и VideoJS","originTitle":"HTML5 Video and VideoJS","url":"https://coursehunter.net/course/html5-video-i-videojs","materials":[],"subCategory":""},{"title":"Fullstack веб-разработка 2018 - Полный курс","originTitle":"The Complete 2018 Fullstack Web Developer Course","url":"https://coursehunter.net/course/fullstack-veb-razrabotka-2018-polnyy-kurs","materials":[],"subCategory":""},{"title":"Веб-разработчик 10.0","originTitle":"Веб-разработчик 10.0","url":"https://coursehunter.net/course/web-razrabotchik-10","materials":[],"subCategory":""},{"title":"Full Stack for Front-Ends Part 2","originTitle":"Full Stack for Front-Ends Part 2","url":"https://coursehunter.net/course/fm-full-stack-part-2","materials":[],"subCategory":""},{"title":"«Advanced front-end»","originTitle":"Advanced front-end","url":"https://coursehunter.net/course/frontend-science-advanced-frontend","materials":[],"subCategory":""},{"title":"Чистый код: написание кода для людей","originTitle":"Clean Code: Writing Code for Humans (Ангельский)","url":"https://coursehunter.net/course/pluralsight-clean-code-writing-code-for-human","materials":[],"subCategory":""},{"title":"Преобразование и проверка кода с помощью AST","originTitle":"Code Transformation and Linting with ASTs","url":"https://coursehunter.net/course/frontendmaster-code-transformation","materials":[],"subCategory":""},{"title":"D3.js курс","originTitle":"D3.js course","url":"https://coursehunter.net/course/treehouse-d3js","materials":[],"subCategory":""},{"title":"БЭМ-платформа","originTitle":"БЭМ-платформа","url":"https://coursehunter.net/course/bem-platform","materials":[],"subCategory":""},{"title":"Создание 3D-графики в JavaScript с использованием WebGL","originTitle":"Create 3D Graphics in JavaScript Using WebGL","url":"https://coursehunter.net/course/egghead-create-3d-graphics-in-js-using-webgl","materials":[],"subCategory":""},{"title":"Начало работы с Express.js","originTitle":"Getting Started with Express.js","url":"https://coursehunter.net/course/egghead-getting-started-with-express-js","materials":[],"subCategory":""},{"title":"Создание системы значков SVG","originTitle":"Create an SVG Icon System","url":"https://coursehunter.net/course/egghead-create-an-svg-icon-system","materials":[],"subCategory":""},{"title":"Построение сложных 3D-моделей с помощью WebGL","originTitle":"Build Complex 3D models with WebGL","url":"https://coursehunter.net/course/egghead-webgl","materials":[],"subCategory":""},{"title":"d3.js (Frontend Masters)","originTitle":"d3.js v4","url":"https://coursehunter.net/course/fm-d3js","materials":[],"subCategory":""},{"title":"Руководство по Chart.js","originTitle":"Chart.js Tutorials","url":"https://coursehunter.net/course/chart-js","materials":[],"subCategory":""},{"title":"Full Stack for Front End Engineers","originTitle":"Full Stack for Front End Engineers","url":"https://coursehunter.net/course/fm-full-stack-fe","materials":[],"subCategory":""},{"title":"Аутентификации для веб-приложений и API-интерфейсов с помощью JWT","originTitle":"Secure for Web Apps & APIs Using JWTs","url":"https://coursehunter.net/course/fm-jwt","materials":[],"subCategory":""},{"title":"Производительность веб-сайтов","originTitle":"Производительность веб-сайтов","url":"https://coursehunter.net/course/fm-website-perfomance","materials":[],"subCategory":""},{"title":"Full Stack веб-разработка","originTitle":"The Full Stack Web Development","url":"https://coursehunter.net/course/udemy-fullstack-web-development","materials":[],"subCategory":""},{"title":"RxJS: Функции высокого порядка","originTitle":"RxJS: Use Higher Order Observables (Ангельский)","url":"https://coursehunter.net/course/rxjs-higher-order","materials":[],"subCategory":""},{"title":"Концепции реактивного программирования","originTitle":"An overview of reactive concepts","url":"https://coursehunter.net/course/reactive-concepts","materials":[],"subCategory":""},{"title":"Удобство веб-сайтов","originTitle":"Удобный веб-сайт","url":"https://coursehunter.net/course/fm-website-accessibility","materials":[],"subCategory":""},{"title":"Введение в программирование на JavaScript","originTitle":"Introduction to JavaScript Programming","url":"https://coursehunter.net/course/js-intro","materials":[],"subCategory":""},{"title":"Meteor.js","originTitle":"Meteor","url":"https://coursehunter.net/course/fm-meteor","materials":[],"subCategory":""},{"title":"Основы веб-технологий сайты и приложения","originTitle":"Основы веб-технологий сайты и приложения","url":"https://coursehunter.net/course/web-tech-basics","materials":[],"subCategory":""},{"title":"Продвинутая SVG Анимация","originTitle":"Advanced SVG Animations","url":"https://coursehunter.net/course/fm-svg-animation","materials":[],"subCategory":""},{"title":"Я - фрилансер!","originTitle":"Я - фрилансер!","url":"https://coursehunter.net/course/freelancer","materials":[],"subCategory":""},{"title":"Создание библиотеки JavaScript с открытым исходным кодом","originTitle":"Creating an Open Source JavaScript Library","url":"https://coursehunter.net/course/js-library","materials":[],"subCategory":""},{"title":"Flexbox","originTitle":"Cracking the Case With Flexbox","url":"https://coursehunter.net/course/flexbox","materials":[],"subCategory":""},{"title":"Создание социальной сети","originTitle":"Creating a Social Network","url":"https://coursehunter.net/course/creating-social-network","materials":[],"subCategory":""},{"title":"Photoshop CS6 Один на Один (База)","originTitle":"Photoshop CS6. Один на Один (База)","url":"https://coursehunter.net/course/psbasic","materials":[],"subCategory":""},{"title":"Веб-разработка для начинающих","originTitle":"Веб-разработка для начинающих","url":"https://coursehunter.net/course/webdev-junior","materials":[],"subCategory":""},{"title":"Верстка адаптивной веб-страницы","originTitle":"Верстка адаптивной веб-страницы","url":"https://coursehunter.net/course/workshop","materials":[],"subCategory":""},{"title":"Require JS","originTitle":"Require JS","url":"https://coursehunter.net/course/requirejs","materials":[],"subCategory":""},{"title":"Основы Веб Технологий","originTitle":"Основы Веб Технологий","url":"https://coursehunter.net/course/webtec","materials":[],"subCategory":""},{"title":"Meteor.js","originTitle":"Meteor.js","url":"https://coursehunter.net/course/meteor-js","materials":[],"subCategory":""},{"title":"CoffeeScript","originTitle":"CoffeeScript","url":"https://coursehunter.net/course/coffee_script","materials":[],"subCategory":""},{"title":"Backbone.js","originTitle":"Anatomy of Backbone.js (Ангельский)","url":"https://coursehunter.net/course/backbonejs","materials":[],"subCategory":""},{"title":"Введение в JSON","originTitle":"Введение в JSON","url":"https://coursehunter.net/course/json","materials":[],"subCategory":""},{"title":"Sass","originTitle":"Учим Sass","url":"https://coursehunter.net/course/sass","materials":[],"subCategory":""},{"title":"Терминал linux","originTitle":"Терминал linux (Ангельский)","url":"https://coursehunter.net/course/linux_terminal","materials":[],"subCategory":""},{"title":"Использования SVG","originTitle":"Использование SVG","url":"https://coursehunter.net/course/svg","materials":[],"subCategory":""},{"title":"ES6","originTitle":"ES6","url":"https://coursehunter.net/course/ES6-Angel-skiy","materials":[],"subCategory":""},{"title":"Правила хорошего тона для верстальщика","originTitle":"Правила хорошего тона для верстальщика","url":"https://coursehunter.net/course/Pravila-horoshego-tona-dlya-verstal-schika","materials":[],"subCategory":""},{"title":"Cycle.js","originTitle":"Cycle.js Fundamentals","url":"https://coursehunter.net/course/Cycle-js-Fundamentals-Angel-skiy","materials":[],"subCategory":""},{"title":"D3 js","originTitle":"Introduction to D3","url":"https://coursehunter.net/course/Introduction-to-D3-Angel-skiy","materials":[],"subCategory":""},{"title":"hapi js","originTitle":"hapi js / node","url":"https://coursehunter.net/course/hapi-js-node-Angel-skiy","materials":[],"subCategory":""},{"title":"Express js","originTitle":"Express js (English)","url":"https://coursehunter.net/course/Express-js-English","materials":[],"subCategory":""},{"title":"Team Foundation Server Fundamentals","originTitle":"Team Foundation Server Fundamentals","url":"https://coursehunter.net/course/Team-Foundation-Server-Fundamentals","materials":[],"subCategory":""},{"title":"Ввод в Frontend","originTitle":"Ввод в Frontend","url":"https://coursehunter.net/course/Vvod-v-Frontend","materials":[],"subCategory":""},{"title":"Адаптивный Bootstrap","originTitle":"Адаптивный сайт с Bootstrap 3","url":"https://coursehunter.net/course/Adaptivnyy-sayt-s-Bootstrap-3","materials":[],"subCategory":""},{"title":"Bootstrap","originTitle":"Bootstrap","url":"https://coursehunter.net/course/Bootstrap","materials":[],"subCategory":""}]}