{"title":"Vue","url":"https://coursehunter.net/frontend/vue","courses":[{"title":"Интенсивный курс по Vue.js","originTitle":"Интенсивный курс по Vue.js","url":"https://coursehunter.net/course/intensivnyy-kurs-po-vue-js","materials":["https://vs1.coursehunter.net/lavrik-vue/code.zip"],"subCategory":""},{"title":"Фреймворк Vue.js. Полное руководство для современной веб-разработки","originTitle":"Фреймворк Vue.js. Полное руководство для современной веб-разработки","url":"https://coursehunter.net/course/freymvork-vue-js-polnoe-rukovodstvo-dlya-sovremennoy-veb-razrabotki","materials":["https://vs1.coursehunter.net/webformyself-comlete-vue-guide-course/vuejs-webformyself.zip"],"subCategory":""},{"title":"Vue JS 2: Полное руководство","originTitle":"Vue JS 2 - The Complete Guide (incl. Vue Router & Vuex)","url":"https://coursehunter.net/course/udemy-vuejs-2","materials":["https://vs1.coursehunter.net/udemy-vuejs-2/code.zip"],"subCategory":""},{"title":"Создайте свое первое приложение Vue.js","originTitle":"Build Your First Vue.js App","url":"https://coursehunter.net/course/sozdayte-svoe-pervoe-prilozhenie-vue-js","materials":[],"subCategory":""},{"title":"Создание одностраничного приложения Vue.js с помощью Vue Router","originTitle":"Build A Vue.js Single-Page App with Vue Router","url":"https://coursehunter.net/course/sozdanie-odnostranichnogo-prilozheniya-vue-js-s-pomoshchyu-vue-router","materials":[],"subCategory":""},{"title":"Создайте профессиональное приложение Vue с Vuex и SSR","originTitle":"Build A Professional Vue App with Vuex & Server-Side Rendering","url":"https://coursehunter.net/course/sozdayte-professionalnoe-prilozhenie-vue-s-vuex-i-ssr","materials":[],"subCategory":""},{"title":"Vue InstantSearch в Nuxt","originTitle":"Vue InstantSearch in Nuxt","url":"https://coursehunter.net/course/vue-instantsearch-v-nuxt","materials":[],"subCategory":""},{"title":"Nuxt.js + Laravel Authentication","originTitle":"Nuxt.js + Laravel Authentication","url":"https://coursehunter.net/course/nuxt-js-laravel-authentication","materials":[],"subCategory":""},{"title":"Tailwind с Nuxt.js","originTitle":"Tailwind with Nuxt.js","url":"https://coursehunter.net/course/tailwind-s-nuxt-js","materials":[],"subCategory":""},{"title":"Анимация в Vue","originTitle":"Animating Vue","url":"https://coursehunter.net/course/animaciya-v-vue","materials":[],"subCategory":""},{"title":"[Книга] Vue.js Компоненты: Паттерны","originTitle":"Vue.js Component Patterns Course","url":"https://coursehunter.net/course/kniga-vue-js-komponenty-patterny","materials":[],"subCategory":""},{"title":"Основы Vue 3","originTitle":"Vue 3 Essentials","url":"https://coursehunter.net/course/osnovy-vue-3","materials":[],"subCategory":""},{"title":"Nuxt.js и Vue.js | Self Promo App","originTitle":"The Complete Nuxt.js & Vue.js Course | Self Promo App","url":"https://coursehunter.net/course/nuxt-js-i-vue-js-self-promo-app","materials":[],"subCategory":""},{"title":"Продвинутый Laravel и Vuejs - создаем клон Youtube","originTitle":"Advanced Laravel and Vuejs - Build a Youtube clone","url":"https://coursehunter.net/course/prodvinutyy-laravel-i-vuejs-sozdaem-klon-youtube","materials":[],"subCategory":""},{"title":"Beautify with Vuetify","originTitle":"Beautify with Vuetify","url":"https://coursehunter.net/course/beautify-with-vuetify","materials":[],"subCategory":""},{"title":"Enterprise Vue","originTitle":"Enterprise Vue","url":"https://coursehunter.net/course/enterprise-vue","materials":[],"subCategory":""},{"title":"Quasar Framework: кроссплатформенные приложения Vue JS Vuex и Firebase","originTitle":"Quasar Framework: Cross-Platform Vue JS Vuex & Firebase Apps","url":"https://coursehunter.net/course/quasar-framework-krossplatformennye-prilozheniya-vue-js-vuex-i-firebase","materials":[],"subCategory":""},{"title":"Разработка Laravel API и Vue JS SPA с нуля","originTitle":"Laravel API Development & Vue JS SPA from Scratch","url":"https://coursehunter.net/course/razrabotka-laravel-api-i-vue-js-spa-s-nulya","materials":[],"subCategory":""},{"title":"Одностраничные приложения с Vue.js","originTitle":"Single Page Applications with Vue.js","url":"https://coursehunter.net/course/odnostranichnye-prilozheniya-s-vue-js","materials":[],"subCategory":""},{"title":"Разрабатывайте быстрее с помощью Vue CLI","originTitle":"Developing Faster with the Vue CLI","url":"https://coursehunter.net/course/razrabatyvayte-bystree-s-pomoshchyu-vue-cli","materials":[],"subCategory":""},{"title":"Создание бизнес-приложений с Vue.js и MongoDB","originTitle":"Building Business Applications with Vue.js and MongoDB","url":"https://coursehunter.net/course/sozdanie-biznes-prilozheniy-s-vue-js-i-mongodb","materials":[],"subCategory":""},{"title":"Продвинутые концепции компонентов Vue.js","originTitle":"Advanced Vue.js Component Concepts","url":"https://coursehunter.net/course/prodvinutye-koncepcii-komponentov-vue-js","materials":[],"subCategory":""},{"title":"Создайте приложение с GraphQL, Laravel и Vue","originTitle":"Build an App With GraphQL, Laravel, and Vue","url":"https://coursehunter.net/course/sozdayte-prilozhenie-s-graphql-laravel-i-vue","materials":[],"subCategory":""},{"title":"Три практических примера для изучения Vue.js","originTitle":"Three Practical Examples to Learn Vue.js","url":"https://coursehunter.net/course/tri-prakticheskih-primera-dlya-izucheniya-vue-js","materials":[],"subCategory":""},{"title":"Создайте современное веб-приложение с Node, Express и Vue.js","originTitle":"Create a Modern Web App With Node, Express, and Vue.js","url":"https://coursehunter.net/course/sozdayte-sovremennoe-veb-prilozhenie-s-node-express-i-vue-js","materials":[],"subCategory":""},{"title":"Создание новостной ленты с Nuxt 2 и Firestore","originTitle":"Build a News Feed with Nuxt 2 and Firestore","url":"https://coursehunter.net/course/sozdanie-novostnoy-lenty-s-nuxt-2-i-firestore","materials":[],"subCategory":""},{"title":"Наблюдайте как мы создаем клон Trello","originTitle":"Watch Us Build a Trello Clone","url":"https://coursehunter.net/course/smotrite-kak-my-sozdaem-klon-trello","materials":[],"subCategory":""},{"title":"Аутентификация на основе токенов","originTitle":"Token-Based Authentication","url":"https://coursehunter.net/course/autentifikaciya-na-osnove-tokenov","materials":[],"subCategory":""},{"title":"Полное руководство по Django REST Framework и Vue JS","originTitle":"The Complete Guide to Django REST Framework and Vue JS","url":"https://coursehunter.net/course/polnoe-rukovodstvo-po-django-rest-framework-i-vue-js","materials":[],"subCategory":""},{"title":"Nuxt.js 2.4+ Полное Руководство","originTitle":"Complete Nuxt.js 2.4+ Course","url":"https://coursehunter.net/course/nuxt-js-2-4-polnoe-rukovodstvo","materials":[],"subCategory":""},{"title":"Фреймворк NuxtJS. Руководство по FullStack-разработке","originTitle":"Фреймворк NuxtJS. Руководство по FullStack-разработке","url":"https://coursehunter.net/course/freymvork-nuxtjs-rukovodstvo-po-fullstack-razrabotke","materials":[],"subCategory":""},{"title":"Nuxt JS с Laravel API - Создание приложений SSR Vue JS","originTitle":"Nuxt JS with Laravel API - Building SSR Vue JS Apps","url":"https://coursehunter.net/course/nuxt-js-s-laravel-api-sozdanie-prilozheniy-ssr-vue-js","materials":[],"subCategory":""},{"title":"Vue JS 2 - Полное руководство близкое к реальным приложениям (Vuex, Router, Node)","originTitle":"Vue JS 2 - The Full Guide by Real Apps (Vuex, Router, Node)","url":"https://coursehunter.net/course/vue-js-2-polnoe-rukovodstvo-blizkoe-k-realnym-prilozheniyam-vuex-router-node","materials":[],"subCategory":""},{"title":"Статический Vue с Gridsome","originTitle":"Static Vue With Gridsome","url":"https://coursehunter.net/course/staticheskiy-vue-s-gridsome","materials":[],"subCategory":""},{"title":"Тестирование Vue","originTitle":"Testing Vue","url":"https://coursehunter.net/course/testirovanie-vue","materials":[],"subCategory":""},{"title":"Основы Компонентов Vue.js","originTitle":"Vue.js Components Fundamentals","url":"https://coursehunter.net/course/osnovy-komponentov-vue-js","materials":[],"subCategory":""},{"title":"Vue.js Основы","originTitle":"Vue.js Fundamentals","url":"https://coursehunter.net/course/vue-js-osnovy","materials":[],"subCategory":""},{"title":"Масштабируем Vue с Nuxt.js","originTitle":"Scaling Vue with Nuxt.js","url":"https://coursehunter.net/course/masshtabiruem-vue-s-nuxt-js","materials":[],"subCategory":""},{"title":"Генерация статического сайта с Nuxt.js","originTitle":"Static Site Generation with Nuxt.js","url":"https://coursehunter.net/course/generaciya-staticheskogo-sayta-s-nuxt-js","materials":[],"subCategory":""},{"title":"Асинхронные данные с Nuxt.js","originTitle":"Async Data with Nuxt.js","url":"https://coursehunter.net/course/asinhronnye-dannye-s-nuxt-js","materials":[],"subCategory":""},{"title":"Vue.js Essential","originTitle":"Vue.js Essential","url":"https://coursehunter.net/course/vue-js-essential","materials":[],"subCategory":""},{"title":"Advanced Components","originTitle":"Advanced Components","url":"https://coursehunter.net/course/advanced-components","materials":[],"subCategory":""},{"title":"Next-Level Vue","originTitle":"Next-Level Vue","url":"https://coursehunter.net/course/next-level-vue","materials":[],"subCategory":""},{"title":"Mastering Vuex","originTitle":"Mastering Vuex","url":"https://coursehunter.net/course/mastering-vuex","materials":[],"subCategory":""},{"title":"Изучаем Vue.js","originTitle":"Изучаем Vue.js","url":"https://coursehunter.net/course/izuchaem-vue-js","materials":[],"subCategory":""},{"title":"Real World Vue.js","originTitle":"Real World Vue.js","url":"https://coursehunter.net/course/real-world-vue-js","materials":[],"subCategory":""},{"title":"Введение в Vue.js","originTitle":"Intro to Vue.js","url":"https://coursehunter.net/course/vvedenie-v-vue-js","materials":[],"subCategory":""},{"title":"Тестирование с Jest","originTitle":"Test with Jest","url":"https://coursehunter.net/course/testirovanie-s-jest","materials":[],"subCategory":""},{"title":"Основы Nuxt.js","originTitle":"Nuxt.js Fundamentals","url":"https://coursehunter.net/course/osnovy-nuxt-js","materials":[],"subCategory":""},{"title":"Laravel - Узнайте, как создавать диаграммы с Vue.js и Laravel","originTitle":"Laravel - Learn How to Create Charts with Vue.js and Laravel","url":"https://coursehunter.net/course/laravel-uznayte-kak-sozdavat-diagrammy-s-vue-js-i-laravel","materials":[],"subCategory":""},{"title":"Создание веб-приложений с помощью Vue JS 2 и Firebase","originTitle":"Build Web Apps with Vue JS 2 & Firebase","url":"https://coursehunter.net/course/sozdanie-veb-prilozheniy-s-pomoshchyu-vue-js-2-i-firebase","materials":[],"subCategory":""},{"title":"Полный курс Vue JS","originTitle":"The complete Vue JS course","url":"https://coursehunter.net/course/polnyy-kurs-vue-js","materials":[],"subCategory":""},{"title":"Пользовательские Vue Директивы","originTitle":"Custom Vue Directives","url":"https://coursehunter.net/course/polzovatelskie-vue-direktivy","materials":[],"subCategory":""},{"title":"Практические компоненты Vue","originTitle":"Practical Vue Components","url":"https://coursehunter.net/course/prakticheskie-komponenty-vue","materials":[],"subCategory":""},{"title":"SPA Форум с Pusher Laravel и Vuejs","originTitle":"Real Time Single Page Forum App with Pusher Laravel & vuejs","url":"https://coursehunter.net/course/spa-forum-s-pusher-laravel-i-vuejs","materials":[],"subCategory":""},{"title":"Динамические формы с Vue.js","originTitle":"Dynamic Forms with Vue.js","url":"https://coursehunter.net/course/dinamicheskie-formy-s-vue-js","materials":[],"subCategory":""},{"title":"Валидация форм с Vue.js","originTitle":"Vue.js Form Validation","url":"https://coursehunter.net/course/validaciya-form-s-vue-js","materials":[],"subCategory":""},{"title":"Основы Vue.js","originTitle":"Vue.js Fundamentals","url":"https://coursehunter.net/course/osnovy-vue-js","materials":[],"subCategory":""},{"title":"Vue.js + Firebase Authentication","originTitle":"Vue.js + Firebase Authentication","url":"https://coursehunter.net/course/vue-js-firebase-authentication","materials":[],"subCategory":""},{"title":"Vue.js + Firebase Realtime Database","originTitle":"Vue.js + Firebase Realtime Database","url":"https://coursehunter.net/course/vue-js-firebase-realtime-database","materials":[],"subCategory":""},{"title":"Vuex для всех","originTitle":"Vuex for Everyone","url":"https://coursehunter.net/course/vuex-dlya-vseh","materials":[],"subCategory":""},{"title":"Full-Stack Vue с GraphQL - Полное Руководство","originTitle":"Full-Stack Vue with GraphQL - The Ultimate Guide","url":"https://coursehunter.net/course/full-stack-vue-s-graphql-polnoe-rukovodstvo","materials":[],"subCategory":""},{"title":"[Книга] Тестирование компонентов Vue.js с помощью Jest","originTitle":"Тестирование компонентов Vue.js с помощью Jest","url":"https://coursehunter.net/course/kniga-testirovanie-komponentov-vue-js-s-pomoshchyu-jest","materials":[],"subCategory":""},{"title":"[Книга] [Alex Kyriakidis] Величие Vue.js 2","originTitle":"The Majesty of Vue.js 2","url":"https://coursehunter.net/course/kniga-alex-kyriakidis-velichie-vue-js-2","materials":[],"subCategory":""},{"title":"Vue.js Мастер-класс","originTitle":"The Vue.js Master Class","url":"https://coursehunter.net/course/vue-js-master-klass","materials":[],"subCategory":""},{"title":"Vue.js 2.5 Создаем сайт на Vue.JS с Firebase, Vuex и Router","originTitle":"Vue.js 2.5 Создаем сайт на Vue.JS с Firebase, Vuex и Router","url":"https://coursehunter.net/course/vue-js-2-5-sozdaem-sayt-na-vue-js-s-firebase-vuex-i-router","materials":[],"subCategory":""},{"title":"Курс Ultimate Advanced Laravel Pro (включая Vuejs)","originTitle":"The Ultimate Advanced Laravel Pro course (incl Vuejs)","url":"https://coursehunter.net/course/kurs-ultimate-advanced-laravel-pro-vklyuchaya-vuejs","materials":[],"subCategory":""},{"title":"Продвинутое проектирование компонентов Vue","originTitle":"Advanced Vue Component Design","url":"https://coursehunter.net/course/prodvinutoe-proektirovanie-komponentov-vue","materials":[],"subCategory":""},{"title":"Приватный (один на одни) чат с Laravel, Vuejs и Pusher","originTitle":"Private (one to one) Chat App with Laravel Vuejs and Pusher","url":"https://coursehunter.net/course/privatnyy-odin-na-odni-chat-s-laravel-vuejs-i-pusher","materials":[],"subCategory":""},{"title":"Строим асинхронные приложения Vue.js с RxJS","originTitle":"Build Async Vue.js Apps with RxJS","url":"https://coursehunter.net/course/stroim-asinhronnye-prilozheniya-vue-js-s-rxjs","materials":[],"subCategory":""},{"title":"Основы Vue JS с Vuex и Vue Router","originTitle":"Vue JS Essentials with Vuex and Vue Router","url":"https://coursehunter.net/course/osnovy-vue-js-s-vuex-i-vue-router","materials":[],"subCategory":""},{"title":"Offline-First Progressive Web Apps (PWA) в Vue.js","originTitle":"Offline-First Progressive Web Apps (PWA) in Vue.js","url":"https://coursehunter.net/course/offline-first-progressive-web-apps-pwa-v-vue-js","materials":[],"subCategory":""},{"title":"Vue и Laravel - To-Do приложение - Restful API Проект","originTitle":"Vue and Laravel To-Do App - Restful API Project","url":"https://coursehunter.net/course/vue-i-laravel-to-do-prilozhenie-restful-api-proekt","materials":[],"subCategory":""},{"title":"Знакомство с Vue.js (Воркшоп)","originTitle":"Знакомство с Vue.js","url":"https://coursehunter.net/course/znakomstvo-s-vue-js-vorkshop","materials":[],"subCategory":""},{"title":"Vue.js для всех: Начинаем работу с Vue","originTitle":"Vue.js for everyone","url":"https://coursehunter.net/course/vue-js-dlya-vseh-nachinaem-rabotu-s-vue","materials":[],"subCategory":""},{"title":"Vue - Создаем красивые сайты с поддержкой SEO","originTitle":"Using Vue 2 to Create Beautiful SEO-Ready Websites","url":"https://coursehunter.net/course/vue-sozdaem-krasivye-sayty-s-podderzhkoy-seo","materials":[],"subCategory":""},{"title":"Проектирование систем (c Vue)","originTitle":"Design Systems (ft. Vue)","url":"https://coursehunter.net/course/proektirovanie-sistem-c-vue","materials":[],"subCategory":""},{"title":"[Книга] Fullstack Vue Book - Полное руководство по Vue","originTitle":"Fullstack Vue Book - The Complete Guide to Vue.js","url":"https://coursehunter.net/course/kniga-fullstack-vue-book-polnoe-rukovodstvo-po-vue","materials":[],"subCategory":""},{"title":"Видео курс Vue.js","originTitle":"Видео курс Vue.js","url":"https://coursehunter.net/course/video-kurs-vue-js","materials":[],"subCategory":""},{"title":"Vue.js: Строим Full Stack приложение с Firebase, Vuex и Router","originTitle":"Vue.js: Build a Full Stack App With Firebase, Vuex & Router","url":"https://coursehunter.net/course/vue-js-stroim-full-stack-prilozhenie-s-firebase-vuex-i-router","materials":[],"subCategory":""},{"title":"Nuxt.js - Vue.js на стероидах (Maximilian Schwarzmüller)","originTitle":"Nuxt.js - Vue.js on Steroids","url":"https://coursehunter.net/course/nuxt-js-vue-js-na-steroidah-maximilian-schwarzmueller","materials":[],"subCategory":""},{"title":"Начало работы с Vue.js","originTitle":"Getting Started with Vue.js","url":"https://coursehunter.net/course/nachalo-raboty-s-vue-js","materials":[],"subCategory":""},{"title":"Создаем новостное приложение с Vue.js и Nuxt","originTitle":"Create a News App with Vue.js and Nuxt","url":"https://coursehunter.net/course/sozdaem-novostnoe-prilozhenie-s-vue-js-i-nuxt","materials":[],"subCategory":""},{"title":"Продвинутый контроль компонентов Vue.js","originTitle":"Advanced Fine-Grained Control of Vue.js Components","url":"https://coursehunter.net/course/prodvinutyy-kontrol-komponentov-vue-js","materials":[],"subCategory":""},{"title":"Vue.js 2 курс для студентов с нулевым знанием ES6","originTitle":"Vue.js 2 Course for Students with ZERO ES6 foundation","url":"https://coursehunter.net/course/vue-js-2-kurs-dlya-studentov-s-nulevym-znaniem-es6","materials":[],"subCategory":""},{"title":"Создайте сокращенный URL - адрес","originTitle":"Build a URL shortener","url":"https://coursehunter.net/course/sozdayte-sokrashchennyy-url-adres","materials":[],"subCategory":""},{"title":"Личные сообщения c Laravel в режиме реального времени","originTitle":"Laravel real-time private messages","url":"https://coursehunter.net/course/lichnye-soobshcheniya-c-laravel-v-rezhime-realnogo-vremeni","materials":[],"subCategory":""},{"title":"Курс по Vue.JS","originTitle":"Курс по Vue.JS","url":"https://coursehunter.net/course/kurs-po-vue-js","materials":[],"subCategory":""},{"title":"Vue.js + Vuetify + Firebase Project","originTitle":"Vue.js + Vuetify + Firebase Project","url":"https://coursehunter.net/course/vue-js-vuetify-firebase-project","materials":[],"subCategory":""},{"title":"Создайте Distraction Dashboard","originTitle":"Build a Distraction Dashboard","url":"https://coursehunter.net/course/sozdayte-distraction-dashboard","materials":[],"subCategory":""},{"title":"SPA на Vue и Vuex","originTitle":"Vue/Vuex Single Page App Boilerplate","url":"https://coursehunter.net/course/odinochnaya-stranica-na-vue-i-vuex","materials":[],"subCategory":""},{"title":"Одностраничное приложение для форума: Frontend на Vue.js","originTitle":"Single-page Forum App: Frontend","url":"https://coursehunter.net/course/odnostranichnoe-prilozhenie-dlya-foruma-frontend-na-vue-js","materials":[],"subCategory":""},{"title":"Unit testing Vuex","originTitle":"Unit testing Vuex","url":"https://coursehunter.net/course/unit-testing-vuex","materials":[],"subCategory":""},{"title":"Чат в реальном времени с Node.js, Socket.io и Vue.js","originTitle":"Real-time chat with Node.js, Socket.io and Vue.js","url":"https://coursehunter.net/course/real-time-chat-with-node-js-socket-io-and-vue-js","materials":[],"subCategory":""},{"title":"Создайте приложение заметок с помощью Vuex","originTitle":"Build a notes app with Vuex","url":"https://coursehunter.net/course/build-a-notes-app-with-vuex","materials":[],"subCategory":""},{"title":"Vue.js список Todo","originTitle":"Vue.js todo list","url":"https://coursehunter.net/course/vue-js-todo-list","materials":[],"subCategory":""},{"title":"Компонент пагинации на Vue.js и Laravel","originTitle":"Paginated Vue Components with Laravel","url":"https://coursehunter.net/course/navigaciya-po-saytu","materials":[],"subCategory":""},{"title":"Изучи Vuex","originTitle":"Learn Vuex","url":"https://coursehunter.net/course/izuchi-vuex","materials":[],"subCategory":""},{"title":"Изучите Vue.js","originTitle":"Learn Vue.js","url":"https://coursehunter.net/course/izuchite-vue-js","materials":[],"subCategory":""},{"title":"Создаем приложение для подкастов","originTitle":"Build a Podcast App","url":"https://coursehunter.net/course/sozdaem-prilozhenie-c-podkastami","materials":[],"subCategory":""},{"title":"Валидация VueX","originTitle":"VueX validation strategies","url":"https://coursehunter.net/course/validaciya-vuex","materials":[],"subCategory":""},{"title":"Vue.js Компоненты","originTitle":"Vue.js Components","url":"https://coursehunter.net/course/vue-js-components","materials":[],"subCategory":""},{"title":"Введение в Vue.js","originTitle":"Introduction to Vue.js","url":"https://coursehunter.net/course/fm-introduction-vue","materials":[],"subCategory":""},{"title":"Vue.js: Продвинутые возможности","originTitle":"Vue.js Advanced Features from the Ground Up","url":"https://coursehunter.net/course/fm-vue-ground-up","materials":[],"subCategory":""},{"title":"Курс по Vue JS 2 для разработчиков","originTitle":"The Ultimate Vue JS 2 Developers Course","url":"https://coursehunter.net/course/udemy-ultimate-vuejs2","materials":[],"subCategory":""},{"title":"Vue JS - разработка веб-приложений","originTitle":"Vue JS - Mastering Web Apps","url":"https://coursehunter.net/course/udemy-mastering-vue","materials":[],"subCategory":""},{"title":"Постройка Server Rendered приложения Vue.js с Nuxt и Vuex","originTitle":"Build a Server Rendered Vue.js App with Nuxt and Vuex","url":"https://coursehunter.net/course/egghead-vue-nuxt-vuex","materials":[],"subCategory":""},{"title":"Vue.js","originTitle":"Vue.js 1.0: Step By Step","url":"https://coursehunter.net/course/vue-js","materials":[],"subCategory":""}]}