{"title":"Uncategorised","url":"https://coursehunter.net/gamedev","courses":[{"title":"Unreal Engine C ++ Курс для разработчиков игр","originTitle":"Unreal Engine C++ The Ultimate Game Developer Course","url":"https://coursehunter.net/course/unreal-engine-c-kurs-dlya-razrabotchikov-igr","materials":[],"subCategory":""},{"title":"[Перевод] Введение в глобальное освещение в Unreal Engine (UE)","originTitle":"Introducing Global Illumination","url":"https://coursehunter.net/course/perevod-vvedenie-v-globalnoe-osveshchenie-v-unreal-engine-ue","materials":[],"subCategory":""},{"title":"[Перевод] Unreal Engine: Основы Пост-обработки","originTitle":"Post Processing Essentials","url":"https://coursehunter.net/course/perevod-unreal-engine-osnovy-post-obrabotki","materials":[],"subCategory":""},{"title":"[Перевод] Освещение Unreal Engine: Основные Понятия","originTitle":"Lighting Essential Concepts and Effects","url":"https://coursehunter.net/course/perevod-vvedenie-v-globalnoe-osveshchenie-v-unreal-engine","materials":[],"subCategory":""},{"title":"ПИКСЕЛЬ АРТ ФОНЫ ДЛЯ ИГР","originTitle":"ПИКСЕЛЬ АРТ ФОНЫ ДЛЯ ИГР","url":"https://coursehunter.net/course/piksel-art-fony-dlya-igr","materials":[],"subCategory":""},{"title":"БЫСТРОЕ СОЗДАНИЕ LOW POLY ГРАФИКИ ДЛЯ ИГР","originTitle":"БЫСТРОЕ СОЗДАНИЕ LOW POLY ГРАФИКИ ДЛЯ ИГР","url":"https://coursehunter.net/course/bystroe-sozdanie-low-poly-grafiki-dlya-igr","materials":[],"subCategory":""},{"title":"[ПЕРЕВОД] Unreal Engine 4: Как разработать свои первые две игры","originTitle":"Unreal Engine 4: How to Develop Your First Two Games","url":"https://coursehunter.net/course/perevod-unreal-engine-4-kak-razrabotat-svoi-pervye-dve-igry","materials":[],"subCategory":""},{"title":"Создание эффектов в Unity | Партиклы | VFX","originTitle":"Создание эффектов в Unity | Партиклы | VFX","url":"https://coursehunter.net/course/sozdanie-effektov-v-unity-partikly-vfx","materials":[],"subCategory":""},{"title":"ПИКСЕЛЬ АРТ ГРАФИКА ДЛЯ ИГР","originTitle":"ПИКСЕЛЬ АРТ ГРАФИКА ДЛЯ ИГР","url":"https://coursehunter.net/course/piksel-art-grafika-dlya-igr","materials":[],"subCategory":""},{"title":"UNITY УГЛУБЛЕННЫЙ  /  СОЗДАЕМ КОСМИЧЕСКИЙ РЕЙЛ ШУТЕР","originTitle":"UNITY УГЛУБЛЕННЫЙ  /  СОЗДАЕМ КОСМИЧЕСКИЙ РЕЙЛ ШУТЕР","url":"https://coursehunter.net/course/unity-uglublennyy-sozdaem-kosmicheskiy-reyl-shuter","materials":[],"subCategory":""},{"title":"UNITY БАЗОВЫЙ / СОЗДАЕМ 3D ИГРУ","originTitle":"UNITY БАЗОВЫЙ / СОЗДАЕМ 3D ИГРУ","url":"https://coursehunter.net/course/unity-bazovyy-sozdaem-3d-igru","materials":[],"subCategory":""},{"title":"UNITY СТАРТ / ПРОГРАММИРОВАНИЕ C#","originTitle":"UNITY СТАРТ / ПРОГРАММИРОВАНИЕ C#","url":"https://coursehunter.net/course/unity-start-programmirovanie-c","materials":[],"subCategory":""},{"title":"Создайте многопользовательскую 3D-игру, используя THREE.js и Socket.IO","originTitle":"Create a 3D multi-player game using THREE.js and Socket.IO","url":"https://coursehunter.net/course/sozdayte-mnogopolzovatelskuyu-3d-igru-ispolzuya-three-js-i-socket-io","materials":[],"subCategory":""},{"title":"Unity Advanced","originTitle":"Unity Advanced","url":"https://coursehunter.net/course/unity-advanced","materials":[],"subCategory":""},{"title":"Unity Essential","originTitle":"Unity Essential","url":"https://coursehunter.net/course/unity-essential","materials":[],"subCategory":""},{"title":"Unity Starter","originTitle":"Курс \"Starter\" по Unity","url":"https://coursehunter.net/course/unity-starter","materials":[],"subCategory":""},{"title":"C# Unity разработка 3D: Научитесь программировать создавая игры","originTitle":"Complete C# Unity Developer 3D: Learn to Code Making Games","url":"https://coursehunter.net/course/c-unity-razrabotka-3d-nauchites-programirovat-sozdavaya-igry","materials":[],"subCategory":""},{"title":"C# Unity разработка 2D: Научитесь програмировать создавая игры","originTitle":"Complete C# Unity Developer 2D: Learn to Code Making Games","url":"https://coursehunter.net/course/c-unity-razrabotka-2d-nauchites-programirovat-sozdavaya-igry","materials":[],"subCategory":""},{"title":"Unity Tutorial 2D Space Shooter","originTitle":"Unity Tutorial 2D Space Shooter","url":"https://coursehunter.net/course/unity-tutorial-2d-space-shooter","materials":[],"subCategory":""},{"title":"Разработка HTML5 игр","originTitle":"HTML5 Game Development Mini-Degree","url":"https://coursehunter.net/course/razrabotka-igr-html5","materials":[],"subCategory":""},{"title":"Unity для Дизайнеров","originTitle":"Unity for designers","url":"https://coursehunter.net/course/unity-dlya-dizaynerov","materials":[],"subCategory":""},{"title":"Создание HTML5-игр с помощью Phaser 3","originTitle":"Making HTML5 Games with Phaser 3","url":"https://coursehunter.net/course/sozdanie-html5-igr-s-pomoshchyu-phaser-3","materials":[],"subCategory":""},{"title":"Полный курс по разработке мобильных игр с помощью Phaser","originTitle":"The Complete Mobile Game Development Course with Phaser","url":"https://coursehunter.net/course/polnyy-kurs-po-razrabotke-mobilnyh-igr-s-pomoshchyu-phaser","materials":[],"subCategory":""},{"title":"Создайте SpriteKit игру","originTitle":"Create a SpriteKit Game","url":"https://coursehunter.net/course/sozdayte-spritekit-igru","materials":[],"subCategory":""},{"title":"[Книга] Unity в действии. Мультиплатформенная разработка на C#. 2-е межд. издание","originTitle":"Unity в действии. Мультиплатформенная разработка на C#. 2-е межд. издание","url":"https://coursehunter.net/course/kniga-unity-v-deystvii-multiplatformennaya-razrabotka-na-c-2-e-mezhd-izdanie","materials":[],"subCategory":""},{"title":"Геймдизайн: как делать игры, которые нравятся и приносят деньги","originTitle":"Геймдизайн: как делать игры, которые нравятся и приносят деньги","url":"https://coursehunter.net/course/geymdizayn-kak-delat-igry-kotorye-nravyatsya-i-prinosyat-dengi","materials":[],"subCategory":""},{"title":"Game Dev Crash Course (Clickteam Fusion 2.5)","originTitle":"Game Dev Crash Course (Clickteam Fusion 2.5)","url":"https://coursehunter.net/course/game-dev-crash-course-clickteam-fusion-2-5","materials":[],"subCategory":""},{"title":"Разработка Настольной / Мобильной Quiz игры в Clickteam Fusion 2.5","originTitle":"Develop Desktop / Mobile Quiz Game in Clickteam Fusion 2.5","url":"https://coursehunter.net/course/razrabotka-nastolnoy-mobilnoy-quiz-igry-v-clickteam-fusion-2-5","materials":[],"subCategory":""},{"title":"Паттерны проектирования в Unity: Полное Руководство","originTitle":"The Ultimate Guide to Unity Designpatterns","url":"https://coursehunter.net/course/patterny-proektirovaniya-v-unity-polnoe-rukovodstvo","materials":[],"subCategory":""},{"title":"[Перевод] [RU] Unreal Engine курс - Изучите C ++ и делайте игры","originTitle":"The Unreal Engine Developer Course - Learn C++ & Make Games","url":"https://coursehunter.net/course/perevod-ru-unreal-engine-kurs-izuchite-c-i-delayte-igry","materials":[],"subCategory":""},{"title":"Продвинутый курс GameDev: создаем полноценную игру для android","originTitle":"Продвинутый курс GameDev: создаем полноценную игру для android","url":"https://coursehunter.net/course/prodvinutyy-kurs-gamedev-sozdaem-polnocennuyu-igru-dlya-android","materials":[],"subCategory":""},{"title":"[Книга] [Emanuele Feronato] Кроссплатформенная разработка HTML игр с Phaser 3","originTitle":"HTML5 Cross Platform Game Development Using Phaser 3","url":"https://coursehunter.net/course/kniga-emanuele-feronato-krossplatformennaya-razrabotka-html-igr-s-phaser-3","materials":[],"subCategory":""},{"title":"Cocos2d-x v3 JavaScript - Разработка игр","originTitle":"Cocos2d-x v3 JavaScript - Game Development Series","url":"https://coursehunter.net/course/cocos2d-x-v3-javascript-razrabotka-igr","materials":[],"subCategory":""},{"title":"Swift 4 и SpriteKit: Создаем клон игры Bottle Flip (Updated)","originTitle":"Swift 4 и SpriteKit: Создаем клон игры Bottle Flip (Update)","url":"https://coursehunter.net/course/swift-4-i-spritekit-sozdaem-klon-igry-bottle-flip-updated","materials":[],"subCategory":""},{"title":"Angry Birds, Crossy Road и больше: Разработка игр на Swift 4","originTitle":"Angry Birds, Crossy Road & more: Game Development in Swift 4","url":"https://coursehunter.net/course/angry-birds-crossy-road-i-eshche-razrabotka-igr-na-swift-4","materials":[],"subCategory":""},{"title":"Разработка игр на движке SpriteKit","originTitle":"Разработка игр на движке SpriteKit","url":"https://coursehunter.net/course/razrabotka-igr-na-dvizhke-spritekit","materials":[],"subCategory":""},{"title":"Создаем MyPokemons app с Swift 3 за 1 час","originTitle":"Build MyPokemons app with Swift 3 in 1 hour","url":"https://coursehunter.net/course/sozdaem-mypokemons-app-s-swift-3-za-1-chas","materials":[],"subCategory":""},{"title":"iOS игра с Swift 3 для новичков","originTitle":"Learn how to build iOS Game with Swift 3 for newbies","url":"https://coursehunter.net/course/ios-igra-s-swift-3-dlya-novichkov","materials":[],"subCategory":""},{"title":"Создаем игру Need for Speed на Unity","originTitle":"Создаем игру Need for Speed на Unity","url":"https://coursehunter.net/course/itvdn-unity-need-for-speed","materials":[],"subCategory":""},{"title":"Разработка игр для Steam VR c использованием PlayStation VR","originTitle":"Разработка игр для Steam VR c использованием PlayStation VR","url":"https://coursehunter.net/course/itvdn-steam-vr","materials":[],"subCategory":""},{"title":"Разработка Virtual Reality (VR) игр на Unity","originTitle":"Разработка Virtual Reality (VR) игр на Unity","url":"https://coursehunter.net/course/itvdn-unity-vr","materials":[],"subCategory":""},{"title":"Написание игрового сервера и создание клиента на Unity3D","originTitle":"Написание игрового сервера и создание клиента на Unity3D","url":"https://coursehunter.net/course/itvdn-game-server-unity","materials":[],"subCategory":""},{"title":"Продвинутая разработка игр на HTML 5","originTitle":"Advanced HTML5 Game Development","url":"https://coursehunter.net/course/lynda-advanced-html5-gamedev","materials":[],"subCategory":""},{"title":"Unity виртуальная реальность (v1)","originTitle":"Unity Virtual Reality - Volume 1","url":"https://coursehunter.net/course/packt-unity-virtual-reality","materials":[],"subCategory":""},{"title":"HTML5 Игра с нуля, шаг за шагом","originTitle":"HTML5 Game from scratch step by step learning JavaScript (Ангельский)","url":"https://coursehunter.net/course/udemy-html5-game-from-scratch","materials":[],"subCategory":""},{"title":"\\\"Разработчик игр\\\" - Создаем 60 игр","originTitle":"The Complete Game Developer course - Build 60 Games (Ангельский)","url":"https://coursehunter.net/course/udemy-the-complete-game-dev-course","materials":[],"subCategory":""},{"title":"Пишем игры с JavaScript на HTML5 Canvas","originTitle":"How to Program Games: Tile Classics in JS for HTML5 Canvas","url":"https://coursehunter.net/course/udemy-how-to-program-games-js-for-html-canvas","materials":[],"subCategory":""},{"title":"Делаем мультиплеерный шутер в Unity","originTitle":"Make a Multiplayer Shooter in Unity","url":"https://coursehunter.net/course/udemy-make-a-multiplayer-shooter-in-unity","materials":[],"subCategory":""},{"title":"Академия разработки игр Unity","originTitle":"Unity Game Development Academy: Make 2D & 3D Games","url":"https://coursehunter.net/course/udemy-unity-game-development-academy","materials":[],"subCategory":""},{"title":"Полное руководство Unity 5","originTitle":"The Complete Unity 5 Guide: Unity Game Development Made Easy","url":"https://coursehunter.net/course/udemy-the-complete-unite-5-guide-game-dev","materials":[],"subCategory":""},{"title":"Unity. Шесть полностью функциональных игр с нуля","originTitle":"Master Unity By Building 6 Fully Featured Games From Scratch (Ангельский)","url":"https://coursehunter.net/course/udemy-master-unity-by-building-6-games","materials":[],"subCategory":""},{"title":"Unreal Engine 4 - Разработай свои первые две игры","originTitle":"Unreal Engine 4: Develop Your First 2 Games","url":"https://coursehunter.net/course/udemy-ue4","materials":[],"subCategory":""},{"title":"C# (C Sharp) на примерах из GTA 5","originTitle":"C# на примерах из GTA 5","url":"https://coursehunter.net/course/itvdn-csharp-gta5","materials":[],"subCategory":""},{"title":"Unity3D | Создание Clicker","originTitle":"Unity3D Создание Clicker","url":"https://coursehunter.net/course/unity-clicker","materials":[],"subCategory":""},{"title":"Разработка игр c Unity 5","originTitle":"Game Development with Unity 5","url":"https://coursehunter.net/course/gamedev-unity5","materials":[],"subCategory":""},{"title":"Создание игры типа “Pokémon Go“","originTitle":"Создание игры типа “Pokémon Go“","url":"https://coursehunter.net/course/pokemon-go","materials":[],"subCategory":""},{"title":"Разработка игр на Unity 5","originTitle":"Unity 5: 3D Essential Training","url":"https://coursehunter.net/course/unity5","materials":[],"subCategory":""},{"title":"Unreal Engine 4","originTitle":"Unreal Engine 4","url":"https://coursehunter.net/course/unreal-engine-4","materials":[],"subCategory":""},{"title":"Разработка игр на IOS с SpriteKit And Swift 3","originTitle":"iOS Game Course Using SpriteKit And Swift 3","url":"https://coursehunter.net/course/ios-game-dev","materials":[],"subCategory":""},{"title":"Виртуальная реальность и Unreal Engine","originTitle":"Виртуальная реальность и Unreal Engine","url":"https://coursehunter.net/course/virtual-reality-unreal-engine","materials":[],"subCategory":""}]}