{"title":"C Sharp (C#)","url":"https://coursehunter.net/backend/c-sharp-c","courses":[{"title":"C# за 30 дней","originTitle":"C# за 30 дней","url":"https://coursehunter.net/course/csharp-in-30-days","materials":["https://vs1.coursehunter.net/csharp_30d/lesson1.mp4","https://vs1.coursehunter.net/csharp_30d/lesson2.mp4","https://vs1.coursehunter.net/csharp_30d/lesson3.mp4","https://vs1.coursehunter.net/csharp_30d/lesson4.mp4","https://vs1.coursehunter.net/csharp_30d/lesson5.mp4","https://vs1.coursehunter.net/csharp_30d/lesson6.mp4","https://vs1.coursehunter.net/csharp_30d/lesson7.mp4","https://vs1.coursehunter.net/csharp_30d/lesson8.mp4","https://vs1.coursehunter.net/csharp_30d/lesson9.mp4","https://vs1.coursehunter.net/csharp_30d/lesson10.mp4","https://vs1.coursehunter.net/csharp_30d/lesson11.mp4","https://vs1.coursehunter.net/csharp_30d/lesson12.mp4","https://vs1.coursehunter.net/csharp_30d/lesson13.mp4","https://vs1.coursehunter.net/csharp_30d/lesson14.mp4","https://vs1.coursehunter.net/csharp_30d/lesson15.mp4","https://vs1.coursehunter.net/csharp_30d/lesson16.mp4","https://vs1.coursehunter.net/csharp_30d/lesson17.mp4","https://vs1.coursehunter.net/csharp_30d/lesson18.mp4","https://vs1.coursehunter.net/csharp_30d/lesson19.mp4","https://vs1.coursehunter.net/csharp_30d/lesson20.mp4","https://vs1.coursehunter.net/csharp_30d/lesson21.mp4","https://vs1.coursehunter.net/csharp_30d/lesson22.mp4","https://vs1.coursehunter.net/csharp_30d/lesson23.mp4","https://vs1.coursehunter.net/csharp_30d/lesson24.mp4","https://vs1.coursehunter.net/csharp_30d/lesson25.mp4","https://vs1.coursehunter.net/csharp_30d/lesson26.mp4","https://vs1.coursehunter.net/csharp_30d/lesson27.mp4","https://vs1.coursehunter.net/csharp_30d/lesson28.mp4","https://vs1.coursehunter.net/csharp_30d/lesson29.mp4","https://vs1.coursehunter.net/csharp_30d/lesson30.mp4"],"subCategory":""},{"title":"C# Продвинутые темы: Поднимите свои навыки C # на следующий уровень","originTitle":"C# Advanced Topics: Take Your C# Skills to the Next Level","url":"https://coursehunter.net/course/c-prodvinutye-temy-podnimite-svoi-navyki-c-na-sleduyushchiy-uroven","materials":["https://vs1.coursehunter.net/udemy-adnvanced-csharp/code.zip"],"subCategory":""},{"title":"Создание RESTful API с помощью ASP.NET Core 3","originTitle":"Building a RESTful API with ASP.NET Core 3","url":"https://coursehunter.net/course/sozdanie-restful-api-s-pomoshchyu-asp-net-core-3","materials":[],"subCategory":""},{"title":"Решение продвинутых проблем RESTful с ASP.NET Core 3","originTitle":"Implementing Advanced RESTful Concerns with ASP.NET Core 3","url":"https://coursehunter.net/course/reshenie-prodvinutyh-problem-restful-s-asp-net-core-3","materials":[],"subCategory":""},{"title":"Создание пользовательского интерфейса в ASP.NET Core","originTitle":"Создание пользовательского интерфейса в ASP.NET Core","url":"https://coursehunter.net/course/sozdanie-polzovatelskogo-interfeysa-v-asp-net-core","materials":[],"subCategory":""},{"title":"Улучшение юнит-тестов с помощью Fluent Assertions","originTitle":"Improving Unit Tests with Fluent Assertions","url":"https://coursehunter.net/course/uluchshenie-yunit-testov-s-pomoshchyu-fluent-assertions","materials":[],"subCategory":""},{"title":"How to C# Essential","originTitle":"How to C# Essential","url":"https://coursehunter.net/course/how-to-c-essential","materials":[],"subCategory":""},{"title":"How to C# Starter","originTitle":"How to C# Starter","url":"https://coursehunter.net/course/how-to-c-starter","materials":[],"subCategory":""},{"title":"Основы объектно-ориентированного программирования на C #","originTitle":"Object-Oriented Programming Fundamentals in C#","url":"https://coursehunter.net/course/osnovy-obektno-orientirovannogo-programmirovaniya-na-c","materials":[],"subCategory":""},{"title":"Основы LINQ","originTitle":"LINQ Fundamentals","url":"https://coursehunter.net/course/osnovy-linq","materials":[],"subCategory":""},{"title":"Создание веб-приложений с ASP.NET Core MVC","originTitle":"Building Web Applications with ASP.NET Core MVC","url":"https://coursehunter.net/course/sozdanie-veb-prilozheniy-s-asp-net-core-mvc","materials":[],"subCategory":""},{"title":"Создание API с помощью ASP.NET Core","originTitle":"Building an API with ASP.NET Core","url":"https://coursehunter.net/course/sozdanie-api-s-pomoshchyu-asp-net-core","materials":[],"subCategory":""},{"title":"Внедрение зависимостей в ASP.NET Core","originTitle":"Dependency Injection in ASP.NET Core","url":"https://coursehunter.net/course/vnedrenie-zavisimostey-v-asp-net-core","materials":[],"subCategory":""},{"title":"Полное руководство по созданию приложения с .Net Core и React","originTitle":"Complete guide to building an app with .Net Core and React","url":"https://coursehunter.net/course/polnoe-rukovodstvo-po-sozdaniyu-prilozheniya-s-net-core-i-react","materials":[],"subCategory":""},{"title":"Программирование на C#: от новичка до специалиста","originTitle":"Программирование на C#: от новичка до специалиста","url":"https://coursehunter.net/course/programmirovanie-na-c-ot-novichka-do-specialista","materials":[],"subCategory":""},{"title":"Шаблоны проектирования в C # и .NET","originTitle":"Design Patterns in C# and .NET","url":"https://coursehunter.net/course/shablony-proektirovaniya-v-c-i-net","materials":[],"subCategory":""},{"title":"Создание GraphQL API с помощью ASP.NET Core","originTitle":"Building GraphQL APIs with ASP.NET Core","url":"https://coursehunter.net/course/sozdanie-graphql-api-s-pomoshchyu-asp-net-core","materials":[],"subCategory":""},{"title":"Правильное ведение логов в .NET: подход с использованием Serilog","originTitle":".NET Logging Done Right: An Opinionated Approach Using Serilog","url":"https://coursehunter.net/course/pravilnoe-vedenie-logov-v-net-podhod-s-ispolzovaniem-serilog","materials":[],"subCategory":""},{"title":"OpenAPI / Swagger для тестирования и генерации кода в ASP.NET Core","originTitle":"Using OpenAPI/Swagger for Testing and Code Generation in ASP.NET Core","url":"https://coursehunter.net/course/openapi-swagger-dlya-testirovaniya-i-generacii-koda-v-asp-net-core","materials":[],"subCategory":""},{"title":"Использование MiniProfiler в ASP.NET Core","originTitle":"Using MiniProfiler in ASP.NET Core","url":"https://coursehunter.net/course/ispolzovanie-miniprofiler-v-asp-net-core","materials":[],"subCategory":""},{"title":"Serilog Enrichers: получение общей информации в записях логов","originTitle":"Serilog Enrichers: Getting Common Information into Log Entries","url":"https://coursehunter.net/course/serilog-enrichers-poluchenie-obshchey-informacii-v-zapisyah-logov","materials":[],"subCategory":""},{"title":"Маршрутизация записей логов Serilog с фильтрами и форматерами","originTitle":"Routing Serilog Log Entries with Filters and Formatters","url":"https://coursehunter.net/course/marshrutizaciya-zapisey-logov-serilog-s-filtrami-i-formaterami","materials":[],"subCategory":""},{"title":"Эффективное ведение логов в ASP.NET Core","originTitle":"Effective Logging in ASP.NET Core","url":"https://coursehunter.net/course/effektivnoe-vedenie-logov-v-asp-net-core","materials":[],"subCategory":""},{"title":"Разработка приложения ASP.NET Core MVC для модульной тестируемости","originTitle":"Architecting an ASP.NET Core MVC Application for Unit Testability","url":"https://coursehunter.net/course/razrabotka-prilozheniya-asp-net-core-mvc-dlya-modulnoy-testiruemosti","materials":[],"subCategory":""},{"title":"Изучите параллельное программирование на C# и .NET","originTitle":"Learn Parallel Programming with C# and .NET","url":"https://coursehunter.net/course/izuchite-parallelnoe-programmirovanie-na-c-i-net","materials":[],"subCategory":""},{"title":"C# Асинхронное программирование","originTitle":"C# Асинхронное программирование","url":"https://coursehunter.net/course/c-asinhronnoe-programmirovanie","materials":[],"subCategory":""},{"title":"C# Unity разработка 3D: Научитесь программировать создавая игры","originTitle":"Complete C# Unity Developer 3D: Learn to Code Making Games","url":"https://coursehunter.net/course/c-unity-razrabotka-3d-nauchites-programirovat-sozdavaya-igry","materials":[],"subCategory":""},{"title":"C# Unity разработка 2D: Научитесь програмировать создавая игры","originTitle":"Complete C# Unity Developer 2D: Learn to Code Making Games","url":"https://coursehunter.net/course/c-unity-razrabotka-2d-nauchites-programirovat-sozdavaya-igry","materials":[],"subCategory":""},{"title":"Программирование на C# для начинающих: практический подход","originTitle":"C# Programming for Beginners:Practical Applications Approach","url":"https://coursehunter.net/course/programmirovanie-na-c-dlya-nachinayushchih-prakticheskiy-podhod","materials":[],"subCategory":""},{"title":"C# Intermediate Programming: Решения прикладных задач","originTitle":"C# Intermediate Programming : Applications Driven Approach","url":"https://coursehunter.net/course/c-intermediate-programming-resheniya-prikladnyh-zadach","materials":[],"subCategory":""},{"title":"Алгоритмы и структуры данных - Обновленный","originTitle":"Алгоритмы и структуры данных - Обновленный","url":"https://coursehunter.net/course/algoritmy-i-struktury-dannyh-obnovlennyy","materials":[],"subCategory":""},{"title":"Изучение C# от новичка до профи","originTitle":"Изучение C# от новичка до профи","url":"https://coursehunter.net/course/izuchenie-c-ot-novichka-do-profi","materials":[],"subCategory":""},{"title":"Specification Pattern в C#","originTitle":"Specification Pattern in C#","url":"https://coursehunter.net/course/specification-pattern-v-c","materials":[],"subCategory":""},{"title":"[Книга] Unity в действии. Мультиплатформенная разработка на C#. 2-е межд. издание","originTitle":"Unity в действии. Мультиплатформенная разработка на C#. 2-е межд. издание","url":"https://coursehunter.net/course/kniga-unity-v-deystvii-multiplatformennaya-razrabotka-na-c-2-e-mezhd-izdanie","materials":[],"subCategory":""},{"title":"C# Intermediate: классы, интерфейсы и ООП","originTitle":"C# Intermediate: Classes, Interfaces and Object-oriented Programming","url":"https://coursehunter.net/course/c-intermediate-klassy-interfeysy-i-oop","materials":[],"subCategory":""},{"title":"Чистый код и рефакторинг","originTitle":"Clean Coding and Refactoring","url":"https://coursehunter.net/course/chistyy-kod-i-refaktoring","materials":[],"subCategory":""},{"title":"Entity Framework 6 в глубине","originTitle":"Entity Framework 6 in Depth","url":"https://coursehunter.net/course/entity-framework-6-v-glubine","materials":[],"subCategory":""},{"title":"Xamarin Forms: создание нативных мобильных приложений с C#","originTitle":"Xamarin Forms: Build Native Mobile Apps with C#","url":"https://coursehunter.net/course/xamarin-forms-sozdanie-nativnyh-mobilnyh-prilozheniy-s-c","materials":[],"subCategory":""},{"title":"How to C# Professional","originTitle":"How to C# Professional","url":"https://coursehunter.net/course/how-to-c-professional","materials":[],"subCategory":""},{"title":"Boomberman Часть I и Часть II","originTitle":"Boomberman Часть I и Часть II","url":"https://coursehunter.net/course/boomberman-chast-i","materials":[],"subCategory":""},{"title":"Основы C# для начинающих: изучение основ C# на практике","originTitle":"C# Basics for Beginners: Learn C# Fundamentals by Coding","url":"https://coursehunter.net/course/osnovy-c-dlya-nachinayushchih-izuchenie-osnov-c-na-praktike","materials":[],"subCategory":""},{"title":"C# Light - Программирование для начинающих - Записи занятий","originTitle":"C# Light - Программирование для начинающих - Записи занятий","url":"https://coursehunter.net/course/c-light-programmirovanie-dlya-nachinayushchih-zapisi-zanyatiy","materials":[],"subCategory":""},{"title":"Модульное тестирование (Unit testing) для C# разработчиков","originTitle":"Unit Testing for C# Developers","url":"https://coursehunter.net/course/modulnoe-testirovanie-unit-testing-dlya-c-razrabotchikov","materials":[],"subCategory":""},{"title":"C# - Полное руководство для разработчиков","originTitle":"The Complete C# Developer Course","url":"https://coursehunter.net/course/c-polnoe-rukovodstvo-dlya-razrabotchikov","materials":[],"subCategory":""},{"title":"Разработка пользовательского графического интерфейса (GUI) на C# под Android","originTitle":"Разработка пользовательского графического интерфейса (GUI) на C# под Android","url":"https://coursehunter.net/course/itvdn-gui-android","materials":[],"subCategory":""},{"title":"Продвинутые структуры данных и алгоритмы в С#","originTitle":"Advanced Data Structures and Algorithms in C#","url":"https://coursehunter.net/course/udemy-datastruct-and-algorithm-in-csharp","materials":[],"subCategory":""},{"title":"Продвинутые структуры данных и алгоритмы в C# (3)","originTitle":"Advanced data structures and algorithms in C#","url":"https://coursehunter.net/course/udemy-adv-csharp","materials":[],"subCategory":""},{"title":"C# (C Sharp) на примерах из GTA 5","originTitle":"C# на примерах из GTA 5","url":"https://coursehunter.net/course/itvdn-csharp-gta5","materials":[],"subCategory":""},{"title":"Проектирование API в C # (C Sharp)","originTitle":"Designing Fluent APIs in C#","url":"https://coursehunter.net/course/api-csharp","materials":[],"subCategory":""}]}