{"title":"Firebase","url":"https://coursehunter.net/backend/firebase","courses":[{"title":"Firebase + React","originTitle":"Firebase + React","url":"https://coursehunter.net/course/fm-firebase-react","materials":["https://vs1.coursehunter.net/fm-firebase-react/lesson1.webm","https://vs1.coursehunter.net/fm-firebase-react/lesson2.webm","https://vs1.coursehunter.net/fm-firebase-react/lesson3.webm","https://vs1.coursehunter.net/fm-firebase-react/lesson4.webm","https://vs1.coursehunter.net/fm-firebase-react/lesson5.webm","https://vs1.coursehunter.net/fm-firebase-react/lesson6.webm","https://vs1.coursehunter.net/fm-firebase-react/lesson7.webm","https://vs1.coursehunter.net/fm-firebase-react/lesson8.webm","https://vs1.coursehunter.net/fm-firebase-react/lesson9.webm","https://vs1.coursehunter.net/fm-firebase-react/lesson10.webm","https://vs1.coursehunter.net/fm-firebase-react/lesson11.webm","https://vs1.coursehunter.net/fm-firebase-react/lesson12.webm","https://vs1.coursehunter.net/fm-firebase-react/lesson13.webm","https://vs1.coursehunter.net/fm-firebase-react/lesson14.webm","https://vs1.coursehunter.net/fm-firebase-react/lesson15.webm","https://vs1.coursehunter.net/fm-firebase-react/lesson16.webm","https://vs1.coursehunter.net/fm-firebase-react/lesson17.webm","https://vs1.coursehunter.net/fm-firebase-react/lesson18.webm","https://vs1.coursehunter.net/fm-firebase-react/lesson19.webm","https://vs1.coursehunter.net/fm-firebase-react/lesson20.webm","https://vs1.coursehunter.net/fm-firebase-react/lesson21.webm","https://vs1.coursehunter.net/fm-firebase-react/lesson22.webm","https://vs1.coursehunter.net/fm-firebase-react/lesson23.webm","https://vs1.coursehunter.net/fm-firebase-react/lesson24.webm","https://vs1.coursehunter.net/fm-firebase-react/lesson25.webm","https://vs1.coursehunter.net/fm-firebase-react/lesson26.webm","https://vs1.coursehunter.net/fm-firebase-react/lesson27.webm","https://vs1.coursehunter.net/fm-firebase-react/lesson28.webm","https://vs1.coursehunter.net/fm-firebase-react/lesson29.webm","https://vs1.coursehunter.net/fm-firebase-react/lesson30.webm","https://vs1.coursehunter.net/fm-firebase-react/lesson31.webm","https://vs1.coursehunter.net/fm-firebase-react/lesson32.webm","https://vs1.coursehunter.net/fm-firebase-react/lesson33.webm","https://vs1.coursehunter.net/fm-firebase-react/lesson34.webm","https://vs1.coursehunter.net/fm-firebase-react/lesson35.webm"],"subCategory":""},{"title":"Firebase Мастер-класс","originTitle":"Firebase Masterclass","url":"https://coursehunter.net/course/firebase-master-klass","materials":["https://vs3.coursehunter.net/udemy-fbmc/code.zip"],"subCategory":""},{"title":"Angular 8 Firebase курс (проект)","originTitle":"The Angular Firebase Project Course","url":"https://coursehunter.net/course/angular-8-firebase-kurs-proekt","materials":[],"subCategory":""},{"title":"Gatsby JS и Firebase: создание гибридных и статических сайтов","originTitle":"Gatsby JS & Firebase: Build hybrid realtime + static sites","url":"https://coursehunter.net/course/gatsby-js-i-firebase-sozdanie-gibridnyh-i-staticheskih-saytov","materials":[],"subCategory":""},{"title":"Firebase c React, v2","originTitle":"Firebase with React, v2","url":"https://coursehunter.net/course/firebase-c-react-v2","materials":[],"subCategory":""},{"title":"Создайте Slack чат с помощью React, Redux и Firebase","originTitle":"Build a Slack Chat App with React, Redux, and Firebase","url":"https://coursehunter.net/course/sozdayte-slack-chat-s-pomoshchyu-react-redux-i-firebase","materials":[],"subCategory":""},{"title":"Full-Stack Firebase","originTitle":"Full-Stack Firebase","url":"https://coursehunter.net/course/full-stack-firebase","materials":[],"subCategory":""},{"title":"Настольные приложения с Angular, Firestore и Electron","originTitle":"Desktop apps with Angular, Firestore and Electron","url":"https://coursehunter.net/course/nastolnye-prilozheniya-s-angular-firestore-i-electron","materials":[],"subCategory":""},{"title":"Vue.js + Vuetify + Firebase Project","originTitle":"Vue.js + Vuetify + Firebase Project","url":"https://coursehunter.net/course/vue-js-vuetify-firebase-project","materials":[],"subCategory":""},{"title":"Создаем Product Hunt с помощью ReactJS и Firebase","originTitle":"Build Product Hunt with ReactJS and Firebase","url":"https://coursehunter.net/course/sozdayte-hunt-s-pomoshchyu-reactjs-i-firebase","materials":[],"subCategory":""},{"title":"Создаем MVP с помощью AngularJS и Firebase. Клон TaskRabbit","originTitle":"Build an MVP with AngularJS + Firebase by cloning TaskRabbit","url":"https://coursehunter.net/course/sozdayte-mvp-s-pomoshchyu-angularjs-firebase-taskrabbit","materials":[],"subCategory":""}]}