{"title":"Golang (Google Go)","url":"https://coursehunter.net/backend/google-go","courses":[{"title":"Golang (Google go)","originTitle":"Golang (Google go)","url":"https://coursehunter.net/course/google-go","materials":["https://vs1.coursehunter.net/google_go/lesson1.mp4","https://vs1.coursehunter.net/google_go/lesson2.mp4","https://vs1.coursehunter.net/google_go/lesson3.mp4","https://vs1.coursehunter.net/google_go/lesson4.mp4","https://vs1.coursehunter.net/google_go/lesson5.mp4","https://vs1.coursehunter.net/google_go/lesson6.mp4","https://vs1.coursehunter.net/google_go/lesson7.mp4","https://vs1.coursehunter.net/google_go/lesson8.mp4","https://vs1.coursehunter.net/google_go/lesson9.mp4","https://vs1.coursehunter.net/google_go/lesson10.mp4","https://vs1.coursehunter.net/google_go/lesson11.mp4","https://vs1.coursehunter.net/google_go/lesson12.mp4","https://vs1.coursehunter.net/google_go/lesson13.mp4","https://vs1.coursehunter.net/google_go/lesson14.mp4","https://vs1.coursehunter.net/google_go/lesson15.mp4","https://vs1.coursehunter.net/google_go/lesson16.mp4","https://vs1.coursehunter.net/google_go/lesson17.mp4","https://vs1.coursehunter.net/google_go/lesson18.mp4","https://vs1.coursehunter.net/google_go/lesson19.mp4","https://vs1.coursehunter.net/google_go/lesson20.mp4","https://vs1.coursehunter.net/google_go/lesson21.mp4","https://vs1.coursehunter.net/google_go/lesson22.mp4","https://vs1.coursehunter.net/google_go/lesson23.mp4","https://vs1.coursehunter.net/google_go/lesson24.mp4","https://vs1.coursehunter.net/google_go/lesson25.mp4","https://vs1.coursehunter.net/google_go/lesson26.mp4","https://vs1.coursehunter.net/google_go/lesson27.mp4","https://vs1.coursehunter.net/google_go/lesson28.mp4","https://vs1.coursehunter.net/google_go/lesson29.mp4","https://vs1.coursehunter.net/google_go/lesson30.mp4","https://vs1.coursehunter.net/google_go/lesson31.mp4","https://vs1.coursehunter.net/google_go/lesson32.mp4","https://vs1.coursehunter.net/google_go/lesson33.mp4","https://vs1.coursehunter.net/google_go/lesson34.mp4","https://vs1.coursehunter.net/google_go/lesson35.mp4","https://vs1.coursehunter.net/google_go/lesson36.mp4","https://vs1.coursehunter.net/google_go/lesson37.mp4","https://vs1.coursehunter.net/google_go/lesson38.mp4","https://vs1.coursehunter.net/google_go/lesson39.mp4","https://vs1.coursehunter.net/google_go/lesson40.mp4","https://vs1.coursehunter.net/google_go/lesson41.mp4","https://vs1.coursehunter.net/google_go/lesson42.mp4","https://vs1.coursehunter.net/google_go/lesson43.mp4","https://vs1.coursehunter.net/google_go/lesson44.mp4","https://vs1.coursehunter.net/google_go/lesson45.mp4","https://vs1.coursehunter.net/google_go/lesson46.mp4","https://vs1.coursehunter.net/google_go/lesson47.mp4","https://vs1.coursehunter.net/google_go/lesson48.mp4","https://vs1.coursehunter.net/google_go/lesson49.mp4","https://vs1.coursehunter.net/google_go/lesson50.mp4","https://vs1.coursehunter.net/google_go/lesson51.mp4","https://vs1.coursehunter.net/google_go/lesson52.mp4","https://vs1.coursehunter.net/google_go/lesson53.mp4","https://vs1.coursehunter.net/google_go/lesson54.mp4","https://vs1.coursehunter.net/google_go/lesson55.mp4","https://vs1.coursehunter.net/google_go/lesson56.mp4","https://vs1.coursehunter.net/google_go/lesson57.mp4","https://vs1.coursehunter.net/google_go/lesson58.mp4","https://vs1.coursehunter.net/google_go/lesson59.mp4","https://vs1.coursehunter.net/google_go/lesson60.mp4","https://vs1.coursehunter.net/google_go/lesson61.mp4","https://vs1.coursehunter.net/google_go/lesson62.mp4","https://vs1.coursehunter.net/google_go/lesson63.mp4","https://vs1.coursehunter.net/google_go/lesson64.mp4","https://vs1.coursehunter.net/google_go/lesson65.mp4","https://vs1.coursehunter.net/google_go/lesson66.mp4","https://vs1.coursehunter.net/google_go/lesson67.mp4","https://vs1.coursehunter.net/google_go/lesson68.mp4","https://vs1.coursehunter.net/google_go/lesson69.mp4","https://vs1.coursehunter.net/google_go/lesson70.mp4","https://vs1.coursehunter.net/google_go/lesson71.mp4","https://vs1.coursehunter.net/google_go/lesson72.mp4","https://vs1.coursehunter.net/google_go/lesson73.mp4","https://vs1.coursehunter.net/google_go/lesson74.mp4","https://vs1.coursehunter.net/google_go/lesson75.mp4","https://vs1.coursehunter.net/google_go/lesson76.mp4","https://vs1.coursehunter.net/google_go/lesson77.mp4","https://vs1.coursehunter.net/google_go/lesson78.mp4","https://vs1.coursehunter.net/google_go/lesson79.mp4","https://vs1.coursehunter.net/google_go/lesson80.mp4","https://vs1.coursehunter.net/google_go/lesson81.mp4","https://vs1.coursehunter.net/google_go/lesson81.mp4","https://vs1.coursehunter.net/google_go/lesson83.mp4","https://vs1.coursehunter.net/google_go/lesson84.mp4","https://vs1.coursehunter.net/google_go/lesson85.mp4","https://vs1.coursehunter.net/google_go/lesson86.mp4","https://vs1.coursehunter.net/google_go/lesson87.mp4","https://vs1.coursehunter.net/google_go/lesson88.mp4","https://vs1.coursehunter.net/google_go/lesson89.mp4","https://vs1.coursehunter.net/google_go/lesson90.mp4","https://vs1.coursehunter.net/google_go/lesson91.mp4","https://vs1.coursehunter.net/google_go/lesson92.mp4","https://vs1.coursehunter.net/google_go/lesson93.mp4","https://vs1.coursehunter.net/google_go/lesson94.mp4","https://vs1.coursehunter.net/google_go/lesson95.mp4","https://vs1.coursehunter.net/google_go/lesson96.mp4","https://vs1.coursehunter.net/google_go/lesson97.mp4","https://vs1.coursehunter.net/google_go/lesson98.mp4","https://vs1.coursehunter.net/google_go/lesson99.mp4","https://vs1.coursehunter.net/google_go/lesson100.mp4","https://vs1.coursehunter.net/google_go/lesson101.mp4","https://vs1.coursehunter.net/google_go/lesson102.mp4","https://vs1.coursehunter.net/google_go/lesson103.mp4","https://vs1.coursehunter.net/google_go/lesson104.mp4","https://vs1.coursehunter.net/google_go/lesson105.mp4","https://vs1.coursehunter.net/google_go/lesson106.mp4","https://vs1.coursehunter.net/google_go/lesson107.mp4","https://vs1.coursehunter.net/google_go/lesson108.mp4","https://vs1.coursehunter.net/google_go/lesson109.mp4","https://vs1.coursehunter.net/google_go/lesson110.mp4","https://vs1.coursehunter.net/google_go/lesson111.mp4","https://vs1.coursehunter.net/google_go/lesson112.mp4","https://vs1.coursehunter.net/google_go/lesson113.mp4","https://vs1.coursehunter.net/google_go/lesson114.mp4","https://vs1.coursehunter.net/google_go/lesson115.mp4","https://vs1.coursehunter.net/google_go/lesson116.mp4","https://vs1.coursehunter.net/google_go/lesson117.mp4","https://vs1.coursehunter.net/google_go/lesson118.mp4","https://vs1.coursehunter.net/google_go/lesson119.mp4","https://vs1.coursehunter.net/google_go/lesson120.mp4","https://vs1.coursehunter.net/google_go/lesson121.mp4","https://vs1.coursehunter.net/google_go/lesson122.mp4","https://vs1.coursehunter.net/google_go/lesson123.mp4","https://vs1.coursehunter.net/google_go/lesson124.mp4","https://vs1.coursehunter.net/google_go/lesson125.mp4","https://vs1.coursehunter.net/google_go/lesson126.mp4","https://vs1.coursehunter.net/google_go/lesson127.mp4","https://vs1.coursehunter.net/google_go/lesson128.mp4","https://vs1.coursehunter.net/google_go/lesson129.mp4","https://vs1.coursehunter.net/google_go/lesson130.mp4","https://vs1.coursehunter.net/google_go/lesson131.mp4","https://vs1.coursehunter.net/google_go/lesson132.mp4"],"subCategory":""},{"title":"Go: Полное руководство разработчика (Golang)","originTitle":"Go: The Complete Developer's Guide (Golang)","url":"https://coursehunter.net/course/go-polnoe-rukovodstvo-razrabotchika-golang","materials":["https://vs1.coursehunter.net/udemy-sg-golang/code.zip"],"subCategory":""},{"title":"Совместная работа и сканирования с языком Google Go (Golang)","originTitle":"Collaboration and Crawling W/ Google's Go (Golang) Language","url":"https://coursehunter.net/course/sovmestnaya-rabota-i-skanirovaniya-s-yazykom-google-go-golang","materials":[],"subCategory":""},{"title":"Mastering Go Programming","originTitle":"Mastering Go Programming","url":"https://coursehunter.net/course/mastering-go-programming","materials":[],"subCategory":""},{"title":"Разработчик Golang (Часть 1-2)","originTitle":"Разработчик Golang","url":"https://coursehunter.net/course/razrabotchik-golang","materials":[],"subCategory":""},{"title":"Модульное, интеграционное и функциональное тестирование в Golang (Go)","originTitle":"Unit, integration and functional Testing in Golang (Go)","url":"https://coursehunter.net/course/modulnoe-integracionnoe-i-funkcionalnoe-testirovanie-v-golang-go","materials":[],"subCategory":""},{"title":"Golang - полное руководство по микросервисам в Go [часть 1]","originTitle":"Golang - The ultimate guide to microservices in Go [Part 1]","url":"https://coursehunter.net/course/golang-polnoe-rukovodstvo-po-mikroservisam-v-go-chast-1","materials":[],"subCategory":""},{"title":"ПУТЬ ОБУЧЕНИЯ: Go: продвижение в веб-разработку с Go","originTitle":"LEARNING PATH: Go: Advancing into Web Development with Go","url":"https://coursehunter.net/course/put-obucheniya-go-prodvizhenie-v-veb-razrabotku-s-go","materials":[],"subCategory":""},{"title":"Go: Полное руководство разработчика по Golang: 4-в-1","originTitle":"Go: The Complete Developer's Guide to Golang: 4-in-1","url":"https://coursehunter.net/course/go-polnoe-rukovodstvo-razrabotchika-po-golang-4-v-1","materials":[],"subCategory":""},{"title":"Научитесь Программировать: язык программирования Google Go (golang)","originTitle":"Learn How To Code: Google's Go (golang) Programming Language","url":"https://coursehunter.net/course/nauchites-programmirovat-yazyk-programmirovaniya-google-go-golang","materials":[],"subCategory":""},{"title":"Узнайте, как писать на языке программирования Google Go (golang)","originTitle":"Learn How To Code: Google’s Go (golang) Programming Language","url":"https://coursehunter.net/course/uznayte-kak-pisat-na-yazyke-programmirovaniya-google-go-golang","materials":[],"subCategory":""},{"title":"Веб-разработка на языке программирования Google Go (golang)","originTitle":"Web Development with Google’s Go Programming Language (golang)","url":"https://coursehunter.net/course/veb-razrabotka-na-yazyke-programmirovaniya-google-go-golang","materials":[],"subCategory":""},{"title":"Освойте Hyperledger Чейнкод Разработку используя GoLang","originTitle":"Mastering Hyperledger Chaincode Development using GoLang","url":"https://coursehunter.net/course/osvoyte-hyperledger-cheynkod-razrabotku-ispolzuya-golang","materials":[],"subCategory":""},{"title":"Тестирование с Go","originTitle":"Testing with Go","url":"https://coursehunter.net/course/testirovanie-s-go","materials":[],"subCategory":""},{"title":"gRPC [Golang] Мастер-класс: создание современных API и микросервисов","originTitle":"gRPC [Golang] Master Class: Build Modern API & Microservices","url":"https://coursehunter.net/course/grpc-golang-master-klass-sozdanie-sovremennyh-api-i-mikroservisov","materials":[],"subCategory":""},{"title":"Golang","originTitle":"Golang","url":"https://coursehunter.net/course/golang","materials":[],"subCategory":""},{"title":"Научитесь создавать веб-приложения с помощью Go","originTitle":"Learn to Create Web Applications using Go","url":"https://coursehunter.net/course/nauchites-sozdavat-veb-prilozheniya-s-pomoshchyu-go","materials":[],"subCategory":""},{"title":"Go: Полноценный Bootcamp (Golang)","originTitle":"Go (Golang): The Complete Bootcamp (Updated: September 2019)","url":"https://coursehunter.net/course/go-polnocennyy-bootcamp-golang","materials":[],"subCategory":""},{"title":"End to End Go: 3 в 1","originTitle":"End to End Go: 3 in 1","url":"https://coursehunter.net/course/end-to-end-go-3-v-1","materials":[],"subCategory":""},{"title":"Go (Golang): Программирование на примерах","originTitle":"Go Programming by Example (Golang)","url":"https://coursehunter.net/course/go-golang-programmirovanie-na-primerah","materials":[],"subCategory":""},{"title":"Постройте RESTful API с Golang (Go)","originTitle":"Build a RESTful API with Golang (Go) programming language","url":"https://coursehunter.net/course/postroyte-restful-api-s-golang-go","materials":[],"subCategory":""},{"title":"Создание реальных приложений  | React Js, Golang и RethinkDB","originTitle":"Build Realtime Apps | React Js, Golang & RethinkDB","url":"https://coursehunter.net/course/sozdanie-realnyh-prilozheniy-react-js-golang-i-rethinkdb","materials":[],"subCategory":""},{"title":"Мастер-класс по Google Golang","originTitle":"Google Golang Masterclass","url":"https://coursehunter.net/course/master-klass-po-google-golang","materials":[],"subCategory":""},{"title":"Введение в классические шаблоны в Go","originTitle":"Introduction to Go Classical Patterns","url":"https://coursehunter.net/course/packt-inttogo","materials":[],"subCategory":""},{"title":"Создание веб-приложений используя Go","originTitle":"Creating Web Applications with Go","url":"https://coursehunter.net/course/pluralsight-webappgo","materials":[],"subCategory":""},{"title":"Ввод в Golang","originTitle":"On Track With Golang","url":"https://coursehunter.net/course/codeschool-golang","materials":[],"subCategory":""}]}