{"title":"Java","url":"https://coursehunter.net/backend/java","courses":[{"title":"Волшебство IntelliJ с Хайнцем Кабуцем","originTitle":"IntelliJ Wizardry with Heinz Kabutz","url":"https://coursehunter.net/course/volshebstvo-intellij-s-hayncem-kabucem","materials":["https://vs3.coursehunter.net/jseu-iwwhkn/lesson1.mp4","https://vs3.coursehunter.net/jseu-iwwhkn/lesson2.mp4","https://vs3.coursehunter.net/jseu-iwwhkn/lesson3.mp4","https://vs3.coursehunter.net/jseu-iwwhkn/lesson4.mp4","https://vs3.coursehunter.net/jseu-iwwhkn/lesson5.mp4","https://vs3.coursehunter.net/jseu-iwwhkn/lesson6.mp4","https://vs3.coursehunter.net/jseu-iwwhkn/lesson7.mp4","https://vs3.coursehunter.net/jseu-iwwhkn/lesson8.mp4","https://vs3.coursehunter.net/jseu-iwwhkn/lesson9.mp4","https://vs3.coursehunter.net/jseu-iwwhkn/lesson10.mp4","https://vs3.coursehunter.net/jseu-iwwhkn/lesson11.mp4","https://vs3.coursehunter.net/jseu-iwwhkn/lesson12.mp4","https://vs3.coursehunter.net/jseu-iwwhkn/lesson13.mp4","https://vs3.coursehunter.net/jseu-iwwhkn/lesson14.mp4","https://vs3.coursehunter.net/jseu-iwwhkn/lesson15.mp4","https://vs3.coursehunter.net/jseu-iwwhkn/lesson16.mp4","https://vs3.coursehunter.net/jseu-iwwhkn/lesson17.mp4","https://vs3.coursehunter.net/jseu-iwwhkn/lesson18.mp4","https://vs3.coursehunter.net/jseu-iwwhkn/lesson19.mp4","https://vs3.coursehunter.net/jseu-iwwhkn/lesson20.mp4","https://vs3.coursehunter.net/jseu-iwwhkn/lesson21.mp4","https://vs3.coursehunter.net/jseu-iwwhkn/lesson22.mp4","https://vs3.coursehunter.net/jseu-iwwhkn/lesson23.mp4","https://vs3.coursehunter.net/jseu-iwwhkn/lesson24.mp4","https://vs3.coursehunter.net/jseu-iwwhkn/lesson25.mp4","https://vs3.coursehunter.net/jseu-iwwhkn/lesson26.mp4","https://vs3.coursehunter.net/jseu-iwwhkn/lesson27.mp4","https://vs3.coursehunter.net/jseu-iwwhkn/lesson28.mp4","https://vs3.coursehunter.net/jseu-iwwhkn/lesson29.mp4","https://vs3.coursehunter.net/jseu-iwwhkn/lesson30.mp4","https://vs3.coursehunter.net/jseu-iwwhkn/lesson31.mp4","https://vs3.coursehunter.net/jseu-iwwhkn/lesson32.mp4","https://vs3.coursehunter.net/jseu-iwwhkn/lesson33.mp4","https://vs3.coursehunter.net/jseu-iwwhkn/lesson34.mp4","https://vs3.coursehunter.net/jseu-iwwhkn/lesson35.mp4","https://vs3.coursehunter.net/jseu-iwwhkn/lesson36.mp4","https://vs3.coursehunter.net/jseu-iwwhkn/lesson37.mp4","https://vs3.coursehunter.net/jseu-iwwhkn/lesson38.mp4","https://vs3.coursehunter.net/jseu-iwwhkn/lesson39.mp4","https://vs3.coursehunter.net/jseu-iwwhkn/lesson40.mp4"],"subCategory":""},{"title":"JAVAGR8","originTitle":"JAVAGR8","url":"https://coursehunter.net/course/java-gr8","materials":["https://vs1.coursehunter.net/javagr8/lesson121.mp4","https://vs1.coursehunter.net/javagr8/lesson122.mp4","https://vs1.coursehunter.net/javagr8/lesson123.mp4","https://vs1.coursehunter.net/javagr8/lesson1.mp4","https://vs1.coursehunter.net/javagr8/lesson2.mp4","https://vs1.coursehunter.net/javagr8/lesson5.mp4","https://vs1.coursehunter.net/javagr8/lesson6.mp4","https://vs1.coursehunter.net/javagr8/lesson7.mp4","https://vs1.coursehunter.net/javagr8/lesson8.mp4","https://vs1.coursehunter.net/javagr8/lesson9.mp4","https://vs1.coursehunter.net/javagr8/lesson10.mp4","https://vs1.coursehunter.net/javagr8/lesson11.mp4","https://vs1.coursehunter.net/javagr8/lesson12.mp4","https://vs1.coursehunter.net/javagr8/lesson13.mp4","https://vs1.coursehunter.net/javagr8/lesson14.mp4","https://vs1.coursehunter.net/javagr8/lesson15.mp4","https://vs1.coursehunter.net/javagr8/lesson16.mp4","https://vs1.coursehunter.net/javagr8/lesson17.mp4","https://vs1.coursehunter.net/javagr8/lesson18.mp4","https://vs1.coursehunter.net/javagr8/lesson19.mp4","https://vs1.coursehunter.net/javagr8/lesson20.mp4","https://vs1.coursehunter.net/javagr8/lesson21.mp4","https://vs1.coursehunter.net/javagr8/lesson22.mp4","https://vs1.coursehunter.net/javagr8/lesson23.mp4","https://vs1.coursehunter.net/javagr8/lesson24.mp4","https://vs1.coursehunter.net/javagr8/lesson25.mp4","https://vs1.coursehunter.net/javagr8/lesson26.mp4","https://vs1.coursehunter.net/javagr8/lesson27.mp4","https://vs1.coursehunter.net/javagr8/lesson28.mp4","https://vs1.coursehunter.net/javagr8/lesson29.mp4","https://vs1.coursehunter.net/javagr8/lesson30.mp4","https://vs1.coursehunter.net/javagr8/lesson31.mp4","https://vs1.coursehunter.net/javagr8/lesson32.mp4","https://vs1.coursehunter.net/javagr8/lesson33.mp4","https://vs1.coursehunter.net/javagr8/lesson34.mp4","https://vs1.coursehunter.net/javagr8/lesson35.mp4","https://vs1.coursehunter.net/javagr8/lesson36.mp4","https://vs1.coursehunter.net/javagr8/lesson37.mp4","https://vs1.coursehunter.net/javagr8/lesson38.mp4","https://vs1.coursehunter.net/javagr8/lesson39.mp4","https://vs1.coursehunter.net/javagr8/lesson40.mp4","https://vs1.coursehunter.net/javagr8/lesson41.mp4","https://vs1.coursehunter.net/javagr8/lesson42.mp4","https://vs1.coursehunter.net/javagr8/lesson43.mp4","https://vs1.coursehunter.net/javagr8/lesson44.mp4","https://vs1.coursehunter.net/javagr8/lesson45.mp4","https://vs1.coursehunter.net/javagr8/lesson46.mp4","https://vs1.coursehunter.net/javagr8/lesson47.mp4","https://vs1.coursehunter.net/javagr8/lesson48.mp4","https://vs1.coursehunter.net/javagr8/lesson49.mp4","https://vs1.coursehunter.net/javagr8/lesson50.mp4","https://vs1.coursehunter.net/javagr8/lesson51.mp4","https://vs1.coursehunter.net/javagr8/lesson52.mp4","https://vs1.coursehunter.net/javagr8/lesson53.mp4","https://vs1.coursehunter.net/javagr8/lesson54.mp4","https://vs1.coursehunter.net/javagr8/lesson55.mp4","https://vs1.coursehunter.net/javagr8/lesson56.mp4","https://vs1.coursehunter.net/javagr8/lesson57.mp4","https://vs1.coursehunter.net/javagr8/lesson58.mp4","https://vs1.coursehunter.net/javagr8/lesson59.mp4","https://vs1.coursehunter.net/javagr8/lesson60.mp4","https://vs1.coursehunter.net/javagr8/lesson61.mp4","https://vs1.coursehunter.net/javagr8/lesson62.mp4","https://vs1.coursehunter.net/javagr8/lesson63.mp4","https://vs1.coursehunter.net/javagr8/lesson64.mp4","https://vs1.coursehunter.net/javagr8/lesson65.mp4","https://vs1.coursehunter.net/javagr8/lesson66.mp4","https://vs1.coursehunter.net/javagr8/lesson67.mp4","https://vs1.coursehunter.net/javagr8/lesson68.mp4","https://vs1.coursehunter.net/javagr8/lesson69.mp4","https://vs1.coursehunter.net/javagr8/lesson70.mp4","https://vs1.coursehunter.net/javagr8/lesson71.mp4","https://vs1.coursehunter.net/javagr8/lesson72.mp4","https://vs1.coursehunter.net/javagr8/lesson73.mp4","https://vs1.coursehunter.net/javagr8/lesson74.mp4","https://vs1.coursehunter.net/javagr8/lesson75.mp4","https://vs1.coursehunter.net/javagr8/lesson76.mp4","https://vs1.coursehunter.net/javagr8/lesson77.mp4","https://vs1.coursehunter.net/javagr8/lesson78.mp4","https://vs1.coursehunter.net/javagr8/lesson79.mp4","https://vs1.coursehunter.net/javagr8/lesson80.mp4","https://vs1.coursehunter.net/javagr8/lesson81.mp4","https://vs1.coursehunter.net/javagr8/lesson82.mp4","https://vs1.coursehunter.net/javagr8/lesson83.mp4","https://vs1.coursehunter.net/javagr8/lesson84.mp4","https://vs1.coursehunter.net/javagr8/lesson85.mp4","https://vs1.coursehunter.net/javagr8/lesson86.mp4","https://vs1.coursehunter.net/javagr8/lesson87.mp4","https://vs1.coursehunter.net/javagr8/lesson88.mp4","https://vs1.coursehunter.net/javagr8/lesson89.mp4","https://vs1.coursehunter.net/javagr8/lesson90.mp4","https://vs1.coursehunter.net/javagr8/lesson91.mp4","https://vs1.coursehunter.net/javagr8/lesson92.mp4","https://vs1.coursehunter.net/javagr8/lesson93.mp4","https://vs1.coursehunter.net/javagr8/lesson94.mp4","https://vs1.coursehunter.net/javagr8/lesson95.mp4","https://vs1.coursehunter.net/javagr8/lesson96.mp4","https://vs1.coursehunter.net/javagr8/lesson97.mp4","https://vs1.coursehunter.net/javagr8/lesson98.mp4","https://vs1.coursehunter.net/javagr8/lesson99.mp4","https://vs1.coursehunter.net/javagr8/lesson100.mp4","https://vs1.coursehunter.net/javagr8/lesson101.mp4","https://vs1.coursehunter.net/javagr8/lesson102.mp4","https://vs1.coursehunter.net/javagr8/lesson103.mp4","https://vs1.coursehunter.net/javagr8/lesson104.mp4","https://vs1.coursehunter.net/javagr8/lesson105.mp4","https://vs1.coursehunter.net/javagr8/lesson106.mp4","https://vs1.coursehunter.net/javagr8/lesson107.mp4","https://vs1.coursehunter.net/javagr8/lesson108.mp4","https://vs1.coursehunter.net/javagr8/lesson109.mp4","https://vs1.coursehunter.net/javagr8/lesson110.mp4","https://vs1.coursehunter.net/javagr8/lesson111.mp4","https://vs1.coursehunter.net/javagr8/lesson112.mp4","https://vs1.coursehunter.net/javagr8/lesson113.mp4","https://vs1.coursehunter.net/javagr8/lesson114.mp4","https://vs1.coursehunter.net/javagr8/lesson115.mp4","https://vs1.coursehunter.net/javagr8/lesson116.mp4","https://vs1.coursehunter.net/javagr8/lesson117.mp4","https://vs1.coursehunter.net/javagr8/lesson118.mp4","https://vs1.coursehunter.net/javagr8/lesson119.mp4","https://vs1.coursehunter.net/javagr8/lesson120.mp4"],"subCategory":""},{"title":"Java (Джава) для начинающих: с нуля до сертификата Oracle","originTitle":"Java (Джава) для начинающих: с нуля до сертификата Oracle","url":"https://coursehunter.net/course/java-dzhava-dlya-nachinayushchih-s-nulya-do-sertifikata-oracle","materials":["https://vs2.coursehunter.net/udemy-ru-java-zero-to-cert-oracle/lesson1.mp4","https://vs2.coursehunter.net/udemy-ru-java-zero-to-cert-oracle/lesson2.mp4","https://vs2.coursehunter.net/udemy-ru-java-zero-to-cert-oracle/lesson3.mp4","https://vs2.coursehunter.net/udemy-ru-java-zero-to-cert-oracle/lesson4.mp4","https://vs2.coursehunter.net/udemy-ru-java-zero-to-cert-oracle/lesson5.mp4","https://vs2.coursehunter.net/udemy-ru-java-zero-to-cert-oracle/lesson6.mp4","https://vs2.coursehunter.net/udemy-ru-java-zero-to-cert-oracle/lesson7.mp4","https://vs2.coursehunter.net/udemy-ru-java-zero-to-cert-oracle/lesson8.mp4","https://vs2.coursehunter.net/udemy-ru-java-zero-to-cert-oracle/lesson9.mp4","https://vs2.coursehunter.net/udemy-ru-java-zero-to-cert-oracle/lesson10.mp4","https://vs2.coursehunter.net/udemy-ru-java-zero-to-cert-oracle/lesson11.mp4","https://vs2.coursehunter.net/udemy-ru-java-zero-to-cert-oracle/lesson12.mp4","https://vs2.coursehunter.net/udemy-ru-java-zero-to-cert-oracle/lesson13.mp4","https://vs2.coursehunter.net/udemy-ru-java-zero-to-cert-oracle/lesson14.mp4","https://vs2.coursehunter.net/udemy-ru-java-zero-to-cert-oracle/lesson15.mp4","https://vs2.coursehunter.net/udemy-ru-java-zero-to-cert-oracle/lesson16.mp4","https://vs2.coursehunter.net/udemy-ru-java-zero-to-cert-oracle/lesson17.mp4","https://vs2.coursehunter.net/udemy-ru-java-zero-to-cert-oracle/lesson18.mp4","https://vs2.coursehunter.net/udemy-ru-java-zero-to-cert-oracle/lesson19.mp4","https://vs2.coursehunter.net/udemy-ru-java-zero-to-cert-oracle/lesson20.mp4","https://vs2.coursehunter.net/udemy-ru-java-zero-to-cert-oracle/lesson21.mp4","https://vs2.coursehunter.net/udemy-ru-java-zero-to-cert-oracle/lesson22.mp4","https://vs2.coursehunter.net/udemy-ru-java-zero-to-cert-oracle/lesson23.mp4","https://vs2.coursehunter.net/udemy-ru-java-zero-to-cert-oracle/lesson24.mp4","https://vs2.coursehunter.net/udemy-ru-java-zero-to-cert-oracle/lesson25.mp4","https://vs2.coursehunter.net/udemy-ru-java-zero-to-cert-oracle/lesson26.mp4","https://vs2.coursehunter.net/udemy-ru-java-zero-to-cert-oracle/lesson27.mp4","https://vs2.coursehunter.net/udemy-ru-java-zero-to-cert-oracle/lesson28.mp4","https://vs2.coursehunter.net/udemy-ru-java-zero-to-cert-oracle/lesson29.mp4","https://vs2.coursehunter.net/udemy-ru-java-zero-to-cert-oracle/lesson30.mp4","https://vs2.coursehunter.net/udemy-ru-java-zero-to-cert-oracle/lesson31.mp4","https://vs2.coursehunter.net/udemy-ru-java-zero-to-cert-oracle/lesson32.mp4","https://vs2.coursehunter.net/udemy-ru-java-zero-to-cert-oracle/lesson33.mp4","https://vs2.coursehunter.net/udemy-ru-java-zero-to-cert-oracle/lesson34.mp4","https://vs2.coursehunter.net/udemy-ru-java-zero-to-cert-oracle/lesson35.mp4","https://vs2.coursehunter.net/udemy-ru-java-zero-to-cert-oracle/lesson36.mp4","https://vs2.coursehunter.net/udemy-ru-java-zero-to-cert-oracle/lesson37.mp4","https://vs2.coursehunter.net/udemy-ru-java-zero-to-cert-oracle/lesson38.mp4","https://vs2.coursehunter.net/udemy-ru-java-zero-to-cert-oracle/lesson39.mp4","https://vs2.coursehunter.net/udemy-ru-java-zero-to-cert-oracle/lesson40.mp4"],"subCategory":""},{"title":"Развертывание приложений Java Spring Online в Amazon Cloud (AWS)","originTitle":"Deploy Java Spring Apps Online to Amazon Cloud (AWS)","url":"https://coursehunter.net/course/razvertyvanie-prilozheniy-java-spring-online-v-amazon-cloud-aws","materials":[],"subCategory":""},{"title":"Full Stack: Angular и Spring Boot","originTitle":"Full Stack: Angular and Spring Boot","url":"https://coursehunter.net/course/full-stack-angular-i-spring-boot","materials":[],"subCategory":""},{"title":"RESTful сервисы на SpringBoot + JavaFX","originTitle":"SPRING BOOT ДЛЯ НАЧИНАЮЩИХ + RESTFUL СЕРВИСЫ НА SPRING","url":"https://coursehunter.net/course/restful-servisy-na-springboot-javafx","materials":[],"subCategory":""},{"title":"Онлайн библиотека на Spring Boot","originTitle":"Онлайн библиотека на Spring (v. 2.0)","url":"https://coursehunter.net/course/onlayn-biblioteka-na-spring-boot","materials":[],"subCategory":""},{"title":"Тотальная безопасность со Spring Security","originTitle":"ОСНОВЫ SPRING SECURITY + ДОП. УРОКИ ПО SSL И HTTPS","url":"https://coursehunter.net/course/totalnaya-bezopasnost-so-spring-security","materials":[],"subCategory":""},{"title":"Веб разработка на Spring MVC","originTitle":"SPRING MVC ДЛЯ НАЧИНАЮЩИХ","url":"https://coursehunter.net/course/veb-razrabotka-na-spring-mvc","materials":[],"subCategory":""},{"title":"Основы Spring Framework","originTitle":"Основы Spring Framework","url":"https://coursehunter.net/course/osnovy-spring-framework","materials":[],"subCategory":""},{"title":"Производительность приложений Java и управление памятью","originTitle":"Java Application Performance and Memory Management","url":"https://coursehunter.net/course/proizvoditelnost-prilozheniy-java-i-upravlenie-pamyatyu","materials":[],"subCategory":""},{"title":"Высокая производительность Java Persistence","originTitle":"High-Performance Java Persistence - Mach 2","url":"https://coursehunter.net/course/vysokaya-proizvoditelnost-java-persistence","materials":[],"subCategory":""},{"title":"Устранение утечек памяти Java","originTitle":"Solving Java Memory Leaks Live Class 2019-02-04","url":"https://coursehunter.net/course/ustranenie-utechek-pamyati-java","materials":[],"subCategory":""},{"title":"Паттерны проектирования в Java - Курс 2011 года","originTitle":"Java Design Patterns Course (2011 Edition)","url":"https://coursehunter.net/course/patterny-proektirovaniya-v-java-kurs-2011-goda","materials":[],"subCategory":""},{"title":"JavaSpecialists Советы и хитрости 2010-2017","originTitle":"JavaSpecialists Tips and Tricks 2010-2017","url":"https://coursehunter.net/course/javaspecialists-sovety-i-hitrosti-2010-2017","materials":[],"subCategory":""},{"title":"Курс специалиста по параллелизму","originTitle":"Concurrency Specialist Course","url":"https://coursehunter.net/course/kurs-specialista-po-parallelizmu","materials":[],"subCategory":""},{"title":"Создайте свой собственный CircularArrayList менее чем за 34 минуты","originTitle":"Build Your Own CircularArrayList In Under 34 Minutes","url":"https://coursehunter.net/course/sozdayte-svoy-sobstvennyy-circulararraylist-menee-chem-za-34-minuty","materials":[],"subCategory":""},{"title":"Основы Многопоточности","originTitle":"Threading Essentials","url":"https://coursehunter.net/course/osnovy-mnogopotochnosti","materials":[],"subCategory":""},{"title":"Биты и Байты","originTitle":"Bits&Bytes","url":"https://coursehunter.net/course/bity-i-bayty","materials":[],"subCategory":""},{"title":"Spring","originTitle":"Spring","url":"https://coursehunter.net/course/spring","materials":[],"subCategory":""},{"title":"Структуры данных и алгоритмы: часть 3","originTitle":"The Ultimate Data Structures & Algorithms: Part 3","url":"https://coursehunter.net/course/struktury-dannyh-i-algoritmy-chast-3","materials":[],"subCategory":""},{"title":"Руководство по сертификационному экзамену Spring Professional - Модуль 03","originTitle":"Spring Professional Certification Exam Tutorial - Module 03","url":"https://coursehunter.net/course/rukovodstvo-po-sertifikacionnomu-ekzamenu-spring-professional-modul-03","materials":[],"subCategory":""},{"title":"Руководство по сертификационному экзамену Spring Professional - Модуль 02","originTitle":"Spring Professional Certification Exam Tutorial - Module 02","url":"https://coursehunter.net/course/rukovodstvo-po-sertifikacionnomu-ekzamenu-spring-professional-modul-02","materials":[],"subCategory":""},{"title":"Руководство по сертификационному экзамену Spring Professional - Модуль 01","originTitle":"Spring Professional Certification Exam Tutorial - Module 01","url":"https://coursehunter.net/course/rukovodstvo-po-sertifikacionnomu-ekzamenu-spring-professional-modul-01","materials":[],"subCategory":""},{"title":"Полный стек с Spring Boot и React","originTitle":"Go Full Stack with Spring Boot and React","url":"https://coursehunter.net/course/polnyy-stek-s-spring-boot-i-react","materials":[],"subCategory":""},{"title":"Полный курс электронной коммерции - Java, Spring, Hibernate и MySQL","originTitle":"Complete E-Commerce Course - Java,Spring,Hibernate and MySQL","url":"https://coursehunter.net/course/polnyy-kurs-elektronnoy-kommercii-java-spring-hibernate-i-mysql","materials":[],"subCategory":""},{"title":"Scala Applied, часть 3","originTitle":"Scala Applied, Part 3","url":"https://coursehunter.net/course/scala-applied-chast-3","materials":[],"subCategory":""},{"title":"Scala Applied, часть 2","originTitle":"Scala Applied, Part 2","url":"https://coursehunter.net/course/scala-applied-chast-2","materials":[],"subCategory":""},{"title":"Scala Applied, часть 1","originTitle":"Scala Applied, Part 1","url":"https://coursehunter.net/course/scala-applied-chast-1","materials":[],"subCategory":""},{"title":"Scala Advanced, часть 2 - лучшие практики, Async, сериализация","originTitle":"Scala Advanced, Part 2 - Best Practices, Async, Serializing","url":"https://coursehunter.net/course/scala-advanced-chast-2-luchshie-praktiki-async-serializaciya","materials":[],"subCategory":""},{"title":"Scala Advanced, часть 1 - Система типов Scala","originTitle":"Scala Advanced, Part 1 - The Scala Type System","url":"https://coursehunter.net/course/scala-advanced-chast-1-sistema-tipov-scala","materials":[],"subCategory":""},{"title":"Java Сервлет, JSP и Hibernate: создание полноценного веб-сайта","originTitle":"Java Servlet, JSP and Hibernate: Build a Complete Website","url":"https://coursehunter.net/course/java-servlet-jsp-i-hibernate-sozdanie-polnocennogo-veb-sayta","materials":[],"subCategory":""},{"title":"Углубленное изучение Java: станьте инженером Java!","originTitle":"Java In-Depth: Become a Complete Java Engineer!","url":"https://coursehunter.net/course/uglublennoe-izuchenie-java-stante-inzhenerom-java","materials":[],"subCategory":""},{"title":"Научитесь программировать на Java с помощью анимации","originTitle":"Learn programming in Java with the power of Animation","url":"https://coursehunter.net/course/nauchites-programmirovat-na-java-s-pomoshchyu-animacii","materials":[],"subCategory":""},{"title":"Курс Java EE - создание приложения Java EE с нуля","originTitle":"The Java EE Course - build a Java EE app from scratch","url":"https://coursehunter.net/course/kurs-java-ee-sozdanie-prilozheniya-java-ee-s-nulya","materials":[],"subCategory":""},{"title":"JAVA EE УЧИМ ВМЕСТЕ","originTitle":"JAVA EE УЧИМ ВМЕСТЕ","url":"https://coursehunter.net/course/java-ee-uchim-vmeste","materials":[],"subCategory":""},{"title":"JAVA УЧИМ ВМЕСТЕ","originTitle":"JAVA УЧИМ ВМЕСТЕ","url":"https://coursehunter.net/course/java-uchim-vmeste","materials":[],"subCategory":""},{"title":"JPA УЧИМ ВМЕСТЕ","originTitle":"JPA УЧИМ ВМЕСТЕ","url":"https://coursehunter.net/course/jpa-uchim-vmeste","materials":[],"subCategory":""},{"title":"HIBERNATE УЧИМ ВМЕСТЕ","originTitle":"HIBERNATE УЧИМ ВМЕСТЕ","url":"https://coursehunter.net/course/hibernate-uchim-vmeste","materials":[],"subCategory":""},{"title":"GOF ПАТТЕРНЫ JAVA (ENG)","originTitle":"GOF DESIGN PATTERNS IN JAVA","url":"https://coursehunter.net/course/gof-patterny-java-eng","materials":[],"subCategory":""},{"title":"GOF ПАТТЕРНЫ JAVA УЧИМ ВМЕСТЕ","originTitle":"GOF ПАТТЕРНЫ JAVA УЧИМ ВМЕСТЕ","url":"https://coursehunter.net/course/gof-patterny-java-uchim-vmeste","materials":[],"subCategory":""},{"title":"Transmogrifier: Java NIO и Non-Blocking IO","originTitle":"Transmogrifier: Java NIO and Non-Blocking IO","url":"https://coursehunter.net/course/transmogrifier-java-nio-i-non-blocking-io","materials":[],"subCategory":""},{"title":"Рефакторинг до Java 8 (Streams и Lambdas) - Воркшоп для самообучения","originTitle":"Refactoring to Java 8 Streams and Lambdas Online Self- Study Workshop","url":"https://coursehunter.net/course/refaktoring-do-java-8-streams-i-lambdas-vorkshop-dlya-samoobucheniya","materials":[],"subCategory":""},{"title":"Структуры данных и алгоритмы: часть 2","originTitle":"The Ultimate Data Structures & Algorithms: Part 2","url":"https://coursehunter.net/course/struktury-dannyh-i-algoritmy-chast-2","materials":[],"subCategory":""},{"title":"Heinz's Happy Hour Webinar - Сезон 03","originTitle":"Heinz's Happy Hour Webinar Season 03","url":"https://coursehunter.net/course/heinz-s-happy-hour-webinar-sezon-03","materials":[],"subCategory":""},{"title":"Heinz's Happy Hour Webinar - Сезон 02","originTitle":"Heinz's Happy Hour Webinar Season 02","url":"https://coursehunter.net/course/heinz-s-happy-hour-webinar-sezon-02","materials":[],"subCategory":""},{"title":"Heinz's Happy Hour Webinar - Сезон 01","originTitle":"Heinz's Happy Hour Webinar Season 01","url":"https://coursehunter.net/course/heinz-s-happy-hour-webinar-sezon-01","materials":[],"subCategory":""},{"title":"Extreme Java - производительность параллелизма (Java параллелизм на практике)","originTitle":"Extreme Java - Concurrency Performance","url":"https://coursehunter.net/course/extreme-java-proizvoditelnost-parallelizma-java-parallelizm-na-praktike","materials":[],"subCategory":""},{"title":"Структуры данных в Java","originTitle":"Data Structures in Java","url":"https://coursehunter.net/course/struktury-dannyh-v-java","materials":[],"subCategory":""},{"title":"Освоение потоков в Java","originTitle":"Mastering Threads","url":"https://coursehunter.net/course/osvoenie-potokov-v-java","materials":[],"subCategory":""},{"title":"Extreme Java - продвинутые темы","originTitle":"Extreme Java - Advanced Topics","url":"https://coursehunter.net/course/extreme-java-prodvinutye-temy","materials":[],"subCategory":""},{"title":"Паттерны (шаблоны проектирования) Java","originTitle":"Java Design Patterns","url":"https://coursehunter.net/course/patterny-shablony-proektirovaniya-java","materials":[],"subCategory":""},{"title":"Структуры данных и алгоритмы: часть 1","originTitle":"Data Structures & Algorithms: Part 1","url":"https://coursehunter.net/course/struktury-dannyh-i-algoritmy-chast-1","materials":[],"subCategory":""},{"title":"Создание реактивных RESTFUL API с использованием Spring Boot / WebFlux","originTitle":"Build Reactive RESTFUL APIs using Spring Boot/WebFlux","url":"https://coursehunter.net/course/sozdanie-reaktivnyh-restful-api-s-ispolzovaniem-spring-boot-webflux","materials":[],"subCategory":""},{"title":"Веб-сервисы RESTful, Java, Spring Boot, Spring MVC и JPA","originTitle":"RESTful Web Services, Java, Spring Boot, Spring MVC and JPA","url":"https://coursehunter.net/course/veb-servisy-restful-java-spring-boot-spring-mvc-i-jpa","materials":[],"subCategory":""},{"title":"Структуры данных и алгоритмы!","originTitle":"Data Structures & Algorithms !","url":"https://coursehunter.net/course/struktury-dannyh-i-algoritmy","materials":[],"subCategory":""},{"title":"Продвинутые паттерны проектирования в Java","originTitle":"Experience Design Patterns In Java","url":"https://coursehunter.net/course/prodvinutye-patterny-proektirovaniya-v-java","materials":[],"subCategory":""},{"title":"Spring Boot Microservices и Spring Cloud","originTitle":"Spring Boot Microservices and Spring Cloud","url":"https://coursehunter.net/course/spring-boot-microservices-i-spring-cloud","materials":[],"subCategory":""},{"title":"Scala Essential","originTitle":"Scala Essential","url":"https://coursehunter.net/course/scala-essential","materials":[],"subCategory":""},{"title":"Изучите Spring 5 и Spring Boot 2","originTitle":"Learn Spring 5 and Spring Boot 2","url":"https://coursehunter.net/course/izuchite-spring-5-i-spring-boot-2","materials":[],"subCategory":""},{"title":"Ultimate Java. Часть 2. Объектно-ориентированное программирование","originTitle":"Ultimate Java Part 2: Object-oriented Programming","url":"https://coursehunter.net/course/ultimate-java-chast-2-obektno-orientirovannoe-programmirovanie","materials":[],"subCategory":""},{"title":"Ultimate Java часть 1: основы","originTitle":"Ultimate Java Part 1: Fundamentals","url":"https://coursehunter.net/course/ultimate-java-chast-1-osnovy","materials":[],"subCategory":""},{"title":"Начало работы с Dropwizard","originTitle":"Getting started with Dropwizard","url":"https://coursehunter.net/course/nachalo-raboty-s-dropwizard","materials":[],"subCategory":""},{"title":"JSF 2.2 - Java Server Faces для начинающих - Создание БД приложения","originTitle":"JSF 2.2 - Java Server Faces for Beginners - Build a DB App","url":"https://coursehunter.net/course/jsf-2-2-java-server-faces-dlya-nachinayushchih-sozdanie-bd-prilozheniya","materials":[],"subCategory":""},{"title":"Docker для разработчиков Java","originTitle":"Docker for Java Developers","url":"https://coursehunter.net/course/docker-dlya-razrabotchikov-java","materials":[],"subCategory":""},{"title":"JVM! Akka Serialization со Scala","originTitle":"Rock the JVM! Akka Serialization with Scala","url":"https://coursehunter.net/course/jvm-akka-serialization-so-scala","materials":[],"subCategory":""},{"title":"Изучите Spring Security: Мастер-класс","originTitle":"Learn Spring Security: The Master Class","url":"https://coursehunter.net/course/izuchite-spring-security-master-klass","materials":[],"subCategory":""},{"title":"Java Non-Blocking IO c Java. NIO и шаблонами проектирования","originTitle":"Java Non-Blocking IO with Java.NIO and Design Patterns","url":"https://coursehunter.net/course/java-non-blocking-io-c-java-nio-i-shablonami-proektirovaniya","materials":[],"subCategory":""},{"title":"Тестирование Spring Boot: начинающий гуру","originTitle":"Testing Spring Boot: Beginner to Guru","url":"https://coursehunter.net/course/testirovanie-spring-boot-nachinayushchiy-guru","materials":[],"subCategory":""},{"title":"Spring Framework 5: начинающий гуру","originTitle":"Spring Framework 5: Beginner to Guru","url":"https://coursehunter.net/course/spring-framework-5-nachinayushchiy-guru","materials":[],"subCategory":""},{"title":"Микросервисы с Spring Cloud - Практическое Руководство","originTitle":"Microservices with Spring Cloud","url":"https://coursehunter.net/course/mikroservisy-s-spring-cloud-prakticheskoe-rukovodstvo","materials":[],"subCategory":""},{"title":"JVM! Akka Streams с Scala","originTitle":"Rock the JVM! Akka Streams with Scala","url":"https://coursehunter.net/course/jvm-akka-streams-s-scala","materials":[],"subCategory":""},{"title":"JVM! Akka Persistence с Scala","originTitle":"Rock the JVM! Akka Persistence with Scala","url":"https://coursehunter.net/course/jvm-akka-persistence-s-scala","materials":[],"subCategory":""},{"title":"JVM! Akka HTTP с Scala","originTitle":"Rock the JVM! Akka HTTP with Scala","url":"https://coursehunter.net/course/jvm-akka-http-s-scala","materials":[],"subCategory":""},{"title":"JVM! Основы Akka с Scala","originTitle":"Rock the JVM! Akka Essentials with Scala","url":"https://coursehunter.net/course/jvm-osnovy-akka-s-scala","materials":[],"subCategory":""},{"title":"Angular 7+ Микросервисы с Spring Boot и Spring Cloud","originTitle":"Angular 7 + Microservices with Spring Boot and Spring Cloud","url":"https://coursehunter.net/course/mikroservisy-angular-7-s-spring-boot-i-spring-cloud","materials":[],"subCategory":""},{"title":"SOLID принципы в Java","originTitle":"SOLID принципы в Java","url":"https://coursehunter.net/course/solid-principy-v-java","materials":[],"subCategory":""},{"title":"Андроид разработка с нуля до Junior + Java для начинающих","originTitle":"Андроид разработка с нуля до Junior + Java для начинающих","url":"https://coursehunter.net/course/android-razrabotka-s-nulya-do-junior-java-dlya-nachinayushchih","materials":[],"subCategory":""},{"title":"Курс по Java Best practice","originTitle":"Курс по Java Best practice","url":"https://coursehunter.net/course/kurs-po-java-best-practice","materials":[],"subCategory":""},{"title":"[Книга] Java Persistence with Hibernate","originTitle":"Java Persistence with Hibernate","url":"https://coursehunter.net/course/kniga-java-persistence-with-hibernate","materials":[],"subCategory":""},{"title":"[Книга] Spring 5 для профессионалов","originTitle":"Spring 5 для профессионалов","url":"https://coursehunter.net/course/kniga-spring-5-dlya-professionalov","materials":[],"subCategory":""},{"title":"Angular 4 Java-разработчики","originTitle":"Angular 4 Java Developers","url":"https://coursehunter.net/course/angular-4-java-razrabotchiki","materials":[],"subCategory":""},{"title":"JVM! Advanced Scala и Функциональное Программирование","originTitle":"Rock the JVM! Advanced Scala and Functional Programming","url":"https://coursehunter.net/course/jvm-advanced-scala-i-funkcionalnoe-programmirovanie","materials":[],"subCategory":""},{"title":"Мастер-класс по RxJava с MVVM для разработки под Android","originTitle":"RxJava Master Class with MVVM for Android Development","url":"https://coursehunter.net/course/master-klass-po-rxjava-s-mvvm-dlya-razrabotki-pod-android","materials":[],"subCategory":""},{"title":"Разработчик на Spring Framework","originTitle":"Разработчик на Spring Framework","url":"https://coursehunter.net/course/razrabotchik-na-spring-framework","materials":[],"subCategory":""},{"title":"JVM! Scala и функциональное программирование для начинающих","originTitle":"Rock the JVM! Scala and Functional Programming for Beginners","url":"https://coursehunter.net/course/jvm-scala-i-funkcionalnoe-programmirovanie-dlya-nachinayushchih","materials":[],"subCategory":""},{"title":"Основы Java SE - HTTP Server","originTitle":"Основы Java SE - HTTP Server","url":"https://coursehunter.net/course/osnovy-java-se-http-server","materials":[],"subCategory":""},{"title":"Сервис кэширования данных - JMemcached","originTitle":"Сервис кэширования данных - JMemcached","url":"https://coursehunter.net/course/servis-keshirovaniya-dannyh-jmemcached","materials":[],"subCategory":""},{"title":"Рефакторинг Web приложения - IShop","originTitle":"Рефакторинг Web приложения - IShop","url":"https://coursehunter.net/course/refaktoring-web-prilozheniya-ishop","materials":[],"subCategory":""},{"title":"Web приложение - IShop","originTitle":"Web приложение - IShop","url":"https://coursehunter.net/course/web-prilozhenie-ishop","materials":[],"subCategory":""},{"title":"Web приложение - My Blog","originTitle":"Web приложение - My Blog","url":"https://coursehunter.net/course/web-prilozhenie-my-blog","materials":[],"subCategory":""},{"title":"Web приложение - My Resume","originTitle":"Web приложение - My Resume","url":"https://coursehunter.net/course/web-prilozhenie-my-resume","materials":[],"subCategory":""},{"title":"Корпоративное приложение Myphotos","originTitle":"Корпоративное приложение Myphotos","url":"https://coursehunter.net/course/korporativnoe-prilozhenie-myphotos","materials":[],"subCategory":""},{"title":"Основы программирования - Крестики-нолики (на примере Java)","originTitle":"Основы программирования - Крестики-нолики (на примере Java)","url":"https://coursehunter.net/course/osnovy-programmirovaniya-krestiki-noliki-na-primere-java","materials":[],"subCategory":""},{"title":"Движок HTML шаблонов Thymeleaf","originTitle":"Движок HTML шаблонов Thymeleaf","url":"https://coursehunter.net/course/dvizhok-html-shablonov-thymeleaf","materials":[],"subCategory":""},{"title":"Создайте свой REST API с помощью Spring 5","originTitle":"Build Your REST API with Spring﻿﻿﻿﻿﻿﻿ 5","url":"https://coursehunter.net/course/sozdayte-svoy-rest-api-s-pomoshchyu-spring-5","materials":[],"subCategory":""},{"title":"Структуры данных и алгоритмы: глубокое погружение с использованием Java","originTitle":"Data Structures and Algorithms: Deep Dive Using Java","url":"https://coursehunter.net/course/struktury-dannyh-i-algoritmy-glubokoe-pogruzhenie-s-ispolzovaniem-java","materials":[],"subCategory":""},{"title":"Java. От простого к сложному.","originTitle":"Java. От простого к сложному.","url":"https://coursehunter.net/course/java-ot-prostogo-k-slozhnomu","materials":[],"subCategory":""},{"title":"Эксперт - программист Java (1-3 Уровень)","originTitle":"Эксперт - программист Java (1-3 Уровень)","url":"https://coursehunter.net/course/ekspert-programmist-java-1-3-uroven","materials":[],"subCategory":""},{"title":"Сертификация Oracle Java - Пройдите экзамен Associate 1Z0-808.","originTitle":"Oracle Java Certification - Pass the Associate 1Z0-808 Exam.","url":"https://coursehunter.net/course/sertifikaciya-oracle-java-proydite-ekzamen-associate-1z0-808","materials":[],"subCategory":""},{"title":"Разработка Web Services на платформе Java","originTitle":"Разработка Web Services на платформе Java","url":"https://coursehunter.net/course/razrabotka-web-services-na-platforme-java","materials":[],"subCategory":""},{"title":"Java: модульное программирование с Java 9: 2 в 1","originTitle":"Java: Modular Programming with Java 9: 2-in-1","url":"https://coursehunter.net/course/java-modulnoe-programmirovanie-s-java-9-2-v-1","materials":[],"subCategory":""},{"title":"Разработчик Java. Подготовительный курс","originTitle":"Разработчик Java. Подготовительный курс","url":"https://coursehunter.net/course/razrabotchik-java-podgotovitelnyy-kurs","materials":[],"subCategory":""},{"title":"Основы Java EE","originTitle":"Основы Java EE","url":"https://coursehunter.net/course/osnovy-java-ee","materials":[],"subCategory":""},{"title":"Java Professional v2","originTitle":"Java Professional","url":"https://coursehunter.net/course/java-professional-v2","materials":[],"subCategory":""},{"title":"Java Database Connectivity (JDBC)","originTitle":"Java Database Connectivity (JDBC)","url":"https://coursehunter.net/course/java-database-connectivity-jdbc","materials":[],"subCategory":""},{"title":"JDBC & Hibernate","originTitle":"JDBC & Hibernate","url":"https://coursehunter.net/course/jdbc-hibernate","materials":[],"subCategory":""},{"title":"Шаблоны проектирования в Java","originTitle":"Шаблоны проектирования в Java","url":"https://coursehunter.net/course/shablony-proektirovaniya-v-java","materials":[],"subCategory":""},{"title":"Spring и Hibernate для новичков (включая Spring Boot)","originTitle":"Spring & Hibernate for Beginners (includes Spring Boot)","url":"https://coursehunter.net/course/spring-i-hibernate-dlya-novichkov","materials":[],"subCategory":""},{"title":"Java: Многопоточность","originTitle":"Java: Многопоточность","url":"https://coursehunter.net/course/java-mnogopotochnost","materials":[],"subCategory":""},{"title":"Продвинутая Java","originTitle":"Продвинутая Java","url":"https://coursehunter.net/course/prodvinutaya-java","materials":[],"subCategory":""},{"title":"Java для веб-сервисов","originTitle":"Java для веб-сервисов","url":"https://coursehunter.net/course/java-dlya-veb-servisov","materials":[],"subCategory":""},{"title":"Java для веб-сервисов Amazon (AWS)","originTitle":"Java для веб-сервисов Amazon (AWS)","url":"https://coursehunter.net/course/java-dlya-veb-servisov-amazon-aws","materials":[],"subCategory":""},{"title":"Байт-код Java","originTitle":"Байт-код Java","url":"https://coursehunter.net/course/bayt-kod-java","materials":[],"subCategory":""},{"title":"Java Generics","originTitle":"Java Generics","url":"https://coursehunter.net/course/java-generics","materials":[],"subCategory":""},{"title":"Разработчик Java. Часть 4 из 5","originTitle":"Разработчик Java. Часть 4 из 5","url":"https://coursehunter.net/course/razrabotchik-java-chast-4-iz-5","materials":[],"subCategory":""},{"title":"Разработчик Java. Часть 3 из 5","originTitle":"Разработчик Java","url":"https://coursehunter.net/course/razrabotchik-java-chast-3-iz-5","materials":[],"subCategory":""},{"title":"Управление памятью в Java","originTitle":"Java Memory Management","url":"https://coursehunter.net/course/upravlenie-pamyatyu-v-java","materials":[],"subCategory":""},{"title":"Объектно-ориентированный дизайн (проектирование) в Java","originTitle":"Master Object Oriented Design in Java - Homework + Solutions","url":"https://coursehunter.net/course/obektno-orientirovannyy-proektirovanie-dizayn-v-java","materials":[],"subCategory":""},{"title":"Разработчик Java. Часть 2 из 5","originTitle":"Разработчик Java. Часть 2 из 5","url":"https://coursehunter.net/course/razrabotchik-java-chast-2-iz-5","materials":[],"subCategory":""},{"title":"Разработчик Java. Часть 1 из 5","originTitle":"Разработчик Java. Часть 1 из 5","url":"https://coursehunter.net/course/razrabotchik-java-chast-1-iz-5","materials":[],"subCategory":""},{"title":"How to Java Starter","originTitle":"How to Java Starter","url":"https://coursehunter.net/course/itvdn-how-to-java-starter","materials":[],"subCategory":""},{"title":"Java Professional","originTitle":"Java Professional","url":"https://coursehunter.net/course/itvdn-java-professional","materials":[],"subCategory":""},{"title":"Java Essential","originTitle":"Java Essential","url":"https://coursehunter.net/course/itvdn-java-essential","materials":[],"subCategory":""},{"title":"Java Starter","originTitle":"Java Starter","url":"https://coursehunter.net/course/itvdn-java-starter","materials":[],"subCategory":""},{"title":"Подготовка к собеседованию по Java","originTitle":"Java interview guide: 200+ interview questions and answers","url":"https://coursehunter.net/course/udemy-java-interview","materials":[],"subCategory":""},{"title":"Полный курс по Java 8","originTitle":"Complete Java SE 8 developer bootcamp","url":"https://coursehunter.net/course/udemy-java8-associate-exam","materials":[],"subCategory":""},{"title":"Мастер-класс Java для разработчиков программного обеспечения","originTitle":"Java Programming Masterclass for Software Developers","url":"https://coursehunter.net/course/udemy-java-masterclass","materials":[],"subCategory":""},{"title":"Spring Data для Java-разработчиков","originTitle":"Spring Data for Java Developers (Ангельский)","url":"https://coursehunter.net/course/oreilly-spring-data-for-java-developers","materials":[],"subCategory":""},{"title":"Реактивный Java 9","originTitle":"Reactive Java 9","url":"https://coursehunter.net/course/pakt-reactive-java9","materials":[],"subCategory":""},{"title":"Spring MVC Framework с настройкой на основе Java","originTitle":"Spring MVC Framework with Java Based Configuration","url":"https://coursehunter.net/course/udemy-spring-mvc-with-java-based-config","materials":[],"subCategory":""},{"title":"Spring MVC для разработчиков Java","originTitle":"Spring MVC for Java Developers","url":"https://coursehunter.net/course/oreilly-java-spring-mvc-for-java-dev","materials":[],"subCategory":""},{"title":"Создание веб-приложений с помощью Spring MVC","originTitle":"Building Web Applications with Spring MVC","url":"https://coursehunter.net/course/packtpub-building-web-apps-with-spring-mvc","materials":[],"subCategory":""},{"title":"Java EE: программирование сервлетов","originTitle":"Java EE: Programming Servlets","url":"https://coursehunter.net/course/pluralsight-java-ee-servlets","materials":[],"subCategory":""},{"title":"Инструменты сборки Java","originTitle":"Java Build Tools","url":"https://coursehunter.net/course/virtualpairprogrammers-java-build-tools","materials":[],"subCategory":""},{"title":"Java-профессионал за 60 дней","originTitle":"Java-профессионал за 60 дней","url":"https://coursehunter.net/course/borisov-java-professional-60-days","materials":[],"subCategory":""},{"title":"Java: Структуры данных","originTitle":"Java: Структуры данных","url":"https://coursehunter.net/course/hexle-java-structure","materials":[],"subCategory":""},{"title":"Введение в Java","originTitle":"Введение в Java","url":"https://coursehunter.net/course/hexlet-java-start","materials":[],"subCategory":""},{"title":"Java и Kubernetes","originTitle":"DevOps Engineer Course 2.0 - Java & Kubernetes","url":"https://coursehunter.net/course/Java-Kubernetes","materials":[],"subCategory":""},{"title":"Java servlets","originTitle":"Java Servlets and JSPs developer course","url":"https://coursehunter.net/course/javaservl","materials":[],"subCategory":""},{"title":"Полный курс Javа","originTitle":"The Complete Java Developer","url":"https://coursehunter.net/course/java-developer","materials":[],"subCategory":""},{"title":"Java","originTitle":"Java - Практическое приминение","url":"https://coursehunter.net/course/java","materials":[],"subCategory":""}]}