{"title":"Laravel","url":"https://coursehunter.net/backend/laravel","courses":[{"title":"Laravel как инструмент: на примере создания блога","originTitle":"Laravel как инструмент: на примере создания блога","url":"https://coursehunter.net/course/laravel-kak-instrument-na-primere-sozdaniya-bloga","materials":["https://vs1.coursehunter.net/merlin-dev-laravel-blog/code.zip"],"subCategory":""},{"title":"Мастер-класс по Laravel","originTitle":"Мастер-класс по Laravel","url":"https://coursehunter.net/course/master-klass-po-laravel","materials":["https://vs1.coursehunter.net/eliseev-laravel-master-class-new/code.zip"],"subCategory":""},{"title":"Разработка через тестирование Laravel","originTitle":"Test-Driven Laravel","url":"https://coursehunter.net/course/adamwathan-test-driven-laravel","materials":["https://vs1.coursehunter.net/adamwathan-test-driven-laravel/ticketbeast-master.zip"],"subCategory":""},{"title":"Создайте Laravel Scout Elasticsearch Driver","originTitle":"Create a Laravel Scout Elasticsearch Driver","url":"https://coursehunter.net/course/sozdayte-laravel-scout-elasticsearch-driver","materials":[],"subCategory":""},{"title":"Создание многошаговых форм с Laravel","originTitle":"Multistep forms with Laravel","url":"https://coursehunter.net/course/sozdanie-mnogoshagovyh-form-s-laravel","materials":[],"subCategory":""},{"title":"Nuxt.js + Laravel Authentication","originTitle":"Nuxt.js + Laravel Authentication","url":"https://coursehunter.net/course/nuxt-js-laravel-authentication","materials":[],"subCategory":""},{"title":"Забытый зал запроса жизненного цикла","originTitle":"The Forgotten Hall of the Request Life-Cycle","url":"https://coursehunter.net/course/zabytyy-zal-zaprosa-zhiznennogo-cikla","materials":[],"subCategory":""},{"title":"Комната Фасадов","originTitle":"The Chamber of Facades","url":"https://coursehunter.net/course/komnata-fasadov","materials":[],"subCategory":""},{"title":"Затерянный Eloquent храм гибели","originTitle":"The Lost Eloquent Temple of Doom","url":"https://coursehunter.net/course/zateryannyy-eloquent-hram-gibeli","materials":[],"subCategory":""},{"title":"Рейдеры Затерянного Сервисного Контейнера","originTitle":"Raiders of The Lost Service Container","url":"https://coursehunter.net/course/reydery-zateryannogo-servisnogo-konteynera","materials":[],"subCategory":""},{"title":"Королевство уведомлений","originTitle":"Kingdom Of Notifications","url":"https://coursehunter.net/course/korolevstvo-uvedomleniy","materials":[],"subCategory":""},{"title":"Уверенный Laravel - от отсутствия тестов до уверенных приложений","originTitle":"Confident Laravel - from no tests to confidently tested","url":"https://coursehunter.net/course/uverennyy-laravel-ot-otsutstviya-testov-do-uverennyh-prilozheniy","materials":[],"subCategory":""},{"title":"Laravel: PHPUnit тестирование для начинающих","originTitle":"Laravel: PHPUnit Testing for Beginners","url":"https://coursehunter.net/course/laravel-phpunit-testirovanie-dlya-nachinayushchih","materials":[],"subCategory":""},{"title":"[Книга] Создайте API с помощью Laravel","originTitle":"Build an API with Laravel","url":"https://coursehunter.net/course/kniga-sozdayte-api-s-pomoshchyu-laravel","materials":[],"subCategory":""},{"title":"Продвинутый Laravel и Vuejs - создаем клон Youtube","originTitle":"Advanced Laravel and Vuejs - Build a Youtube clone","url":"https://coursehunter.net/course/prodvinutyy-laravel-i-vuejs-sozdaem-klon-youtube","materials":[],"subCategory":""},{"title":"React с нуля с Laravel (создайте Twitter)","originTitle":"React from scratch with Laravel (build Twitter like Web App)","url":"https://coursehunter.net/course/react-s-nulya-s-laravel-sozdayte-twitter","materials":[],"subCategory":""},{"title":"Разработка Laravel API и Vue JS SPA с нуля","originTitle":"Laravel API Development & Vue JS SPA from Scratch","url":"https://coursehunter.net/course/razrabotka-laravel-api-i-vue-js-spa-s-nulya","materials":[],"subCategory":""},{"title":"RESTful API с помощью Laravel: создайте настоящий API с Laravel","originTitle":"RESTful API with Laravel: Build a real API with Laravel","url":"https://coursehunter.net/course/restful-api-s-pomoshchyu-laravel-sozdayte-nastoyashchiy-api-s-laravel","materials":[],"subCategory":""},{"title":"Создание счетов (Invoices) с помощью Laravel","originTitle":"Creating Invoices with Laravel","url":"https://coursehunter.net/course/sozdanie-schetov-invoices-s-pomoshchyu-laravel","materials":[],"subCategory":""},{"title":"Excel Export/Import с Laravel","originTitle":"Excel Export/Import with Laravel","url":"https://coursehunter.net/course/excel-export-import-s-laravel","materials":[],"subCategory":""},{"title":"Изучите Laravel PHP в 2019 году: для начинающих и опытных","originTitle":"Master Laravel PHP in 2019 for Beginners and Intermediate","url":"https://coursehunter.net/course/izuchite-laravel-php-v-2019-godu-dlya-nachinayushchih-i-opytnyh","materials":[],"subCategory":""},{"title":"Руководство по Laravel","originTitle":"The Laravel essential guide.","url":"https://coursehunter.net/course/rukovodstvo-po-laravel","materials":[],"subCategory":""},{"title":"Практический курс по Laravel","originTitle":"Практический курс по Laravel","url":"https://coursehunter.net/course/prakticheskiy-kurs-po-laravel","materials":[],"subCategory":""},{"title":"Laravel (2019): приложение портала вакансий с Laravel 5.8 и Vue js","originTitle":"Laravel(2019) : Job portal app with Laravel 5.8 and Vue js","url":"https://coursehunter.net/course/laravel-2019-prilozhenie-portala-vakansiy-s-laravel-5-8-i-vue-js","materials":[],"subCategory":""},{"title":"Лучший курс Laravel - учитесь от 0 до ниндзя с ReactJS","originTitle":"Finest Laravel Course - Learn from 0 to ninja with ReactJS","url":"https://coursehunter.net/course/luchshiy-kurs-laravel-uchites-ot-0-do-nindzya-s-reactjs","materials":[],"subCategory":""},{"title":"Постройте приложение Laravel с TDD","originTitle":"Build A Laravel App With TDD","url":"https://coursehunter.net/course/postroyte-prilozhenie-laravel-s-tdd","materials":[],"subCategory":""},{"title":"Nuxt JS с Laravel API - Создание приложений SSR Vue JS","originTitle":"Nuxt JS with Laravel API - Building SSR Vue JS Apps","url":"https://coursehunter.net/course/nuxt-js-s-laravel-api-sozdanie-prilozheniy-ssr-vue-js","materials":[],"subCategory":""},{"title":"Как структурировать проект Laravel","originTitle":"How to Structure Laravel Project","url":"https://coursehunter.net/course/kak-strukturirovat-proekt-laravel","materials":[],"subCategory":""},{"title":"Laravel - Узнайте, как создавать диаграммы с Vue.js и Laravel","originTitle":"Laravel - Learn How to Create Charts with Vue.js and Laravel","url":"https://coursehunter.net/course/laravel-uznayte-kak-sozdavat-diagrammy-s-vue-js-i-laravel","materials":[],"subCategory":""},{"title":"Laravel Eloquent: Экспертный уровень","originTitle":"Laravel Eloquent: Expert Level","url":"https://coursehunter.net/course/laravel-eloquent-ekspertnyy-uroven","materials":[],"subCategory":""},{"title":"Фильтрация в Laravel: Vue.js","originTitle":"Filtering in Laravel: Vue.js","url":"https://coursehunter.net/course/filtraciya-v-laravel-vue-js","materials":[],"subCategory":""},{"title":"Фильтрация в Laravel: Blade","originTitle":"Filtering in Laravel: Blade","url":"https://coursehunter.net/course/filtraciya-v-laravel-blade","materials":[],"subCategory":""},{"title":"Фильтры в Laravel","originTitle":"Filtering in Laravel","url":"https://coursehunter.net/course/filtry-v-laravel","materials":[],"subCategory":""},{"title":"Laravel Многопользовательские компоненты: Single database","originTitle":"Laravel multi-tenancy: Single database","url":"https://coursehunter.net/course/laravel-mnogopolzovatelskie-komponenty-single-database","materials":[],"subCategory":""},{"title":"SPA Форум с Pusher Laravel и Vuejs","originTitle":"Real Time Single Page Forum App with Pusher Laravel & vuejs","url":"https://coursehunter.net/course/spa-forum-s-pusher-laravel-i-vuejs","materials":[],"subCategory":""},{"title":"Строим e-commerce платформу","originTitle":"Build an e-commerce platform","url":"https://coursehunter.net/course/stroim-e-commerce-platformu","materials":[],"subCategory":""},{"title":"Laravel 5.7: Интернет-Магазин","originTitle":"Laravel 5.7 Ecommerce Shop","url":"https://coursehunter.net/course/laravel-5-7-internet-magazin","materials":[],"subCategory":""},{"title":"Full Stack веб-разработка с Laravel и Vue.js","originTitle":"Laravel and Vue.js - Fullstack Web Development (2019)","url":"https://coursehunter.net/course/full-stack-veb-razrabotka-s-laravel","materials":[],"subCategory":""},{"title":"Создайте приложение c ежемесячной подпиской с Laravel Cashier","originTitle":"Build a Monthly Subscription App with Laravel Cashier","url":"https://coursehunter.net/course/sozdayte-prilozhenie-c-ezhemesyachnoy-podpiskoy-s-laravel-cashier","materials":[],"subCategory":""},{"title":"Laravel Eloquent отношения","originTitle":"Laravel Eloquent Relationships","url":"https://coursehunter.net/course/laravel-eloquent-otnosheniya","materials":[],"subCategory":""},{"title":"Базы данных Laravel и Eloquent модели","originTitle":"Laravel Databases and Eloquent Models","url":"https://coursehunter.net/course/bazy-dannyh-laravel-i-eloquent-modeli","materials":[],"subCategory":""},{"title":"Маршрутизация (роутинг) Laravel","originTitle":"Laravel Routing","url":"https://coursehunter.net/course/marshrutizaciya-routing-laravel","materials":[],"subCategory":""},{"title":"Laravel: Шаблонизатор Blade","originTitle":"Laravel Templating with Blade","url":"https://coursehunter.net/course/laravel-shablonizator-blade","materials":[],"subCategory":""},{"title":"Фреймворк Laravel: быстрый старт для PHP-разработчика","originTitle":"Фреймворк Laravel: быстрый старт для PHP-разработчика","url":"https://coursehunter.net/course/freymvork-laravel-bystryy-start-dlya-php-razrabotchika","materials":[],"subCategory":""},{"title":"2018 Fullstack: Laravel 5.6 с QRCodes, API, Android / iOS","originTitle":"2018 Fullstack: Laravel 5.6 with QRCodes, APIs, Android/iOS","url":"https://coursehunter.net/course/2018-fullstack-laravel-5-6-s-qrcodes-api-android-ios","materials":[],"subCategory":""},{"title":"Курс Ultimate Advanced Laravel Pro (включая Vuejs)","originTitle":"The Ultimate Advanced Laravel Pro course (incl Vuejs)","url":"https://coursehunter.net/course/kurs-ultimate-advanced-laravel-pro-vklyuchaya-vuejs","materials":[],"subCategory":""},{"title":"Создание E-Commerce веб-сайта c Laravel","originTitle":"Build E-Commerce Website in Laravel","url":"https://coursehunter.net/course/sozdanie-e-commerce-veb-sayta-c-laravel","materials":[],"subCategory":""},{"title":"Приватный (один на одни) чат с Laravel, Vuejs и Pusher","originTitle":"Private (one to one) Chat App with Laravel Vuejs and Pusher","url":"https://coursehunter.net/course/privatnyy-odin-na-odni-chat-s-laravel-vuejs-i-pusher","materials":[],"subCategory":""},{"title":"Laravel приложение Система Управления Smart Expense","originTitle":"Laravel App Smart Expense keeping System","url":"https://coursehunter.net/course/laravel-prilozhenie-sistema-upravleniya-smart-expense","materials":[],"subCategory":""},{"title":"Laravel React CRUD/SPA Приложение за 2 часа","originTitle":"Laravel React CRUD/SPA APP in 2 hours","url":"https://coursehunter.net/course/laravel-react-crud-spa-prilozhenie-za-2-chasa","materials":[],"subCategory":""},{"title":"[Книга] [leanpub] Сборник уроков Laravel","originTitle":"[leanpub] A Collection of Laravel Tutorials","url":"https://coursehunter.net/course/kniga-leanpub-sbornik-urokov-laravel","materials":[],"subCategory":""},{"title":"Vue и Laravel - To-Do приложение - Restful API Проект","originTitle":"Vue and Laravel To-Do App - Restful API Project","url":"https://coursehunter.net/course/vue-i-laravel-to-do-prilozhenie-restful-api-proekt","materials":[],"subCategory":""},{"title":"Система бронирования в Laravel 5 с гибридной мобильной версией","originTitle":"Booking System in Laravel 5 With Hybrid Mobile Version","url":"https://coursehunter.net/course/sistema-bronirovaniya-v-laravel-5-s-gibridnoy-mobilnoy-versiey","materials":[],"subCategory":""},{"title":"Ultimate Laravel Курс 2018 (PayPal, Webshop, RESTful API)","originTitle":"Ultimate Laravel Course 2018 (PayPal, Webshop, RESTful API)","url":"https://coursehunter.net/course/ultimate-laravel-kurs-2018-paypal-webshop-restful-api","materials":[],"subCategory":""},{"title":"Видео курс Laravel","originTitle":"Видео курс Laravel","url":"https://coursehunter.net/course/video-kurs-laravel","materials":[],"subCategory":""},{"title":"Laravel с React JS - Создаем клон Twitter","originTitle":"Laravel with React JS - Build Twitter Like Real Time Web App","url":"https://coursehunter.net/course/laravel-s-react-js-sozdaem-klon-twitter","materials":[],"subCategory":""},{"title":"Давайте построим форум с Laravel и TDD","originTitle":"Let's Build A Forum with Laravel and TDD","url":"https://coursehunter.net/course/davayte-postroim-forum-s-laravel-i-tdd","materials":[],"subCategory":""},{"title":"Тестирование Laravel","originTitle":"Testing Laravel","url":"https://coursehunter.net/course/testirovanie-laravel","materials":[],"subCategory":""},{"title":"Личные сообщения c Laravel в режиме реального времени","originTitle":"Laravel real-time private messages","url":"https://coursehunter.net/course/lichnye-soobshcheniya-c-laravel-v-rezhime-realnogo-vremeni","materials":[],"subCategory":""},{"title":"Основы Laravel","originTitle":"Laravel Fundamentals","url":"https://coursehunter.net/course/osnovy-laravel","materials":[],"subCategory":""},{"title":"Социальная сеть, построенная с помощью Laravel и Bootstrap.","originTitle":"Social Network","url":"https://coursehunter.net/course/socialnaya-set-postroennaya-s-pomoshchyu-laravel-i-bootstrap","materials":[],"subCategory":""},{"title":"Создайте приложение стиля Twitter","originTitle":"Build a Twitter style application","url":"https://coursehunter.net/course/sozdayte-prilozhenie-stilya-twitter","materials":[],"subCategory":""},{"title":"Двухфакторная аутентификация с Laravel","originTitle":"Two Factor Authentication with Laravel","url":"https://coursehunter.net/course/dvuhfaktornaya-autentifikaciya-s-laravel","materials":[],"subCategory":""},{"title":"Разработка API с помощью Laravel","originTitle":"API Development with Laravel","url":"https://coursehunter.net/course/razrabotka-api-s-pomoshchyu-laravel","materials":[],"subCategory":""},{"title":"API Аутентификации  с Laravel passport","originTitle":"API Authentication with Laravel Passport","url":"https://coursehunter.net/course/autentifikaciya-api-s-pasportom-laravel","materials":[],"subCategory":""},{"title":"Компонент пагинации на Vue.js и Laravel","originTitle":"Paginated Vue Components with Laravel","url":"https://coursehunter.net/course/navigaciya-po-saytu","materials":[],"subCategory":""},{"title":"Делаем клон Youtube c Laravel","originTitle":"Laravel YouTube Clone","url":"https://coursehunter.net/course/delaem-klon-youtube-c-laravel","materials":[],"subCategory":""},{"title":"Связи (отношения) Eloquent на примерах","originTitle":"Eloquent By Example","url":"https://coursehunter.net/course/codecourse-eloquent-example","materials":[],"subCategory":""},{"title":"Создаем файловую площадку с помощью Laravel","originTitle":"Build a File Marketplace with Laravel","url":"https://coursehunter.net/course/codecourse-file-marketplace","materials":[],"subCategory":""},{"title":"Создаем Twitter-бота с Laravel","originTitle":"Build a Twitter Bot with Laravel","url":"https://coursehunter.net/course/codecourse-twitter-bot-laravel","materials":[],"subCategory":""},{"title":"Создаем красивый блог с Laravel","originTitle":"Build a beautiful blog with Laravel","url":"https://coursehunter.net/course/codecourse-laravel-blog","materials":[],"subCategory":""},{"title":"Разработка API с помощью Laravel","originTitle":"API Development with Laravel","url":"https://coursehunter.net/course/codecourse-api-with-laravel","materials":[],"subCategory":""},{"title":"API Аутентификация c Laravel Passport","originTitle":"API Authentication with Laravel Passport","url":"https://coursehunter.net/course/codecourse-api-auth-laravel","materials":[],"subCategory":""},{"title":"Laravel","originTitle":"PHP with Laravel","url":"https://coursehunter.net/course/lavarel-php","materials":[],"subCategory":""}]}