{"title":"Node.js","url":"https://coursehunter.net/backend/nodejs","courses":[{"title":"Курс по Node.JS","originTitle":"Курс по Node.JS","url":"https://coursehunter.net/course/learn-javascript-ru-nodejs","materials":["https://vs1.coursehunter.net/learn-jsru-nodejs/ljr-node.zip"],"subCategory":""},{"title":"Изучаем Node","originTitle":"Learn Node","url":"https://coursehunter.net/course/wes-boss-learn-node","materials":["https://vs1.coursehunter.net/materials/wesbos-node.zip"],"subCategory":""},{"title":"FullStack-Мастер. Разработка CRM-системы на Node.js, Express, Angular 6","originTitle":"FullStack-Мастер. Разработка CRM-системы на Node.js, Express, Angular 6","url":"https://coursehunter.net/course/fullstack-master-razrabotka-crm-sistemy-na-node-js-express-angular-6","materials":["https://vs1.coursehunter.net/w4ms-fs-node/code.zip"],"subCategory":""},{"title":"Полный курс разработчика Node.js (3-е издание)","originTitle":"The Complete Node.js Developer Course (3rd Edition)","url":"https://coursehunter.net/course/nodejs-v2-udemy","materials":["https://vs1.coursehunter.net/node-udemy/code.zip"],"subCategory":""},{"title":"NodeJS. Полное руководство","originTitle":"NodeJS. Полное руководство","url":"https://coursehunter.net/course/nodejs-polnoe-rukovodstvo","materials":["https://vs3.coursehunter.net/wfms-nodecc26/code.zip"],"subCategory":""},{"title":"React, NodeJS, Express и MongoDB - Руководство по полному стэку MERN","originTitle":"React, NodeJS, Express & MongoDB - The MERN Fullstack Guide","url":"https://coursehunter.net/course/react-nodejs-express-i-mongodb-rukovodstvo-po-polnomu-steku-mern","materials":[],"subCategory":""},{"title":"FullStack - Делаем клон Uber: Typescript, NodeJS, GraphQL, React, Apollo","originTitle":"Uber Clone - Typescript, NodeJS, GraphQL, React, Apollo","url":"https://coursehunter.net/course/fullstack-delaem-klon-uber-typescript-nodejs-graphql-react-apollo","materials":[],"subCategory":""},{"title":"Express js курс 2019 - от нуля до первого сервера на Node js","originTitle":"Express js курс 2019 - от нуля до первого сервера на Node js","url":"https://coursehunter.net/course/express-js-kurs-2019-ot-nulya-do-pervogo-servera-na-node-js","materials":[],"subCategory":""},{"title":"Node.js API Мастер-класс с Express и MongoDB","originTitle":"Node.js API Masterclass With Express & MongoDB","url":"https://coursehunter.net/course/node-js-api-master-klass-s-express-i-mongodb","materials":[],"subCategory":""},{"title":"Bootcamp: Full-Stack веб-разработчик с реальными проектами","originTitle":"Full-Stack Web Developer Bootcamp with Real Projects","url":"https://coursehunter.net/course/bootcamp-full-stack-veb-razrabotchik-s-realnymi-proektami","materials":[],"subCategory":""},{"title":"Создайте сайт проката автомобилей с нуля","originTitle":"Build a rental car website from scratch","url":"https://coursehunter.net/course/sozdayte-sayt-prokata-avtomobiley-s-nulya","materials":[],"subCategory":""},{"title":"[Книга] Функциональные шаблоны проектирования для Express.js","originTitle":"Functional Design Patterns for Express.js","url":"https://coursehunter.net/course/kniga-funkcionalnye-shablony-proektirovaniya-dlya-express-js","materials":[],"subCategory":""},{"title":"React Node FullStack - многопользовательская платформа для ведения блогов","originTitle":"React Node FullStack - Multi User Blogging Platform with SEO","url":"https://coursehunter.net/course/react-node-fullstack-mnogopolzovatelskaya-platforma-dlya-vedeniya-blogov","materials":[],"subCategory":""},{"title":"JAVASCRIPT + ANGULAR 8 + JQUERY + REACT + NODE + TYPESCRIPT","originTitle":"JAVASCRIPT + ANGULAR 8 + JQUERY + REACT + NODE + TYPESCRIPT","url":"https://coursehunter.net/course/javascript-angular-8-jquery-react-node-typescript","materials":[],"subCategory":""},{"title":"MERN Stack - Полное руководство","originTitle":"MERN Stack - The Complete Guide","url":"https://coursehunter.net/course/mern-stack-polnoe-rukovodstvo","materials":[],"subCategory":""},{"title":"NodeJS с SQL: Веб-разработка","originTitle":"NodeJS with SQL Web Development Course","url":"https://coursehunter.net/course/nodejs-s-sql-veb-razrabotka","materials":[],"subCategory":""},{"title":"Web Scraping в Nodejs","originTitle":"Web Scraping in Nodejs","url":"https://coursehunter.net/course/web-scraping-v-nodejs","materials":[],"subCategory":""},{"title":"Advanced Node.js","originTitle":"Advanced Node.js","url":"https://coursehunter.net/course/advanced-node-js","materials":[],"subCategory":""},{"title":"Создание приложений командной строки в Node.js","originTitle":"Building Command Line Applications in Node.js","url":"https://coursehunter.net/course/sozdanie-prilozheniy-komandnoy-stroki-v-node-js","materials":[],"subCategory":""},{"title":"Node.js: Начало работы","originTitle":"Node.js: Getting Started","url":"https://coursehunter.net/course/node-js-nachalo-raboty","materials":[],"subCategory":""},{"title":"React Node FullStack - Ecommerce с нуля до развертывания","originTitle":"React Node FullStack - Ecommerce from Scratch to Deployment","url":"https://coursehunter.net/course/react-node-fullstack-ecommerce-s-nulya-do-razvertyvaniya","materials":[],"subCategory":""},{"title":"Создавайте сложные Express сайты с Redis и Socket IO","originTitle":"Build Complex Express Sites with Redis and Socket IO","url":"https://coursehunter.net/course/sozdavayte-slozhnye-express-sayty-s-redis-i-socket-io","materials":[],"subCategory":""},{"title":"Создавайте игры в реальном времени с Node.JS","originTitle":"ES6, SocketIO, Gulp, Node, Canvas","url":"https://coursehunter.net/course/sozdavayte-igry-v-realnom-vremeni-s-node-js","materials":[],"subCategory":""},{"title":"[FullStack] Youtube клон (NodeJS, VanillaJS, MongoDB, Heroku)","originTitle":"Youtube clone","url":"https://coursehunter.net/course/fullstack-youtube-klon-nodejs-vanillajs-mongodb-heroku","materials":[],"subCategory":""},{"title":"Создайте современное веб-приложение с Node, Express и Vue.js","originTitle":"Create a Modern Web App With Node, Express, and Vue.js","url":"https://coursehunter.net/course/sozdayte-sovremennoe-veb-prilozhenie-s-node-express-i-vue-js","materials":[],"subCategory":""},{"title":"Node.js, Express, MongoDB и больше: Bootcamp 2019","originTitle":"Node.js, Express, MongoDB & More: The Complete Bootcamp 2019","url":"https://coursehunter.net/course/node-js-express-mongodb-i-bolshe-bootcamp-2019","materials":[],"subCategory":""},{"title":"Создание сайта знакомств с нуля до развертывания","originTitle":"Build Online Dating Website from scratch till deployment","url":"https://coursehunter.net/course/sozdanie-sayta-znakomstv-s-nulya-do-razvertyvaniya","materials":[],"subCategory":""},{"title":"Docker для Node.js проектов от Капитана Docker","originTitle":"Docker for Node.js Projects From a Docker Captain","url":"https://coursehunter.net/course/docker-dlya-node-js-proektov-ot-kapitana-docker","materials":[],"subCategory":""},{"title":"Интернет магазин на Node.js","originTitle":"Интернет магазин на Node.js","url":"https://coursehunter.net/course/internet-magazin-na-node-js","materials":[],"subCategory":""},{"title":"Копаемся в Node.js","originTitle":"Digging into Node.js","url":"https://coursehunter.net/course/kopaemsya-v-node-js","materials":[],"subCategory":""},{"title":"Жесткие части: cерверы и Node.js","originTitle":"Hard Parts: Servers & Node.js","url":"https://coursehunter.net/course/zhestkie-chasti-cervery-i-node-js","materials":[],"subCategory":""},{"title":"Программируйте с Node: Учитесь, делая","originTitle":"Code with Node: Learn by Doing","url":"https://coursehunter.net/course/programmiruyte-s-node-uchites-delaya","materials":[],"subCategory":""},{"title":"React Node FullStack - социальная сеть с нуля до развертывания","originTitle":"React Node FullStack - Social Network from Scratch to Deploy","url":"https://coursehunter.net/course/react-node-fullstack-socialnaya-set-s-nulya-do-razvertyvaniya","materials":[],"subCategory":""},{"title":"Создание невероятных чат-ботов","originTitle":"Build Incredible Chatbots","url":"https://coursehunter.net/course/sozdanie-neveroyatnyh-chat-botov","materials":[],"subCategory":""},{"title":"Node.js: серверный JavaScript (12 ноября - 21 декабря 2018)","originTitle":"Node.js: серверный JavaScript","url":"https://coursehunter.net/course/node-js-servernyy-javascript-12-noyabrya-21-dekabrya-2018","materials":[],"subCategory":""},{"title":"Фундаментальный курс  Node.js + Express + MongoDB","originTitle":"Фундаментальный курс  Node.js + Express + MongoDB","url":"https://coursehunter.net/course/fundamentalnyy-kurs-node-js-express-mongodb","materials":[],"subCategory":""},{"title":"REST API в Node.js: С Нуля до Профи","originTitle":"Mastering REST APIs in Node.js: Zero To Hero","url":"https://coursehunter.net/course/rest-api-v-node-js-s-nulya-do-profi","materials":[],"subCategory":""},{"title":"Курс по Node.JS (2018)","originTitle":"Курс по Node.JS","url":"https://coursehunter.net/course/kurs-po-node-js-2018","materials":[],"subCategory":""},{"title":"Просто Express (с кучей node и http). В деталях.","originTitle":"Just Express (with a bunch of node and http). In detail.","url":"https://coursehunter.net/course/prosto-express-s-kuchey-node-i-http-v-detalyah","materials":[],"subCategory":""},{"title":"Создание API в Node.js, v3","originTitle":"API Design in Node.js, v3","url":"https://coursehunter.net/course/api-design-in-node-js-v3","materials":[],"subCategory":""},{"title":"Разработка Serverless бэкэнд с использованием Node.js на AWS Lambda","originTitle":"Develop a Serverless Backend using Node.js on AWS Lambda","url":"https://coursehunter.net/course/razrabotka-serverless-bekend-s-ispolzovaniem-node-js-na-aws-lambda","materials":[],"subCategory":""},{"title":"Веб-скрапинг с Nodejs","originTitle":"Learn Web Scraping with NodeJs in 2019 - The Crash Course","url":"https://coursehunter.net/course/veb-skraping-s-nodejs","materials":[],"subCategory":""},{"title":"Full Stack JavaScript с Sails.js","originTitle":"Full Stack JavaScript with Sails.js","url":"https://coursehunter.net/course/full-stack-javascript-s-sails-js","materials":[],"subCategory":""},{"title":"NodeJS - Полное руководство (включая MVC, REST API, GraphQL)","originTitle":"NodeJS - The Complete Guide (incl. MVC, REST APIs, GraphQL)","url":"https://coursehunter.net/course/nodejs-polnoe-rukovodstvo-vklyuchaya-mvc-rest-api-graphql","materials":[],"subCategory":""},{"title":"Веб-разработка Full-Stack | Node, SQL, React и многое другое","originTitle":"Master Full-Stack Web Development | Node, SQL, React, & More","url":"https://coursehunter.net/course/veb-razrabotka-full-stack-node-sql-react-i-mnogoe-drugoe","materials":[],"subCategory":""},{"title":"Введение в Node.js","originTitle":"Introduction to Node.js","url":"https://coursehunter.net/course/vvedenie-v-node-js","materials":[],"subCategory":""},{"title":"Современный GraphQL BootCamp (Advanced Node.js)","originTitle":"The Modern GraphQL Bootcamp (Advanced Node.js)","url":"https://coursehunter.net/course/sovremennyy-graphql-bootcamp-advanced-node-js","materials":[],"subCategory":""},{"title":"Полное руководство по Angular, React и Node | Клон Airbnb","originTitle":"Angular 6 (Angular 2+) & React 16 - The Complete App Guide","url":"https://coursehunter.net/course/polnoe-rukovodstvo-po-angular-react-i-node-klon-airbnb","materials":[],"subCategory":""},{"title":"Node.js: серверный JavaScript","originTitle":"Node.js: серверный JavaScript","url":"https://coursehunter.net/course/node-js-servernyy-javascript","materials":[],"subCategory":""},{"title":"Создайте свой первый сайт c Node.js","originTitle":"Build Your First Node.js Website","url":"https://coursehunter.net/course/sozdayte-svoy-pervyy-sayt-c-node-js","materials":[],"subCategory":""},{"title":"Full-Stack React с GraphQL и Apollo Boost","originTitle":"Full-Stack React with GraphQL and Apollo Boost","url":"https://coursehunter.net/course/full-stack-react-s-graphql-i-apollo-boost","materials":[],"subCategory":""},{"title":"Angular, Ionic и Node: Создайте реальное веб и чат-приложение","originTitle":"Angular, Ionic & Node: Build A Real Web & Mobile Chat App","url":"https://coursehunter.net/course/angular-ionic-i-node-sozdayte-realnoe-veb-i-chat-prilozhenie","materials":[],"subCategory":""},{"title":"JSON Web Token (JWT) Аутентификация c Node.js","originTitle":"JSON Web Token (JWT) Authentication with Node.js","url":"https://coursehunter.net/course/json-web-token-jwt-autentifikaciya-c-node-js","materials":[],"subCategory":""},{"title":"Node.js Мастер-класс - без фреймворков, без NPM | Node v8.x","originTitle":"The Node.js Master Class - No Frameworks, No NPM | Node v8.x","url":"https://coursehunter.net/course/node-js-master-klass-bez-freymvorkov-bez-npm-node-v8-x","materials":[],"subCategory":""},{"title":"Node.js: Полное руководство по созданию RESTful API","originTitle":"Node.js: The Complete Guide to Build RESTful APIs","url":"https://coursehunter.net/course/node-js-polnoe-rukovodstvo-po-sozdaniyu-restful-api","materials":[],"subCategory":""},{"title":"Node.js, Express и MongoDB: от разработки до развертывания","originTitle":"Node.js, Express & MongoDB Dev to Deployment","url":"https://coursehunter.net/course/node-js-express-i-mongodb-ot-razrabotki-do-razvertyvaniya","materials":[],"subCategory":""},{"title":"MERN Stack Front To Back: Full Stack React, Redux & Node.js","originTitle":"MERN Stack Front To Back: Full Stack React, Redux & Node.js. Fully updated April 2019","url":"https://coursehunter.net/course/mern-stack-front-to-back-full-stack-react-redux-node-js","materials":[],"subCategory":""},{"title":"Интенсивный онлайн‑курс «Профессиональный Node.js» Уровень 1","originTitle":"Интенсивный онлайн‑курс «Профессиональный Node.js» Уровень 1","url":"https://coursehunter.net/course/intensivnyy-onlayn-kurs-professionalnyy-node-js-uroven-1","materials":[],"subCategory":""},{"title":"Node JS: Продвинутые темы","originTitle":"Node JS: Advanced Concepts","url":"https://coursehunter.net/course/node-js-prodvinutye-temy","materials":[],"subCategory":""},{"title":"Делаем CRUD приложение с Node и MongoDB","originTitle":"Create a CRUD App with Node and MongoDB","url":"https://coursehunter.net/course/delaem-crud-prilozhenie-s-node-i-mongodb","materials":[],"subCategory":""},{"title":"Маршрутизация Node приложений","originTitle":"Routing Node Applications","url":"https://coursehunter.net/course/marshrutizaciya-node-prilozheniy","materials":[],"subCategory":""},{"title":"Клон Amazon: Angular5 + Node + Stripe + Поисковый движок","originTitle":"Build Amazon Clone: Angular5 + Node + Stripe + Search Engine","url":"https://coursehunter.net/course/klon-amazon-angular5-node-stripe-poiskovaya-sistema","materials":[],"subCategory":""},{"title":"Изучите Nodejs создав 12 проектов","originTitle":"Learn Nodejs by building 12 projects","url":"https://coursehunter.net/course/izuchite-nodejs-sozdav-12-proektov","materials":[],"subCategory":""},{"title":"Node.js для начинающих - Стань Node.js разработчиком + проект","originTitle":"Node.js for Beginners - Become a NodeJs Developer + Project","url":"https://coursehunter.net/course/node-js-dlya-nachinayushchih-stan-node-js-razrabotchikom-proekt","materials":[],"subCategory":""},{"title":"Node с React: Fullstack Веб-разработка","originTitle":"Node with React: Fullstack Web Development","url":"https://coursehunter.net/course/node-s-react-fullstack-veb-razrabotka","materials":[],"subCategory":""},{"title":"Курс по MongoDB","originTitle":"Курс по MongoDB","url":"https://coursehunter.net/course/kurs-po-mongodb","materials":[],"subCategory":""},{"title":"Курс по NodeJS. Основы","originTitle":"Курс по NodeJS. Основы","url":"https://coursehunter.net/course/kurs-po-nodejs-osnovy","materials":[],"subCategory":""},{"title":"Node: Введение в основы","originTitle":"Introduction to Node: The Fundamentals","url":"https://coursehunter.net/course/node-vvedenie-v-osnovy","materials":[],"subCategory":""},{"title":"Непрерывная интеграция (Continuous Integration) в Node.js используя nodemon","originTitle":"Continous iterative development in Node.js using nodemon","url":"https://coursehunter.net/course/nepreryvnaya-integraciya-continuous-integration-v-node-js-ispolzuya-nodemon","materials":[],"subCategory":""},{"title":"Строим Node.js REST API с LoopBack","originTitle":"Build a Node.js REST API with LoopBack","url":"https://coursehunter.net/course/stroim-node-js-rest-api-s-loopback","materials":[],"subCategory":""},{"title":"Создайте сокращенный URL - адрес","originTitle":"Build a URL shortener","url":"https://coursehunter.net/course/sozdayte-sokrashchennyy-url-adres","materials":[],"subCategory":""},{"title":"Телеграм-бот мастер: Практический курс создания бота","originTitle":"Телеграм-бот мастер: Практический курс создания бота","url":"https://coursehunter.net/course/telegram-bot-master-prakticheskiy-kurs-sozdaniya-bota","materials":[],"subCategory":""},{"title":"Основы NodeJS для нубиков за 1 час","originTitle":"Fundamental NodeJS for newbies in 1 hour","url":"https://coursehunter.net/course/osnovy-nodejs-dlya-nubikov-za-1-chas","materials":[],"subCategory":""},{"title":"Создаем коллективное редактирования и видеозвонки с NodeJS","originTitle":"Build Collaborative editor and Real-time video call with NodeJS","url":"https://coursehunter.net/course/sozdaem-kollektivnoe-redaktirovaniya-i-videozvonki-s-nodejs","materials":[],"subCategory":""},{"title":"Чат в реальном времени с Node.js, Socket.io и Vue.js","originTitle":"Real-time chat with Node.js, Socket.io and Vue.js","url":"https://coursehunter.net/course/real-time-chat-with-node-js-socket-io-and-vue-js","materials":[],"subCategory":""},{"title":"Node и SocketIO: Создаем приложения веб-чат с нуля","originTitle":"Node with SocketIO: Build A Full Web Chat App From Scratch","url":"https://coursehunter.net/course/node-i-socketio-sozdaem-prilozheniya-veb-chat-s-nulya","materials":[],"subCategory":""},{"title":"REST и GraphQL API в Node.js, v2 (используя Express и MongoDB)","originTitle":"REST & GraphQL API Design in Node.js, v2 (using Express & MongoDB)","url":"https://coursehunter.net/course/fm-api-nodev2","materials":[],"subCategory":""},{"title":"Основы Node.js","originTitle":"Основы Node.js","url":"https://coursehunter.net/course/codedojo-nodejs","materials":[],"subCategory":""},{"title":"Node.js","originTitle":"Node.js","url":"https://coursehunter.net/course/itvdn-nodejs","materials":[],"subCategory":""},{"title":"Node, Angular и MongoDB: разработка полноценных веб-приложений","originTitle":"Node, Angular и MongoDB: разработка полноценных веб-приложений","url":"https://coursehunter.net/course/netology-mongo-angular-nodejs","materials":[],"subCategory":""},{"title":"Чатбот в Messenger с помощью API.ai и Node.JS","originTitle":"Chatbots: Messenger chatbot with API.ai and Node.JS","url":"https://coursehunter.net/course/udemy-chatbots-messenger","materials":[],"subCategory":""},{"title":"Сеть и потоки","originTitle":"Networking & Streams","url":"https://coursehunter.net/course/frontendmaster-networking-streams","materials":[],"subCategory":""},{"title":"Real-Time Web with Node.js","originTitle":"Real-Time Web with Node.js","url":"https://coursehunter.net/course/frontendmaster-real-time-web-with-node-js","materials":[],"subCategory":""},{"title":"Постройка API интерфейсов Node.js с OpenAPI Spec (Swagger)","originTitle":"Node.js APIs with OpenAPI (Swagger)","url":"https://coursehunter.net/course/swagger","materials":[],"subCategory":""},{"title":"Создание API в Node.js","originTitle":"API Design in Node.js","url":"https://coursehunter.net/course/api-design-nodejs","materials":[],"subCategory":""},{"title":"Node.js на Amazon Web Services","originTitle":"Node.js on Amazon Web Services","url":"https://coursehunter.net/course/nodejs-amazon","materials":[],"subCategory":""},{"title":"Основы Node.js","originTitle":"Основы Node.js","url":"https://coursehunter.net/course/nodejs-lynda","materials":[],"subCategory":""},{"title":"Node JS","originTitle":"Node JS","url":"https://coursehunter.net/course/Node-JS-Angel-skiy","materials":[],"subCategory":""}]}