{"title":"PHP","url":"https://coursehunter.net/backend/php","courses":[{"title":"PHP-Мастер. От теории до собственной CMS интернет-магазина","originTitle":"PHP-Мастер. От теории до собственной CMS интернет-магазина","url":"https://coursehunter.net/course/php-master-ot-teorii-do-sobstvennoy-cms-internet-magazina","materials":["https://vs1.coursehunter.net/webformyself-php-alive-again/code.zip"],"subCategory":""},{"title":"Самый понятный курс по php для начинающих","originTitle":"Самый понятный курс по php для начинающих","url":"https://coursehunter.net/course/samyy-ponyatnyy-kurs-po-php-dlya-nachinayushchih","materials":["https://vs1.coursehunter.net/marlindev-php-for-beginers/marlin-dev-php.rar"],"subCategory":""},{"title":"«Неделя ООП» - Третий поток","originTitle":"Третий поток онлайн-интенсива по изучению объектно-ориентированного программирования «Неделя ООП»","url":"https://coursehunter.net/course/nedelya-oop-tretiy-potok","materials":["https://vs1.coursehunter.net/el-oop-third/code.zip"],"subCategory":""},{"title":"ООП (курс 4): статические методы, пространства имен, исключения и трейты!","originTitle":"OOP (course 4): Static methods, Namespaces, Exceptions & Traits! Woh!","url":"https://coursehunter.net/course/oop-kurs-4-staticheskie-metody-prostranstva-imen-isklyucheniya-i-treyty","materials":[],"subCategory":""},{"title":"ООП (курс 3): Наследование, Абстрактные классы, Интерфейсы","originTitle":"OOP (course 3): Inheritance, Abstract Classes, Interfaces and other amazing things","url":"https://coursehunter.net/course/oop-kurs-3-nasledovanie-abstraktnye-klassy-interfeysy","materials":[],"subCategory":""},{"title":"ООП (курс 2): Сервисы, внедрение зависимостей и контейнеры","originTitle":"OOP (Course 2): Services, Dependency Injection and Containers","url":"https://coursehunter.net/course/oop-kurs-2-servisy-vnedrenie-zavisimostey-i-konteynery","materials":[],"subCategory":""},{"title":"Курс 3: Разговор с базой данных MySQL на PHP","originTitle":"Course 3: Talking to a MySQL Database in PHP","url":"https://coursehunter.net/course/kurs-3-razgovor-s-bazoy-dannyh-mysql-na-php","materials":[],"subCategory":""},{"title":"Курс 2: Как перестать беспокоиться и начать писать на PHP","originTitle":"Course 2: How to stop worrying & start writing PHP","url":"https://coursehunter.net/course/kurs-2-kak-perestat-bespokoitsya-i-nachat-pisat-na-php","materials":[],"subCategory":""},{"title":"Курс 1: Как завоевывать друзей и развиваться в PHP","originTitle":"Course 1: How to win friends & develop in PHP","url":"https://coursehunter.net/course/kurs-1-kak-zavoevyvat-druzey-i-razvivatsya-v-php","materials":[],"subCategory":""},{"title":"phpspec: тестирование ... * проектирование * с Bite","originTitle":"phpspec: Testing... *Designing* with a Bite","url":"https://coursehunter.net/course/phpspec-testirovanie-proektirovanie-s-bite","materials":[],"subCategory":""},{"title":"BDD, Behat, Mink и другие замечательные вещи","originTitle":"BDD, Behat, Mink and other Wonderful Things","url":"https://coursehunter.net/course/bdd-behat-mink-i-drugie-zamechatelnye-veshchi","materials":[],"subCategory":""},{"title":"Объектно-ориентированный PHP и MVC","originTitle":"Object Oriented PHP & MVC","url":"https://coursehunter.net/course/obektno-orientirovannyy-php-i-mvc","materials":[],"subCategory":""},{"title":"Создайте чатбота","originTitle":"Build A Chatbot","url":"https://coursehunter.net/course/sozdayte-chatbota","materials":[],"subCategory":""},{"title":"Phalcon PHP Framework для начинающих","originTitle":"Phalcon PHP Framework for Beginners","url":"https://coursehunter.net/course/phalcon-php-framework-dlya-nachinayushchih","materials":[],"subCategory":""},{"title":"Изучите PhalconPHP Framework","originTitle":"Learn PhalconPHP Framework","url":"https://coursehunter.net/course/izuchite-phalconphp-framework","materials":[],"subCategory":""},{"title":"Docker для разработчиков PHP","originTitle":"Docker for PHP Developers","url":"https://coursehunter.net/course/docker-dlya-razrabotchikov-php","materials":[],"subCategory":""},{"title":"Мастер Magento 2","originTitle":"Mastering Magento 2","url":"https://coursehunter.net/course/master-magento-2","materials":[],"subCategory":""},{"title":"Практический PHP","originTitle":"Практический PHP","url":"https://coursehunter.net/course/prakticheskiy-php","materials":[],"subCategory":""},{"title":"PHP для начинающих","originTitle":"PHP for Beginners","url":"https://coursehunter.net/course/php-dlya-nachinayushchih","materials":[],"subCategory":""},{"title":"PHP (2019): надежное приложение для блогов с PHP (ООП) и MySQL","originTitle":"PHP(2019): A robust blog application with PHP(OOP) and MySQL","url":"https://coursehunter.net/course/php-2019-nadezhnoe-prilozhenie-dlya-blogov-s-php-oop-i-mysql","materials":[],"subCategory":""},{"title":"Разработка PHP-пакетов (PRO версия)","originTitle":"PHP Package Development (PRO version)","url":"https://coursehunter.net/course/razrabotka-php-paketov-pro-versiya","materials":[],"subCategory":""},{"title":"Таск-менеджер","originTitle":"Таск-менеджер","url":"https://coursehunter.net/course/task-menedzher","materials":[],"subCategory":""},{"title":"PHP: Разработка микрофреймворка","originTitle":"PHP: Разработка микрофреймворка","url":"https://coursehunter.net/course/php-razrabotka-mikrofreymvorka","materials":[],"subCategory":""},{"title":"Основы: Создание профессиональных PHP-приложений с ООП","originTitle":"Foundations: Build Professional PHP Applications With Object-Oriented Programming","url":"https://coursehunter.net/course/osnovy-sozdanie-professionalnyh-php-prilozheniy-s-oop","materials":[],"subCategory":""},{"title":"Создайте клон Spotify с JavaScript, PHP и MySQL","originTitle":"Create a Spotify Clone from Scratch - JavaScript, PHP, MySQL","url":"https://coursehunter.net/course/sozdayte-klon-spotify-s-javascript-php-i-mysql","materials":[],"subCategory":""},{"title":"Создаем клон поисковой системы Google с нуля | PHP MySQL","originTitle":"Create a Google search engine clone from scratch | PHP MySQL","url":"https://coursehunter.net/course/sozdaem-klon-poiskovoy-sistemy-google-s-nulya-php-mysql","materials":[],"subCategory":""},{"title":"Refactoring to Collections","originTitle":"Refactoring to Collections","url":"https://coursehunter.net/course/refactoring-to-collections","materials":[],"subCategory":""},{"title":"MongoDB с PHP - Создайте сайт OOP. Подготовьтесь к будущему.","originTitle":"MongoDB with PHP - Build OOP Website Prepare for the future","url":"https://coursehunter.net/course/mongodb-s-php-sozdayte-sayt-oop-podgotovtes-k-budushchemu","materials":[],"subCategory":""},{"title":"Backend разработчик на PHP","originTitle":"Backend разработчик на PHP","url":"https://coursehunter.net/course/backend-razrabotchik-na-php","materials":[],"subCategory":""},{"title":"Безопасность и защита сайта от угроз и взлома","originTitle":"Безопасность и защита сайта от угроз и взлома","url":"https://coursehunter.net/course/bezopasnost-i-zashchita-sayta-ot-ugroz-i-vzloma","materials":[],"subCategory":""},{"title":"Курс PHP/SQL: back-end разработка и базы данных","originTitle":"Курс PHP/SQL: back-end разработка и базы данных","url":"https://coursehunter.net/course/kurs-php-sql-back-end-razrabotka-i-bazy-dannyh","materials":[],"subCategory":""},{"title":"Интенсивный онлайн‑курс «Базовый PHP» [Поток 30 января - 7 марта 2018]","originTitle":"Интенсивный онлайн‑курс «Базовый PHP»","url":"https://coursehunter.net/course/intensivnyy-onlayn-kurs-bazovyy-php-potok-30-yanvarya-7-marta-2018","materials":[],"subCategory":""},{"title":"Cоздание каталога товаров с помощью PHP, MySQL и jQuery","originTitle":"Cоздание каталога товаров с помощью PHP, MySQL и jQuery","url":"https://coursehunter.net/course/cozdanie-kataloga-tovarov-s-pomoshchyu-php-mysql-i-jquery","materials":[],"subCategory":""},{"title":"PHP - уровень 3","originTitle":"PHP - уровень 3","url":"https://coursehunter.net/course/php-uroven-3","materials":[],"subCategory":""},{"title":"PHP Basics","originTitle":"PHP Basics","url":"https://coursehunter.net/course/php-basics","materials":[],"subCategory":""},{"title":"PHP Essentials","originTitle":"PHP Essentials","url":"https://coursehunter.net/course/osnovy-php","materials":[],"subCategory":""},{"title":"Объектно-ориентированное программирование на PHP","originTitle":"Practical Object Oriented Programming","url":"https://coursehunter.net/course/obektno-orientirovannoe-programmirovanie-na-php","materials":[],"subCategory":""},{"title":"Используем встроеный веб-сервер PHP","originTitle":"Using PHP's Built-In Web Server","url":"https://coursehunter.net/course/vstroennyy-veb-server-v-php","materials":[],"subCategory":""},{"title":"Создайте сайт для объявлений","originTitle":"Build a classified ads site","url":"https://coursehunter.net/course/sozdayte-sayt-dlya-obyavleniy","materials":[],"subCategory":""},{"title":"Массивы - это все","originTitle":"Arrays are everything","url":"https://coursehunter.net/course/massivy-eto-vse","materials":[],"subCategory":""},{"title":"Объектно-ориентированное программирование (Курс 1)","originTitle":"Object Oriented Programming (Course 1)","url":"https://coursehunter.net/course/obektno-orientirovannoe-programmirovanie-kurs-1","materials":[],"subCategory":""},{"title":"PHP 7: важный материал","originTitle":"PHP 7: The Important Stuff","url":"https://coursehunter.net/course/php-7-vazhnyy-material","materials":[],"subCategory":""},{"title":"Шаблонизатор Twig для дружеской разработки фронтенда","originTitle":"Twig Templating for Friendly Frontend Devs","url":"https://coursehunter.net/course/shablony-twig-dlya-druzheskoy-razrabotki-front-enda","materials":[],"subCategory":""},{"title":"Создаем простого бота для Telegram за один час","originTitle":"Создаем простого бота для Telegram за один час","url":"https://coursehunter.net/course/sozdaem-prostogo-bota-dlya-telegram-za-odin-chas","materials":[],"subCategory":""},{"title":"Vue.js список Todo","originTitle":"Vue.js todo list","url":"https://coursehunter.net/course/vue-js-todo-list","materials":[],"subCategory":""},{"title":"Базовый PHP","originTitle":"Интенсивный онлайн‑курс «Базовый PHP»","url":"https://coursehunter.net/course/html-academy-base-php","materials":[],"subCategory":""},{"title":"Простая социальная аутентификация с PHP","originTitle":"Easy social authentication","url":"https://coursehunter.net/course/codecourse-social-authentication","materials":[],"subCategory":""},{"title":"PHP Essential","originTitle":"PHP Essential","url":"https://coursehunter.net/course/itvdn-php-essential","materials":[],"subCategory":""},{"title":"PHP Starter","originTitle":"PHP starter","url":"https://coursehunter.net/course/itvdn-php-starter","materials":[],"subCategory":""},{"title":"Писать на PHP как профи: создание PHP MVC Framework из нуля","originTitle":"Write PHP Like a Pro: Build a PHP MVC Framework From Scratch","url":"https://coursehunter.net/course/udemy-write-php-like-a-pro","materials":[],"subCategory":""},{"title":"Изучение PHP MVC","originTitle":"Learn PHP Model View Controller Pattern (PHP MVC)","url":"https://coursehunter.net/course/udemy-learn-php-mvc","materials":[],"subCategory":""},{"title":"Ajax и PHP","originTitle":"Ajax with PHP","url":"https://coursehunter.net/course/lynda-ajax-php","materials":[],"subCategory":""},{"title":"Доступ к базам данных с помощью объектно-ориентированного PHP","originTitle":"Accessing Databases with Object-Oriented PHP","url":"https://coursehunter.net/course/lynda-accessing-db-with-oo-php","materials":[],"subCategory":""},{"title":"Работа со стандартной PHP библиотекой","originTitle":"Up and Running with the Standard PHP Library (Ангельский)","url":"https://coursehunter.net/course/lynda-standard-php-library","materials":[],"subCategory":""},{"title":"PHP для начинающих","originTitle":"PHP for Absolute Beginners","url":"https://coursehunter.net/course/udemy-php-for-absolute-beginners","materials":[],"subCategory":""},{"title":"PHP для начинающих - Стань мастером PHP","originTitle":"PHP for Beginners - Become a PHP Master (Ангельский)","url":"https://coursehunter.net/course/udemy-php-for-beginners-become-a-php-master","materials":[],"subCategory":""},{"title":"Основы PHP ООП","originTitle":"PHP Object Oriented Programming Fundamentals (OOP)","url":"https://coursehunter.net/course/udemy-php-oop-fundamentals","materials":[],"subCategory":""},{"title":"PHP: Функциональное программирование","originTitle":"PHP: Функциональное программирование","url":"https://coursehunter.net/course/hexlet-php-func","materials":[],"subCategory":""},{"title":"PHP: Построение абстракций","originTitle":"PHP: Построение абстракций","url":"https://coursehunter.net/course/hexlet-php-sicp","materials":[],"subCategory":""},{"title":"PHP: Веб-разработка","originTitle":"PHP: Веб-разработка","url":"https://coursehunter.net/course/hexlet-php-web","materials":[],"subCategory":""},{"title":"PHP PDO","originTitle":"PHP PDO: Работа с базой данных","url":"https://coursehunter.net/course/hexlet-php-pdo","materials":[],"subCategory":""},{"title":"PHP: ООП","originTitle":"PHP: ООП","url":"https://coursehunter.net/course/hexlet-php-oop","materials":[],"subCategory":""},{"title":"PHP: Ввод и вывод","originTitle":"PHP: Ввод и вывод","url":"https://coursehunter.net/course/hexlet-php-in-out","materials":[],"subCategory":""},{"title":"Основы PHP","originTitle":"Основы PHP","url":"https://coursehunter.net/course/hexlet-php-base","materials":[],"subCategory":""},{"title":"Проектирование и разработка сложных веб-проектов на PHP 5","originTitle":"Разработка сложных веб - проектов на PHP 5","url":"https://coursehunter.net/course/php-level4-specialist","materials":[],"subCategory":""},{"title":"PHP 5","originTitle":"PHP 5","url":"https://coursehunter.net/course/php5","materials":[],"subCategory":""},{"title":"Kомплексное обучение разработке на PHP","originTitle":"Kомплексное обучение разработке на PHP","url":"https://coursehunter.net/course/php-loft","materials":[],"subCategory":""},{"title":"Основы php","originTitle":"Основы php","url":"https://coursehunter.net/course/php_basic","materials":[],"subCategory":""}]}