{"title":"Python","url":"https://coursehunter.net/backend/python","courses":[{"title":"Видео курс по Python - (Starter)","originTitle":"Видео курс по Python - (Starter)","url":"https://coursehunter.net/course/itvdn-python-starter","materials":["https://vs1.coursehunter.net/itvdn-python-starter/lesson1.mp4","https://vs1.coursehunter.net/itvdn-python-starter/lesson2.mp4","https://vs1.coursehunter.net/itvdn-python-starter/lesson3.mp4","https://vs1.coursehunter.net/itvdn-python-starter/lesson4.mp4","https://vs1.coursehunter.net/itvdn-python-starter/lesson5.mp4","https://vs1.coursehunter.net/itvdn-python-starter/lesson6.mp4","https://vs1.coursehunter.net/itvdn-python-starter/lesson7.mp4"],"subCategory":""},{"title":"Программирование на Python","originTitle":"Python: программирование на каждый день","url":"https://coursehunter.net/course/netology-python","materials":["https://vs1.coursehunter.net/materials/python-netology.zip"],"subCategory":""},{"title":"Python Django Dev To Deployment","originTitle":"Python Django Dev To Deployment","url":"https://coursehunter.net/course/python-django-dev-to-deployment","materials":["https://vs2.coursehunter.net/udemy-bt-python-django-dev-deployment/code.zip"],"subCategory":""},{"title":"Создание настольных приложений с использованием Python и Kivy","originTitle":"Building Desktop Applications with Python and Kivy","url":"https://coursehunter.net/course/sozdanie-nastolnyh-prilozheniy-s-ispolzovaniem-python-i-kivy","materials":[],"subCategory":""},{"title":"Python-разработчик","originTitle":"Python-разработчик с нуля","url":"https://coursehunter.net/course/python-razrabotchik","materials":[],"subCategory":""},{"title":"Python. Полное руководство","originTitle":"Python. Полное руководство","url":"https://coursehunter.net/course/python-polnoe-rukovodstvo","materials":[],"subCategory":""},{"title":"Python и LeetCode | The Ultimate Interview BootCamp","originTitle":"Python & LeetCode | The Ultimate Interview BootCamp","url":"https://coursehunter.net/course/python-i-leetcode-the-ultimate-interview-bootcamp","materials":[],"subCategory":""},{"title":"[Книга] Настоящий курс Python (3 книги + Видео)","originTitle":"The Real Python Course","url":"https://coursehunter.net/course/kniga-nastoyashchiy-kurs-python-3-knigi-video","materials":[],"subCategory":""},{"title":"Прибыльный Программист","originTitle":"The Profitable Programmer","url":"https://coursehunter.net/course/pribylnyy-programmist","materials":[],"subCategory":""},{"title":"Как автоматизировать вещи с помощью Python","originTitle":"How to Automate Stuff with Python","url":"https://coursehunter.net/course/kak-avtomatizirovat-veshchi-s-pomoshchyu-python","materials":[],"subCategory":""},{"title":"[Книга] Django для начинающих / API / для профессионалов (3 в 1)","originTitle":"Django for Beginners/APIs/Professionals","url":"https://coursehunter.net/course/kniga-django-dlya-nachinayushchih-api-dlya-professionalov-3-v-1","materials":[],"subCategory":""},{"title":"Python 3: глубокое погружение (часть 3 - Hash Maps)","originTitle":"Python 3: Deep Dive (Part 3 - Hash Maps)","url":"https://coursehunter.net/course/python-3-glubokoe-pogruzhenie-chast-3-hash-maps","materials":[],"subCategory":""},{"title":"Python 3: глубокое погружение (часть 2 - итерация, генераторы)","originTitle":"Python 3: Deep Dive (Part 2 - Iteration, Generators)","url":"https://coursehunter.net/course/python-3-glubokoe-pogruzhenie-chast-2-iteraciya-generatory","materials":[],"subCategory":""},{"title":"Python 3: глубокое погружение (часть 1 - функциональная)","originTitle":"Python 3: Deep Dive (Part 1 - Functional)","url":"https://coursehunter.net/course/python-3-glubokoe-pogruzhenie-chast-1-funkcionalnaya","materials":[],"subCategory":""},{"title":"Python 3: Python, алгоритмы, структуры данных","originTitle":"Python 3: Project-based Python, Algorithms, Data Structures","url":"https://coursehunter.net/course/python-3-python-algoritmy-struktury-dannyh","materials":[],"subCategory":""},{"title":"Python разработка - с нуля до профессионала. Python 3","originTitle":"Python разработка - с нуля до профессионала. Python 3","url":"https://coursehunter.net/course/python-razrabotka-s-nulya-do-professionala-python-3","materials":[],"subCategory":""},{"title":"React и Django Full Stack: веб-приложение, бэкэнд-API, мобильные приложения","originTitle":"React & Django Full Stack: web app, backend API, mobile apps","url":"https://coursehunter.net/course/react-i-django-full-stack-veb-prilozhenie-bekend-api-mobilnye-prilozheniya","materials":[],"subCategory":""},{"title":"Python структуры данных, алгоритмы и интервью!","originTitle":"Python for Data Structures, Algorithms, and Interviews!","url":"https://coursehunter.net/course/python-struktury-dannyh-algoritmy-i-intervyu","materials":[],"subCategory":""},{"title":"OOPS в Python 3, включая принципы SOLID: 2019","originTitle":"OOPS in Python 3 including SOLID Design principles : 2019","url":"https://coursehunter.net/course/oops-v-python-3-vklyuchaya-principy-solid-2019","materials":[],"subCategory":""},{"title":"Новый полный курс Python 2019: изучите Python 3 с нуля","originTitle":"New Complete Python Course 2019: Learn Python 3 From Scratch","url":"https://coursehunter.net/course/novyy-polnyy-kurs-python-2019-izuchite-python-3-s-nulya","materials":[],"subCategory":""},{"title":"Изучите программирование на Python с помощью анимации","originTitle":"Learn Programming in Python With the Power of Animation","url":"https://coursehunter.net/course/izuchite-programmirovanie-na-python-s-pomoshchyu-animacii","materials":[],"subCategory":""},{"title":"Создайте менеджер загрузок | Python и PyQt5","originTitle":"Build Full Download Manager | Python & PyQt5","url":"https://coursehunter.net/course/sozdayte-menedzher-zagruzok-python-i-pyqt5","materials":[],"subCategory":""},{"title":"Django с GraphQL","originTitle":"Django with GraphQL","url":"https://coursehunter.net/course/django-s-graphql","materials":[],"subCategory":""},{"title":"Python 3: глубокое погружение (часть 4 - ООП)","originTitle":"Python 3: Deep Dive (Part 4 - OOP)","url":"https://coursehunter.net/course/python-3-glubokoe-pogruzhenie-chast-4-oop","materials":[],"subCategory":""},{"title":"Изучите Python простым способом","originTitle":"Learn Complete Python In Simple Way","url":"https://coursehunter.net/course/izuchite-python-prostym-sposobom","materials":[],"subCategory":""},{"title":"Python Разработчик в 2019: С Нуля до Мастера","originTitle":"Complete Python Developer in 2019: Zero to Mastery","url":"https://coursehunter.net/course/python-razrabotchik-v-2019-s-nulya-do-mastera","materials":[],"subCategory":""},{"title":"Изучите Python:  Мастер-класс по программированию","originTitle":"Learn Python Programming Masterclass","url":"https://coursehunter.net/course/izuchite-python-master-klass-po-programmirovaniyu","materials":[],"subCategory":""},{"title":"Использование HTTP-сервисов в Python","originTitle":"Consuming HTTP Services in Python","url":"https://coursehunter.net/course/ispolzovanie-http-servisov-v-python","materials":[],"subCategory":""},{"title":"MongoDB для Python разработчиков","originTitle":"MongoDB for Developers with Python","url":"https://coursehunter.net/course/mongodb-dlya-python-razrabotchikov","materials":[],"subCategory":""},{"title":"Пишите код Pythonic как опытный разработчик","originTitle":"Write Pythonic Code Like a Seasoned Developer","url":"https://coursehunter.net/course/pishite-kod-pythonic-kak-opytnyy-razrabotchik","materials":[],"subCategory":""},{"title":"Eve: Создание RESTful API с помощью MongoDB и Flask","originTitle":"Eve: Building RESTful APIs with MongoDB and Flask","url":"https://coursehunter.net/course/eve-sozdanie-restful-api-s-pomoshchyu-mongodb-i-flask","materials":[],"subCategory":""},{"title":"Постройте систему управления библиотекой | Python & PyQt5","originTitle":"Build Library Management System | Python & PyQt5","url":"https://coursehunter.net/course/postroyte-sistemu-upravleniya-bibliotekoy-python-pyqt5","materials":[],"subCategory":""},{"title":"Программирование GUI на Python с использованием PyQt5","originTitle":"Python GUI Programming Using PyQt5","url":"https://coursehunter.net/course/programmirovanie-gui-na-python-s-ispolzovaniem-pyqt5","materials":[],"subCategory":""},{"title":"Python QA Engineer (Часть 1-3)","originTitle":"Python QA Engineer","url":"https://coursehunter.net/course/python-qa-engineer","materials":[],"subCategory":""},{"title":"Создание data-driven веб-приложений с Flask и SQLAlchemy","originTitle":"Building data-driven web apps with Flask and SQLAlchemy","url":"https://coursehunter.net/course/sozdanie-data-driven-veb-prilozheniy-s-flask-i-sqlalchemy","materials":[],"subCategory":""},{"title":"Программирование численных методов на Python","originTitle":"Programming Numerical Methods in Python","url":"https://coursehunter.net/course/programmirovanie-chislennyh-metodov-na-python","materials":[],"subCategory":""},{"title":"Современный Python 3 Bootcamp","originTitle":"The Modern Python 3 Bootcamp","url":"https://coursehunter.net/course/sovremennyy-python-3-bootcamp","materials":[],"subCategory":""},{"title":"Сервис по скрапингу и рассылке вакансий на основе Django","originTitle":"Сервис по скрапингу и рассылке вакансий на основе Django","url":"https://coursehunter.net/course/servis-po-skrapingu-i-rassylke-vakansiy-na-osnove-django","materials":[],"subCategory":""},{"title":"Шаблоны проектирования в Python","originTitle":"Design Patterns in Python","url":"https://coursehunter.net/course/shablony-proektirovaniya-v-python","materials":[],"subCategory":""},{"title":"Создайте Backend REST API с помощью Python и Django - для начинающих","originTitle":"Build a Backend REST API with Python & Django - Beginner","url":"https://coursehunter.net/course/sozdayte-backend-rest-api-s-pomoshchyu-python-i-django-dlya-nachinayushchih","materials":[],"subCategory":""},{"title":"Полный Python Bootcamp: c нуля до героя в Python 3","originTitle":"Complete Python Bootcamp: Go from zero to hero in Python 3","url":"https://coursehunter.net/course/polnyy-python-bootcamp-c-nulya-do-geroya-v-python-3","materials":[],"subCategory":""},{"title":"Освоение Django, часть 1 - AJAX, Class Based Views, формы","originTitle":"Mastering Django Part 1 - AJAX, Class Based Views, Forms","url":"https://coursehunter.net/course/osvoenie-django-chast-1-ajax-class-based-views-formy","materials":[],"subCategory":""},{"title":"Изучите этический взлом с Python","originTitle":"Master Ethical Hacking with Python!","url":"https://coursehunter.net/course/izuchite-eticheskiy-vzlom-s-python","materials":[],"subCategory":""},{"title":"[Книга] PyQt5 - \"Python и Qt: лучшие части\"","originTitle":"PyQt5 Book","url":"https://coursehunter.net/course/kniga-pyqt5-python-i-qt-luchshie-chasti","materials":[],"subCategory":""},{"title":"Научитесь создавать веб-приложения с помощью Flask и Docker","originTitle":"Learn to Build Web Applications with Flask and Docker","url":"https://coursehunter.net/course/nauchites-sozdavat-veb-prilozheniya-s-pomoshchyu-flask-i-docker","materials":[],"subCategory":""},{"title":"Нейронные сети на Python (Часть 1-4)","originTitle":"Нейронные сети на Python","url":"https://coursehunter.net/course/neyronnye-seti-na-python","materials":[],"subCategory":""},{"title":"Deep Learning от А до Я: Искусственные нейронные сети","originTitle":"Deep Learning A-Z™: Hands-On Artificial Neural Networks","url":"https://coursehunter.net/course/deep-learning-ot-a-do-ya-iskusstvennye-neyronnye-seti","materials":[],"subCategory":""},{"title":"Полное руководство по Python 3: от новичка до специалиста","originTitle":"Полное руководство по Python 3: от новичка до специалиста","url":"https://coursehunter.net/course/polnoe-rukovodstvo-po-python-3-ot-novichka-do-specialista","materials":[],"subCategory":""},{"title":"100 дней веб-разработки с Python","originTitle":"100 days of web in python (#100DaysOfWeb in Python)","url":"https://coursehunter.net/course/100-dney-veb-razrabotki-s-python","materials":[],"subCategory":""},{"title":"30 дней с Python | Откройте свой потенциал Python","originTitle":"30 Days of Python | Unlock your Python Potential","url":"https://coursehunter.net/course/30-dney-s-python-otkroyte-svoy-potencial-python","materials":[],"subCategory":""},{"title":"Python 3, иллюстрированный тур","originTitle":"Python 3, an illustrated tour","url":"https://coursehunter.net/course/python-3-illyustrirovannyy-tur","materials":[],"subCategory":""},{"title":"Создание data-driven веб-приложений с помощью Pyramid и SQLAlchemy","originTitle":"Building data-driven web apps with Pyramid and SQLAlchemy","url":"https://coursehunter.net/course/sozdanie-data-driven-veb-prilozheniy-s-pomoshchyu-pyramid-i-sqlalchemy","materials":[],"subCategory":""},{"title":"Полное руководство по Django REST Framework и Vue JS","originTitle":"The Complete Guide to Django REST Framework and Vue JS","url":"https://coursehunter.net/course/polnoe-rukovodstvo-po-django-rest-framework-i-vue-js","materials":[],"subCategory":""},{"title":"Python и Django Full Stack веб-разработчик Bootcamp","originTitle":"Python and Django Full Stack Web Developer Bootcamp","url":"https://coursehunter.net/course/python-i-django-full-stack-veb-razrabotchik-bootcamp","materials":[],"subCategory":""},{"title":"Moscow Python Conf ++ 2019","originTitle":"Moscow Python Conf ++ 2019","url":"https://coursehunter.net/course/moscow-python-conf-2019","materials":[],"subCategory":""},{"title":"Введение в Python разработку","originTitle":"Introduction to Python Development","url":"https://coursehunter.net/course/vvedenie-v-python-razrabotku","materials":[],"subCategory":""},{"title":"Разработчик Python. Подготовительный курс","originTitle":"Разработчик Python. Подготовительный курс","url":"https://coursehunter.net/course/razrabotchik-python-podgotovitelnyy-kurs","materials":[],"subCategory":""},{"title":"Full-Stack React, Python и GraphQL","originTitle":"Full-Stack React, Python, and GraphQL","url":"https://coursehunter.net/course/full-stack-react-python-i-graphql","materials":[],"subCategory":""},{"title":"Intermediate Python","originTitle":"Intermediate Python","url":"https://coursehunter.net/course/intermediate-python","materials":[],"subCategory":""},{"title":"Введение в Python","originTitle":"Introduction to Python","url":"https://coursehunter.net/course/vvedenie-v-python","materials":[],"subCategory":""},{"title":"Программирование на Python для разработчиков","originTitle":"Python Programming for Developers","url":"https://coursehunter.net/course/programmirovanie-na-python-dlya-razrabotchikov","materials":[],"subCategory":""},{"title":"Полный курс по программированию на Python для начинающих","originTitle":"The Complete Python Programming Course for Beginners","url":"https://coursehunter.net/course/polnyy-kurs-po-programmirovaniyu-na-python-dlya-nachinayushchih","materials":[],"subCategory":""},{"title":"Python для анализа данных","originTitle":"Python для анализа данных","url":"https://coursehunter.net/course/python-dlya-analiza-dannyh","materials":[],"subCategory":""},{"title":"Создайте продвинутый бэкэнд REST API с помощью Python и Django","originTitle":"Build a Backend REST API with Python & Django - Advanced","url":"https://coursehunter.net/course/sozdayte-prodvinutyy-bekend-rest-api-s-pomoshchyu-python-i-django","materials":[],"subCategory":""},{"title":"PyCharm для опытного разработчика","originTitle":"PyCharm for Power-Developer","url":"https://coursehunter.net/course/pycharm-dlya-opytnogo-razrabotchika","materials":[],"subCategory":""},{"title":"Python Advanced","originTitle":"Python Advanced","url":"https://coursehunter.net/course/python-advanced","materials":[],"subCategory":""},{"title":"Введение в Ansible","originTitle":"Introduction to Ansible","url":"https://coursehunter.net/course/vvedenie-v-ansible","materials":[],"subCategory":""},{"title":"Изучение Python, Tkinter и Django","originTitle":"Изучение Python, Tkinter и Django","url":"https://coursehunter.net/course/izuchenie-python-tkinter-i-django","materials":[],"subCategory":""},{"title":"Машинное обучение от А до Я: станьте мастером Kaggle","originTitle":"Machine Learning A-Z : Become Kaggle Master","url":"https://coursehunter.net/course/mashinnoe-obuchenie-ot-a-do-ya-stante-masterom-kaggle","materials":[],"subCategory":""},{"title":"Python Practice","originTitle":"Python Practice","url":"https://coursehunter.net/course/python-practice","materials":[],"subCategory":""},{"title":"Полный веб-курс Python: создание 8 веб-приложений Python","originTitle":"Complete Python Web Course: Build 8 Python Web Apps","url":"https://coursehunter.net/course/polnyy-veb-kurs-python-sozdanie-8-veb-prilozheniy-python","materials":[],"subCategory":""},{"title":"Полный курс для разработчиков Python и PostgreSQL","originTitle":"The Complete Python & PostgreSQL Developer Course","url":"https://coursehunter.net/course/polnyy-kurs-dlya-razrabotchikov-na-python-i-postgresql","materials":[],"subCategory":""},{"title":"Разработка веб-программного обеспечения с помощью Django | Магазин игр","originTitle":"Web Software Development with Django | Game Store App","url":"https://coursehunter.net/course/razrabotka-veb-programmnogo-obespecheniya-s-pomoshchyu-django-magazin-igr","materials":[],"subCategory":""},{"title":"Создание бота Telegram с Python","originTitle":"Create Telegram Bot with Python","url":"https://coursehunter.net/course/sozdanie-bota-telegram-s-python","materials":[],"subCategory":""},{"title":"100 дней программирования на Python","originTitle":"#100DaysOfCode with Python course","url":"https://coursehunter.net/course/100-dney-programmirovaniya-na-python","materials":[],"subCategory":""},{"title":"Асинхронные методы и примеры в Python","originTitle":"Async Techniques and Examples in Python","url":"https://coursehunter.net/course/asinhronnye-metody-i-primery-v-python","materials":[],"subCategory":""},{"title":"REST APIs с Flask и Python","originTitle":"REST APIs with Flask and Python","url":"https://coursehunter.net/course/rest-apis-s-flask-i-python","materials":[],"subCategory":""},{"title":"Python для SEO специалиста","originTitle":"Python для SEO специалиста","url":"https://coursehunter.net/course/python-dlya-seo-specialista","materials":[],"subCategory":""},{"title":"Django 1.11- Быстрый старт 2018 (Обновлен код до Django 2.1)","originTitle":"Django 1.11- Быстрый старт 2018 (Обновлен код до Django 2.1)","url":"https://coursehunter.net/course/django-1-11-bystryy-start-2018-obnovlen-kod-do-django-2-0","materials":[],"subCategory":""},{"title":"Python для финансового анализа и алгоритмической торговли","originTitle":"Python for Financial Analysis and Algorithmic Trading","url":"https://coursehunter.net/course/python-dlya-finansovogo-analiza-i-algoritmicheskoy-torgovli","materials":[],"subCategory":""},{"title":"Изучите Python и Этический взлом с нуля","originTitle":"Learn Python & Ethical Hacking From Scratch","url":"https://coursehunter.net/course/izuchite-python-i-eticheskiy-vzlom-s-nulya","materials":[],"subCategory":""},{"title":"Изучите Python с нуля с помощью реальных приложений","originTitle":"Learn Python From Scratch with Real Applications","url":"https://coursehunter.net/course/izuchite-python-s-nulya-s-pomoshchyu-realnyh-prilozheniy","materials":[],"subCategory":""},{"title":"Создайте Python API REST с помощью Django Rest Framework","originTitle":"Build a Python REST API with the Django Rest Framework","url":"https://coursehunter.net/course/sozdayte-python-api-rest-s-pomoshchyu-django-rest-framework","materials":[],"subCategory":""},{"title":"Python и Flask Bootcamp: Cоздавайте веб-сайты с помощью Flask!","originTitle":"Python and Flask Bootcamp: Create Websites using Flask!","url":"https://coursehunter.net/course/python-i-flask-bootcamp-cozdavayte-veb-sayty-s-pomoshchyu-flask","materials":[],"subCategory":""},{"title":"Python и Криптовалюта: Создаем 5 реальных приложений","originTitle":"Python & Cryptocurrency : Build 5 Real World Applications","url":"https://coursehunter.net/course/python-i-kriptovalyuta-sozdaem-5-realnyh-prilozheniy","materials":[],"subCategory":""},{"title":"Старт в Python, создаем 10 приложений","originTitle":"Python Jumpstart by Building 10 Apps","url":"https://coursehunter.net/course/start-v-python-sozdaem-10-prilozheniy","materials":[],"subCategory":""},{"title":"Полный курс Python | Изучайте Python на практике","originTitle":"The Complete Python Course | Learn Python by Doing","url":"https://coursehunter.net/course/polnyy-kurs-python-izuchayte-python-na-praktike","materials":[],"subCategory":""},{"title":"Изучите Python, создав Блокчейн и Криптовалюту","originTitle":"Learn Python by Building a Blockchain & Cryptocurrency","url":"https://coursehunter.net/course/izuchite-python-sozdav-blokcheyn-i-kriptovalyutu","materials":[],"subCategory":""},{"title":"Экспертный этический взлом и Python","originTitle":"Expert Ethical Hacking And Python","url":"https://coursehunter.net/course/ekspertnyy-eticheskiy-vzlom-i-python","materials":[],"subCategory":""},{"title":"Разработчик Python","originTitle":"Разработчик Python","url":"https://coursehunter.net/course/razrabotchik-python","materials":[],"subCategory":""},{"title":"Python - учимся программировать на Python","originTitle":"Python - учимся программировать на Python","url":"https://coursehunter.net/course/python-uchimsya-programmirovat-na-python","materials":[],"subCategory":""},{"title":"Django 2.1 и Python | The Ultimate Web Development Bootcamp","originTitle":"Django 2.1 & Python | The Ultimate Web Development Bootcamp","url":"https://coursehunter.net/course/django-2-i-python-the-ultimate-web-development-bootcamp","materials":[],"subCategory":""},{"title":"Python Flask: Веб-разработка - REST API, Postman и JavaScript","originTitle":"Python Flask Web Development: REST API, Postman & JavaScript","url":"https://coursehunter.net/course/python-flask-veb-razrabotka-rest-api-postman-i-javascript","materials":[],"subCategory":""},{"title":"Проекты на Python для middle уровня: Делааем проекты с Python","originTitle":"Projects In Python For Intermediate :Build Python Projects","url":"https://coursehunter.net/course/proekty-na-python-dlya-midl-urovnya-delaaem-proekty-s-python","materials":[],"subCategory":""},{"title":"Видео курс Django","originTitle":"Видео курс Django","url":"https://coursehunter.net/course/video-kurs-django","materials":[],"subCategory":""},{"title":"Django Core | Полное руководство по основным концепциям Django","originTitle":"Django Core | A Reference Guide to Core Django Concepts","url":"https://coursehunter.net/course/django-core-polnoe-rukovodstvo-po-osnovnym-koncepciyam-django","materials":[],"subCategory":""},{"title":"[Книга] [Miguel Grinberg] Flask Мега-туториал + Видео","originTitle":"The flask Mega-tutorial","url":"https://coursehunter.net/course/kniga-miguel-grinberg-flask-mega-tutorial-video","materials":[],"subCategory":""},{"title":"Введение в язык программирования Python 3","originTitle":"Introduction to the Python 3 Programming Language","url":"https://coursehunter.net/course/vvedenie-v-yazyk-programmirovaniya-python-3","materials":[],"subCategory":""},{"title":"Основы Python для нубиков за 1 час","originTitle":"Fundamental Python for newbies in just 1 hour","url":"https://coursehunter.net/course/osnovy-python-dlya-nubikov-za1-chas","materials":[],"subCategory":""},{"title":"Python Essential","originTitle":"Python Essential","url":"https://coursehunter.net/course/itvdn-python-essential","materials":[],"subCategory":""},{"title":"Изучение Python (для начинающих)","originTitle":"Learn Python, it's CAKE (Beginners)","url":"https://coursehunter.net/course/udemy-python-cake","materials":[],"subCategory":""},{"title":"Полноценный мастер-класс по Python","originTitle":"Complete Python Masterclass","url":"https://coursehunter.net/course/udemy-python-masterclass","materials":[],"subCategory":""},{"title":"Основы Python","originTitle":"Flying Through Python","url":"https://coursehunter.net/course/codeschool-python","materials":[],"subCategory":""},{"title":"Профессия Программист Python","originTitle":"Профессия - Программист Python","url":"https://coursehunter.net/course/pythonprogrammer","materials":[],"subCategory":""},{"title":"Python 3","originTitle":"Python 3.x","url":"https://coursehunter.net/course/python3","materials":[],"subCategory":""},{"title":"Python","originTitle":"Advanced Python (Ангельский)","url":"https://coursehunter.net/course/python","materials":[],"subCategory":""}]}