{"title":"Ruby on Rails","url":"https://coursehunter.net/backend/ror","courses":[{"title":"Ruby On Rails","originTitle":"Ruby On Rails","url":"https://coursehunter.net/course/rubyonrails","materials":["https://vs1.coursehunter.net/rubyonrails/lesson1.mp4","https://vs1.coursehunter.net/rubyonrails/lesson2.mp4","https://vs1.coursehunter.net/rubyonrails/lesson3.mp4","https://vs1.coursehunter.net/rubyonrails/lesson4.mp4","https://vs1.coursehunter.net/rubyonrails/lesson5.mp4","https://vs1.coursehunter.net/rubyonrails/lesson6.mp4","https://vs1.coursehunter.net/rubyonrails/lesson7.mp4","https://vs1.coursehunter.net/rubyonrails/lesson8.mp4","https://vs1.coursehunter.net/rubyonrails/lesson9.mp4","https://vs1.coursehunter.net/rubyonrails/lesson10.mp4","https://vs1.coursehunter.net/rubyonrails/lesson11.mp4","https://vs1.coursehunter.net/rubyonrails/lesson12.mp4","https://vs1.coursehunter.net/rubyonrails/lesson13.mp4","https://vs1.coursehunter.net/rubyonrails/lesson14.mp4","https://vs1.coursehunter.net/rubyonrails/lesson15.mp4","https://vs1.coursehunter.net/rubyonrails/lesson16.mp4","https://vs1.coursehunter.net/rubyonrails/lesson17.mp4","https://vs1.coursehunter.net/rubyonrails/lesson18.mp4","https://vs1.coursehunter.net/rubyonrails/lesson19.mp4","https://vs1.coursehunter.net/rubyonrails/lesson20.mp4","https://vs1.coursehunter.net/rubyonrails/lesson21.mp4","https://vs1.coursehunter.net/rubyonrails/lesson22.mp4","https://vs1.coursehunter.net/rubyonrails/lesson23.mp4","https://vs1.coursehunter.net/rubyonrails/lesson24.mp4","https://vs1.coursehunter.net/rubyonrails/lesson25.mp4","https://vs1.coursehunter.net/rubyonrails/lesson26.mp4","https://vs1.coursehunter.net/rubyonrails/lesson27.mp4","https://vs1.coursehunter.net/rubyonrails/lesson28.mp4","https://vs1.coursehunter.net/rubyonrails/lesson29.mp4","https://vs1.coursehunter.net/rubyonrails/lesson30.mp4","https://vs1.coursehunter.net/rubyonrails/lesson31.mp4","https://vs1.coursehunter.net/rubyonrails/lesson32.mp4","https://vs1.coursehunter.net/rubyonrails/lesson33.mp4","https://vs1.coursehunter.net/rubyonrails/lesson34.mp4","https://vs1.coursehunter.net/rubyonrails/lesson35.mp4","https://vs1.coursehunter.net/rubyonrails/lesson36.mp4","https://vs1.coursehunter.net/rubyonrails/lesson37.mp4","https://vs1.coursehunter.net/rubyonrails/lesson38.mp4","https://vs1.coursehunter.net/rubyonrails/lesson39.mp4","https://vs1.coursehunter.net/rubyonrails/lesson40.mp4","https://vs1.coursehunter.net/rubyonrails/lesson41.mp4","https://vs1.coursehunter.net/rubyonrails/lesson42.mp4","https://vs1.coursehunter.net/rubyonrails/lesson43.mp4","https://vs1.coursehunter.net/rubyonrails/lesson44.mp4","https://vs1.coursehunter.net/rubyonrails/lesson45.mp4","https://vs1.coursehunter.net/rubyonrails/lesson46.mp4","https://vs1.coursehunter.net/rubyonrails/lesson47.mp4","https://vs1.coursehunter.net/rubyonrails/lesson48.mp4","https://vs1.coursehunter.net/rubyonrails/lesson49.mp4","https://vs1.coursehunter.net/rubyonrails/lesson50.mp4"],"subCategory":""},{"title":"Создайте сайт Code4Startup с Ruby on Rails","originTitle":"Build site like Code4Startup with Ruby on Rails","url":"https://coursehunter.net/course/sozdayte-sayt-code4startup-s-ruby-on-rails","materials":["https://vs1.coursehunter.net/c4s-ruby-on-rails/lesson1.mp4","https://vs1.coursehunter.net/c4s-ruby-on-rails/lesson2.mp4","https://vs1.coursehunter.net/c4s-ruby-on-rails/lesson3.mp4","https://vs1.coursehunter.net/c4s-ruby-on-rails/lesson4.mp4","https://vs1.coursehunter.net/c4s-ruby-on-rails/lesson5.mp4","https://vs1.coursehunter.net/c4s-ruby-on-rails/lesson6.mp4","https://vs1.coursehunter.net/c4s-ruby-on-rails/lesson7.mp4","https://vs1.coursehunter.net/c4s-ruby-on-rails/lesson8.mp4","https://vs1.coursehunter.net/c4s-ruby-on-rails/lesson9.mp4","https://vs1.coursehunter.net/c4s-ruby-on-rails/lesson10.mp4","https://vs1.coursehunter.net/c4s-ruby-on-rails/lesson11.mp4","https://vs1.coursehunter.net/c4s-ruby-on-rails/lesson12.mp4","https://vs1.coursehunter.net/c4s-ruby-on-rails/lesson13.mp4","https://vs1.coursehunter.net/c4s-ruby-on-rails/lesson14.mp4","https://vs1.coursehunter.net/c4s-ruby-on-rails/lesson15.mp4","https://vs1.coursehunter.net/c4s-ruby-on-rails/lesson16.mp4","https://vs1.coursehunter.net/c4s-ruby-on-rails/lesson17.mp4","https://vs1.coursehunter.net/c4s-ruby-on-rails/lesson18.mp4","https://vs1.coursehunter.net/c4s-ruby-on-rails/lesson19.mp4","https://vs1.coursehunter.net/c4s-ruby-on-rails/lesson20.mp4","https://vs1.coursehunter.net/c4s-ruby-on-rails/lesson21.mp4","https://vs1.coursehunter.net/c4s-ruby-on-rails/lesson22.mp4","https://vs1.coursehunter.net/c4s-ruby-on-rails/lesson23.mp4","https://vs1.coursehunter.net/c4s-ruby-on-rails/lesson24.mp4","https://vs1.coursehunter.net/c4s-ruby-on-rails/lesson25.mp4","https://vs1.coursehunter.net/c4s-ruby-on-rails/lesson26.mp4","https://vs1.coursehunter.net/c4s-ruby-on-rails/lesson27.mp4","https://vs1.coursehunter.net/c4s-ruby-on-rails/lesson28.mp4","https://vs1.coursehunter.net/c4s-ruby-on-rails/lesson29.mp4","https://vs1.coursehunter.net/c4s-ruby-on-rails/lesson30.mp4","https://vs1.coursehunter.net/c4s-ruby-on-rails/lesson31.mp4","https://vs1.coursehunter.net/c4s-ruby-on-rails/lesson32.mp4","https://vs1.coursehunter.net/c4s-ruby-on-rails/lesson33.mp4","https://vs1.coursehunter.net/c4s-ruby-on-rails/lesson34.mp4","https://vs1.coursehunter.net/c4s-ruby-on-rails/lesson35.mp4","https://vs1.coursehunter.net/c4s-ruby-on-rails/lesson36.mp4","https://vs1.coursehunter.net/c4s-ruby-on-rails/lesson37.mp4","https://vs1.coursehunter.net/c4s-ruby-on-rails/lesson38.mp4","https://vs1.coursehunter.net/c4s-ruby-on-rails/lesson39.mp4","https://vs1.coursehunter.net/c4s-ruby-on-rails/lesson40.mp4","https://vs1.coursehunter.net/c4s-ruby-on-rails/lesson41.mp4","https://vs1.coursehunter.net/c4s-ruby-on-rails/lesson42.mp4","https://vs1.coursehunter.net/c4s-ruby-on-rails/lesson43.mp4","https://vs1.coursehunter.net/c4s-ruby-on-rails/lesson44.mp4","https://vs1.coursehunter.net/c4s-ruby-on-rails/lesson45.mp4","https://vs1.coursehunter.net/c4s-ruby-on-rails/lesson46.mp4","https://vs1.coursehunter.net/c4s-ruby-on-rails/lesson47.mp4","https://vs1.coursehunter.net/c4s-ruby-on-rails/lesson48.mp4","https://vs1.coursehunter.net/c4s-ruby-on-rails/lesson49.mp4","https://vs1.coursehunter.net/c4s-ruby-on-rails/lesson50.mp4","https://vs1.coursehunter.net/c4s-ruby-on-rails/lesson51.mp4"],"subCategory":""},{"title":"Разработка одностраничных приложений","originTitle":"Developing Single Page Applications","url":"https://coursehunter.net/course/razrabotka-odnostranichnyh-prilozheniy","materials":[],"subCategory":""},{"title":"Ruby on Rails","originTitle":"Ruby on Rails","url":"https://coursehunter.net/course/ruby-on-rails","materials":[],"subCategory":""},{"title":"Полное руководство по производительности Rails","originTitle":"The Complete Guide to Rails Performance","url":"https://coursehunter.net/course/polnoe-rukovodstvo-po-proizvoditelnosti-rails","materials":[],"subCategory":""},{"title":"Создание маркетплейса для фрилансеров, как Fiverr, с Rails 6","originTitle":"Build marketplace for freelancers like Fiverr with Rails 6","url":"https://coursehunter.net/course/sozdanie-marketpleysa-dlya-frilanserov-kak-fiverr-s-rails-6","materials":[],"subCategory":""},{"title":"Полный курс по Ruby on Rails для разработчиков","originTitle":"The Complete Ruby on Rails Developer Course","url":"https://coursehunter.net/course/polnyy-kurs-po-ruby-on-rails-dlya-razrabotchikov","materials":[],"subCategory":""},{"title":"Создание веб-приложений c Rails (One Month)","originTitle":"Build Web Apps With One Month Rails","url":"https://coursehunter.net/course/sozdanie-veb-prilozheniy-c-rails-one-month","materials":[],"subCategory":""},{"title":"Ruby on Rails REST API: Полное Руководство","originTitle":"Ruby on Rails REST API: The Complete Guide","url":"https://coursehunter.net/course/ruby-on-rails-rest-api-polnoe-rukovodstvo","materials":[],"subCategory":""},{"title":"Ruby on Rails для начинающих","originTitle":"Ruby on Rails for Beginners","url":"https://coursehunter.net/course/ruby-on-rails-dlya-nachinayushchih","materials":[],"subCategory":""},{"title":"Ruby on Rails и React вместе с Redux - Полное руководство для разработчиков","originTitle":"Complete Developers Guide: Ruby on Rails & React with Redux","url":"https://coursehunter.net/course/ruby-on-rails-i-react-vmeste-s-redux-polnoe-rukovodstvo-dlya-razrabotchikov","materials":[],"subCategory":""},{"title":"JavaScript и Ruby on Rails с React, Angular и Vue.js","originTitle":"JavaScript and Ruby on Rails with React, Angular, and Vue","url":"https://coursehunter.net/course/ruby-on-rails-s-react-i-angular","materials":[],"subCategory":""},{"title":"Карты, Геолокация и Геопоиск","originTitle":"Maps, Geolocation, and GeoSearch","url":"https://coursehunter.net/course/karty-geolokaciya-i-geopoisk","materials":[],"subCategory":""},{"title":"Rails и Vue.js: Делаем клон Trello","originTitle":"Rails & Vue.js Trello Clone Series","url":"https://coursehunter.net/course/rails-i-vue-js-delaem-klon-trello","materials":[],"subCategory":""},{"title":"Директива поиска с Rails","originTitle":"Search Directive with Rails","url":"https://coursehunter.net/course/direktiva-poiska-s-rails","materials":[],"subCategory":""},{"title":"Rails Todo API Часть 2","originTitle":"Rails Todo API Part 2","url":"https://coursehunter.net/course/rails-todo-api-chast-2","materials":[],"subCategory":""},{"title":"Rails Todo API Часть 1","originTitle":"Rails Todo API Part 1","url":"https://coursehunter.net/course/rails-todo-api-chast1","materials":[],"subCategory":""},{"title":"Делаем клон Airbnb с Ruby on Rails - Уровень 1","originTitle":"Build Airbnb with Ruby on Rails","url":"https://coursehunter.net/course/delaem-klon-airbnb-s-ruby-on-rails-uroven-1","materials":[],"subCategory":""},{"title":"Делаем клон Airbnb с Ruby on Rails и React Native - Уровень 3","originTitle":"Build Airbnb with Ruby on Rails and React Native- Level 3","url":"https://coursehunter.net/course/delaem-klon-airbnb-s-ruby-on-rails-i-react-native-uroven-3","materials":[],"subCategory":""},{"title":"Делаем клон Airbnb с Ruby on Rails - Уровень 2","originTitle":"Build Airbnb with Ruby on Rails - Level 2","url":"https://coursehunter.net/course/delaem-klon-airbnb-s-ruby-on-rails-uroven-2","materials":[],"subCategory":""},{"title":"[Книга] [Andrew Allen] Эффективные Рельсы","originTitle":"Efficient Rails","url":"https://coursehunter.net/course/kniga-andrew-allen-effektivnye-relsy","materials":[],"subCategory":""},{"title":"Основы Ruby on Rails за один час","originTitle":"Fundamental Ruby on Rails in 1 hour","url":"https://coursehunter.net/course/osnovy-ruby-on-rails-za-odin-chas","materials":[],"subCategory":""},{"title":"[Книга] [Obie Fernandez] The Rails 5 Way","originTitle":"The Rails 5 Way","url":"https://coursehunter.net/course/kniga-obie-fernandez-the-rails-5-way","materials":[],"subCategory":""},{"title":"Делаем клон AirBnb с Ruby on Rails, Bootstrap, jQuery и PayPal","originTitle":"Build AirBnb with Ruby on Rails, Bootstrap, jQuery and PayPal","url":"https://coursehunter.net/course/c4s-airbnb-first-version","materials":[],"subCategory":""},{"title":"Ruby on rails 5","originTitle":"Ruby on Rails 5","url":"https://coursehunter.net/course/ruby5","materials":[],"subCategory":""}]}