{"title":"Ruby","url":"https://coursehunter.net/backend/ruby","courses":[{"title":"Изучаем Ruby","originTitle":"Изучаем Ruby","url":"https://coursehunter.net/course/smartme-learn-ruby","materials":["https://vs1.coursehunter.net/smartme-ruby/materials.zip"],"subCategory":""},{"title":"Научитесь писать на Ruby","originTitle":"Learn to Code with Ruby","url":"https://coursehunter.net/course/nauchites-pisat-na-ruby","materials":["https://vs1.coursehunter.net/udemy-learnto-code-ruby/lesson1.mp4","https://vs1.coursehunter.net/udemy-learnto-code-ruby/lesson2.mp4","https://vs1.coursehunter.net/udemy-learnto-code-ruby/lesson3.mp4","https://vs1.coursehunter.net/udemy-learnto-code-ruby/lesson4.mp4","https://vs1.coursehunter.net/udemy-learnto-code-ruby/lesson5.mp4","https://vs1.coursehunter.net/udemy-learnto-code-ruby/lesson6.mp4","https://vs1.coursehunter.net/udemy-learnto-code-ruby/lesson7.mp4","https://vs1.coursehunter.net/udemy-learnto-code-ruby/lesson8.mp4","https://vs1.coursehunter.net/udemy-learnto-code-ruby/lesson9.mp4","https://vs1.coursehunter.net/udemy-learnto-code-ruby/lesson10.mp4","https://vs1.coursehunter.net/udemy-learnto-code-ruby/lesson11.mp4","https://vs1.coursehunter.net/udemy-learnto-code-ruby/lesson12.mp4","https://vs1.coursehunter.net/udemy-learnto-code-ruby/lesson13.mp4","https://vs1.coursehunter.net/udemy-learnto-code-ruby/lesson14.mp4","https://vs1.coursehunter.net/udemy-learnto-code-ruby/lesson15.mp4","https://vs1.coursehunter.net/udemy-learnto-code-ruby/lesson16.mp4","https://vs1.coursehunter.net/udemy-learnto-code-ruby/lesson17.mp4","https://vs1.coursehunter.net/udemy-learnto-code-ruby/lesson18.mp4","https://vs1.coursehunter.net/udemy-learnto-code-ruby/lesson19.mp4","https://vs1.coursehunter.net/udemy-learnto-code-ruby/lesson20.mp4","https://vs1.coursehunter.net/udemy-learnto-code-ruby/lesson21.mp4","https://vs1.coursehunter.net/udemy-learnto-code-ruby/lesson22.mp4","https://vs1.coursehunter.net/udemy-learnto-code-ruby/lesson23.mp4","https://vs1.coursehunter.net/udemy-learnto-code-ruby/lesson24.mp4","https://vs1.coursehunter.net/udemy-learnto-code-ruby/lesson25.mp4","https://vs1.coursehunter.net/udemy-learnto-code-ruby/lesson26.mp4","https://vs1.coursehunter.net/udemy-learnto-code-ruby/lesson27.mp4","https://vs1.coursehunter.net/udemy-learnto-code-ruby/lesson28.mp4","https://vs1.coursehunter.net/udemy-learnto-code-ruby/lesson29.mp4","https://vs1.coursehunter.net/udemy-learnto-code-ruby/lesson30.mp4","https://vs1.coursehunter.net/udemy-learnto-code-ruby/lesson31.mp4","https://vs1.coursehunter.net/udemy-learnto-code-ruby/lesson32.mp4","https://vs1.coursehunter.net/udemy-learnto-code-ruby/lesson33.mp4","https://vs1.coursehunter.net/udemy-learnto-code-ruby/lesson34.mp4","https://vs1.coursehunter.net/udemy-learnto-code-ruby/lesson35.mp4","https://vs1.coursehunter.net/udemy-learnto-code-ruby/lesson36.mp4","https://vs1.coursehunter.net/udemy-learnto-code-ruby/lesson37.mp4","https://vs1.coursehunter.net/udemy-learnto-code-ruby/lesson38.mp4","https://vs1.coursehunter.net/udemy-learnto-code-ruby/lesson39.mp4","https://vs1.coursehunter.net/udemy-learnto-code-ruby/lesson40.mp4","https://vs1.coursehunter.net/udemy-learnto-code-ruby/lesson41.mp4","https://vs1.coursehunter.net/udemy-learnto-code-ruby/lesson42.mp4","https://vs1.coursehunter.net/udemy-learnto-code-ruby/lesson43.mp4","https://vs1.coursehunter.net/udemy-learnto-code-ruby/lesson44.mp4","https://vs1.coursehunter.net/udemy-learnto-code-ruby/lesson45.mp4","https://vs1.coursehunter.net/udemy-learnto-code-ruby/lesson46.mp4","https://vs1.coursehunter.net/udemy-learnto-code-ruby/lesson47.mp4","https://vs1.coursehunter.net/udemy-learnto-code-ruby/lesson48.mp4","https://vs1.coursehunter.net/udemy-learnto-code-ruby/lesson49.mp4","https://vs1.coursehunter.net/udemy-learnto-code-ruby/lesson50.mp4","https://vs1.coursehunter.net/udemy-learnto-code-ruby/lesson51.mp4","https://vs1.coursehunter.net/udemy-learnto-code-ruby/lesson52.mp4","https://vs1.coursehunter.net/udemy-learnto-code-ruby/lesson53.mp4","https://vs1.coursehunter.net/udemy-learnto-code-ruby/lesson54.mp4","https://vs1.coursehunter.net/udemy-learnto-code-ruby/lesson55.mp4","https://vs1.coursehunter.net/udemy-learnto-code-ruby/lesson56.mp4","https://vs1.coursehunter.net/udemy-learnto-code-ruby/lesson57.mp4","https://vs1.coursehunter.net/udemy-learnto-code-ruby/lesson58.mp4","https://vs1.coursehunter.net/udemy-learnto-code-ruby/lesson59.mp4","https://vs1.coursehunter.net/udemy-learnto-code-ruby/lesson60.mp4","https://vs1.coursehunter.net/udemy-learnto-code-ruby/lesson61.mp4","https://vs1.coursehunter.net/udemy-learnto-code-ruby/lesson62.mp4","https://vs1.coursehunter.net/udemy-learnto-code-ruby/lesson63.mp4","https://vs1.coursehunter.net/udemy-learnto-code-ruby/lesson64.mp4","https://vs1.coursehunter.net/udemy-learnto-code-ruby/lesson65.mp4","https://vs1.coursehunter.net/udemy-learnto-code-ruby/lesson66.mp4","https://vs1.coursehunter.net/udemy-learnto-code-ruby/lesson67.mp4","https://vs1.coursehunter.net/udemy-learnto-code-ruby/lesson68.mp4","https://vs1.coursehunter.net/udemy-learnto-code-ruby/lesson69.mp4","https://vs1.coursehunter.net/udemy-learnto-code-ruby/lesson70.mp4","https://vs1.coursehunter.net/udemy-learnto-code-ruby/lesson71.mp4","https://vs1.coursehunter.net/udemy-learnto-code-ruby/lesson72.mp4","https://vs1.coursehunter.net/udemy-learnto-code-ruby/lesson73.mp4","https://vs1.coursehunter.net/udemy-learnto-code-ruby/lesson74.mp4","https://vs1.coursehunter.net/udemy-learnto-code-ruby/lesson75.mp4","https://vs1.coursehunter.net/udemy-learnto-code-ruby/lesson76.mp4","https://vs1.coursehunter.net/udemy-learnto-code-ruby/lesson77.mp4","https://vs1.coursehunter.net/udemy-learnto-code-ruby/lesson78.mp4","https://vs1.coursehunter.net/udemy-learnto-code-ruby/lesson79.mp4","https://vs1.coursehunter.net/udemy-learnto-code-ruby/lesson80.mp4","https://vs1.coursehunter.net/udemy-learnto-code-ruby/lesson81.mp4","https://vs1.coursehunter.net/udemy-learnto-code-ruby/lesson82.mp4","https://vs1.coursehunter.net/udemy-learnto-code-ruby/lesson83.mp4","https://vs1.coursehunter.net/udemy-learnto-code-ruby/lesson84.mp4","https://vs1.coursehunter.net/udemy-learnto-code-ruby/lesson85.mp4","https://vs1.coursehunter.net/udemy-learnto-code-ruby/lesson86.mp4","https://vs1.coursehunter.net/udemy-learnto-code-ruby/lesson87.mp4","https://vs1.coursehunter.net/udemy-learnto-code-ruby/lesson88.mp4","https://vs1.coursehunter.net/udemy-learnto-code-ruby/lesson89.mp4","https://vs1.coursehunter.net/udemy-learnto-code-ruby/lesson90.mp4","https://vs1.coursehunter.net/udemy-learnto-code-ruby/lesson91.mp4","https://vs1.coursehunter.net/udemy-learnto-code-ruby/lesson92.mp4","https://vs1.coursehunter.net/udemy-learnto-code-ruby/lesson93.mp4","https://vs1.coursehunter.net/udemy-learnto-code-ruby/lesson94.mp4","https://vs1.coursehunter.net/udemy-learnto-code-ruby/lesson95.mp4","https://vs1.coursehunter.net/udemy-learnto-code-ruby/lesson96.mp4","https://vs1.coursehunter.net/udemy-learnto-code-ruby/lesson97.mp4","https://vs1.coursehunter.net/udemy-learnto-code-ruby/lesson98.mp4","https://vs1.coursehunter.net/udemy-learnto-code-ruby/lesson99.mp4","https://vs1.coursehunter.net/udemy-learnto-code-ruby/lesson100.mp4","https://vs1.coursehunter.net/udemy-learnto-code-ruby/lesson101.mp4","https://vs1.coursehunter.net/udemy-learnto-code-ruby/lesson102.mp4","https://vs1.coursehunter.net/udemy-learnto-code-ruby/lesson103.mp4","https://vs1.coursehunter.net/udemy-learnto-code-ruby/lesson104.mp4","https://vs1.coursehunter.net/udemy-learnto-code-ruby/lesson105.mp4","https://vs1.coursehunter.net/udemy-learnto-code-ruby/lesson106.mp4","https://vs1.coursehunter.net/udemy-learnto-code-ruby/lesson107.mp4","https://vs1.coursehunter.net/udemy-learnto-code-ruby/lesson108.mp4","https://vs1.coursehunter.net/udemy-learnto-code-ruby/lesson109.mp4","https://vs1.coursehunter.net/udemy-learnto-code-ruby/lesson110.mp4","https://vs1.coursehunter.net/udemy-learnto-code-ruby/lesson111.mp4","https://vs1.coursehunter.net/udemy-learnto-code-ruby/lesson112.mp4","https://vs1.coursehunter.net/udemy-learnto-code-ruby/lesson113.mp4","https://vs1.coursehunter.net/udemy-learnto-code-ruby/lesson114.mp4","https://vs1.coursehunter.net/udemy-learnto-code-ruby/lesson115.mp4","https://vs1.coursehunter.net/udemy-learnto-code-ruby/lesson116.mp4","https://vs1.coursehunter.net/udemy-learnto-code-ruby/lesson117.mp4","https://vs1.coursehunter.net/udemy-learnto-code-ruby/lesson118.mp4","https://vs1.coursehunter.net/udemy-learnto-code-ruby/lesson119.mp4","https://vs1.coursehunter.net/udemy-learnto-code-ruby/lesson120.mp4","https://vs1.coursehunter.net/udemy-learnto-code-ruby/lesson121.mp4","https://vs1.coursehunter.net/udemy-learnto-code-ruby/lesson122.mp4","https://vs1.coursehunter.net/udemy-learnto-code-ruby/lesson123.mp4","https://vs1.coursehunter.net/udemy-learnto-code-ruby/lesson124.mp4","https://vs1.coursehunter.net/udemy-learnto-code-ruby/lesson125.mp4","https://vs1.coursehunter.net/udemy-learnto-code-ruby/lesson126.mp4","https://vs1.coursehunter.net/udemy-learnto-code-ruby/lesson127.mp4","https://vs1.coursehunter.net/udemy-learnto-code-ruby/lesson128.mp4","https://vs1.coursehunter.net/udemy-learnto-code-ruby/lesson129.mp4","https://vs1.coursehunter.net/udemy-learnto-code-ruby/lesson130.mp4","https://vs1.coursehunter.net/udemy-learnto-code-ruby/lesson131.mp4","https://vs1.coursehunter.net/udemy-learnto-code-ruby/lesson132.mp4","https://vs1.coursehunter.net/udemy-learnto-code-ruby/lesson133.mp4","https://vs1.coursehunter.net/udemy-learnto-code-ruby/lesson134.mp4","https://vs1.coursehunter.net/udemy-learnto-code-ruby/lesson135.mp4","https://vs1.coursehunter.net/udemy-learnto-code-ruby/lesson136.mp4","https://vs1.coursehunter.net/udemy-learnto-code-ruby/lesson137.mp4","https://vs1.coursehunter.net/udemy-learnto-code-ruby/lesson138.mp4","https://vs1.coursehunter.net/udemy-learnto-code-ruby/lesson139.mp4","https://vs1.coursehunter.net/udemy-learnto-code-ruby/lesson140.mp4","https://vs1.coursehunter.net/udemy-learnto-code-ruby/lesson141.mp4","https://vs1.coursehunter.net/udemy-learnto-code-ruby/lesson142.mp4","https://vs1.coursehunter.net/udemy-learnto-code-ruby/lesson143.mp4","https://vs1.coursehunter.net/udemy-learnto-code-ruby/lesson144.mp4","https://vs1.coursehunter.net/udemy-learnto-code-ruby/lesson145.mp4","https://vs1.coursehunter.net/udemy-learnto-code-ruby/lesson146.mp4","https://vs1.coursehunter.net/udemy-learnto-code-ruby/lesson147.mp4","https://vs1.coursehunter.net/udemy-learnto-code-ruby/lesson148.mp4","https://vs1.coursehunter.net/udemy-learnto-code-ruby/lesson149.mp4","https://vs1.coursehunter.net/udemy-learnto-code-ruby/lesson150.mp4","https://vs1.coursehunter.net/udemy-learnto-code-ruby/lesson151.mp4","https://vs1.coursehunter.net/udemy-learnto-code-ruby/lesson152.mp4","https://vs1.coursehunter.net/udemy-learnto-code-ruby/lesson153.mp4","https://vs1.coursehunter.net/udemy-learnto-code-ruby/lesson154.mp4","https://vs1.coursehunter.net/udemy-learnto-code-ruby/lesson155.mp4","https://vs1.coursehunter.net/udemy-learnto-code-ruby/lesson156.mp4","https://vs1.coursehunter.net/udemy-learnto-code-ruby/lesson157.mp4","https://vs1.coursehunter.net/udemy-learnto-code-ruby/lesson158.mp4","https://vs1.coursehunter.net/udemy-learnto-code-ruby/lesson159.mp4","https://vs1.coursehunter.net/udemy-learnto-code-ruby/lesson160.mp4","https://vs1.coursehunter.net/udemy-learnto-code-ruby/lesson161.mp4","https://vs1.coursehunter.net/udemy-learnto-code-ruby/lesson162.mp4","https://vs1.coursehunter.net/udemy-learnto-code-ruby/lesson163.mp4","https://vs1.coursehunter.net/udemy-learnto-code-ruby/lesson164.mp4","https://vs1.coursehunter.net/udemy-learnto-code-ruby/lesson165.mp4","https://vs1.coursehunter.net/udemy-learnto-code-ruby/lesson166.mp4","https://vs1.coursehunter.net/udemy-learnto-code-ruby/lesson167.mp4","https://vs1.coursehunter.net/udemy-learnto-code-ruby/lesson168.mp4","https://vs1.coursehunter.net/udemy-learnto-code-ruby/lesson169.mp4","https://vs1.coursehunter.net/udemy-learnto-code-ruby/lesson170.mp4","https://vs1.coursehunter.net/udemy-learnto-code-ruby/lesson171.mp4","https://vs1.coursehunter.net/udemy-learnto-code-ruby/lesson172.mp4","https://vs1.coursehunter.net/udemy-learnto-code-ruby/lesson173.mp4","https://vs1.coursehunter.net/udemy-learnto-code-ruby/lesson174.mp4","https://vs1.coursehunter.net/udemy-learnto-code-ruby/lesson175.mp4","https://vs1.coursehunter.net/udemy-learnto-code-ruby/lesson176.mp4","https://vs1.coursehunter.net/udemy-learnto-code-ruby/lesson177.mp4","https://vs1.coursehunter.net/udemy-learnto-code-ruby/lesson178.mp4","https://vs1.coursehunter.net/udemy-learnto-code-ruby/lesson179.mp4","https://vs1.coursehunter.net/udemy-learnto-code-ruby/lesson180.mp4","https://vs1.coursehunter.net/udemy-learnto-code-ruby/lesson181.mp4","https://vs1.coursehunter.net/udemy-learnto-code-ruby/lesson182.mp4","https://vs1.coursehunter.net/udemy-learnto-code-ruby/lesson183.mp4","https://vs1.coursehunter.net/udemy-learnto-code-ruby/lesson184.mp4","https://vs1.coursehunter.net/udemy-learnto-code-ruby/lesson185.mp4","https://vs1.coursehunter.net/udemy-learnto-code-ruby/lesson186.mp4","https://vs1.coursehunter.net/udemy-learnto-code-ruby/lesson187.mp4","https://vs1.coursehunter.net/udemy-learnto-code-ruby/lesson188.mp4","https://vs1.coursehunter.net/udemy-learnto-code-ruby/lesson189.mp4","https://vs1.coursehunter.net/udemy-learnto-code-ruby/lesson190.mp4","https://vs1.coursehunter.net/udemy-learnto-code-ruby/lesson191.mp4","https://vs1.coursehunter.net/udemy-learnto-code-ruby/lesson192.mp4","https://vs1.coursehunter.net/udemy-learnto-code-ruby/lesson193.mp4","https://vs1.coursehunter.net/udemy-learnto-code-ruby/lesson194.mp4","https://vs1.coursehunter.net/udemy-learnto-code-ruby/lesson195.mp4","https://vs1.coursehunter.net/udemy-learnto-code-ruby/lesson196.mp4","https://vs1.coursehunter.net/udemy-learnto-code-ruby/lesson197.mp4","https://vs1.coursehunter.net/udemy-learnto-code-ruby/lesson198.mp4","https://vs1.coursehunter.net/udemy-learnto-code-ruby/lesson199.mp4","https://vs1.coursehunter.net/udemy-learnto-code-ruby/lesson200.mp4","https://vs1.coursehunter.net/udemy-learnto-code-ruby/lesson201.mp4","https://vs1.coursehunter.net/udemy-learnto-code-ruby/lesson202.mp4","https://vs1.coursehunter.net/udemy-learnto-code-ruby/lesson203.mp4","https://vs1.coursehunter.net/udemy-learnto-code-ruby/lesson204.mp4","https://vs1.coursehunter.net/udemy-learnto-code-ruby/lesson205.mp4","https://vs1.coursehunter.net/udemy-learnto-code-ruby/lesson206.mp4","https://vs1.coursehunter.net/udemy-learnto-code-ruby/lesson207.mp4","https://vs1.coursehunter.net/udemy-learnto-code-ruby/lesson208.mp4","https://vs1.coursehunter.net/udemy-learnto-code-ruby/lesson209.mp4","https://vs1.coursehunter.net/udemy-learnto-code-ruby/lesson210.mp4","https://vs1.coursehunter.net/udemy-learnto-code-ruby/lesson211.mp4","https://vs1.coursehunter.net/udemy-learnto-code-ruby/lesson212.mp4","https://vs1.coursehunter.net/udemy-learnto-code-ruby/lesson213.mp4","https://vs1.coursehunter.net/udemy-learnto-code-ruby/lesson214.mp4","https://vs1.coursehunter.net/udemy-learnto-code-ruby/lesson215.mp4","https://vs1.coursehunter.net/udemy-learnto-code-ruby/lesson216.mp4","https://vs1.coursehunter.net/udemy-learnto-code-ruby/lesson217.mp4","https://vs1.coursehunter.net/udemy-learnto-code-ruby/lesson218.mp4","https://vs1.coursehunter.net/udemy-learnto-code-ruby/lesson219.mp4","https://vs1.coursehunter.net/udemy-learnto-code-ruby/lesson220.mp4","https://vs1.coursehunter.net/udemy-learnto-code-ruby/lesson221.mp4","https://vs1.coursehunter.net/udemy-learnto-code-ruby/lesson222.mp4","https://vs1.coursehunter.net/udemy-learnto-code-ruby/lesson223.mp4","https://vs1.coursehunter.net/udemy-learnto-code-ruby/lesson224.mp4","https://vs1.coursehunter.net/udemy-learnto-code-ruby/lesson225.mp4","https://vs1.coursehunter.net/udemy-learnto-code-ruby/lesson226.mp4","https://vs1.coursehunter.net/udemy-learnto-code-ruby/lesson227.mp4","https://vs1.coursehunter.net/udemy-learnto-code-ruby/lesson228.mp4","https://vs1.coursehunter.net/udemy-learnto-code-ruby/lesson229.mp4","https://vs1.coursehunter.net/udemy-learnto-code-ruby/lesson230.mp4","https://vs1.coursehunter.net/udemy-learnto-code-ruby/lesson231.mp4","https://vs1.coursehunter.net/udemy-learnto-code-ruby/lesson232.mp4","https://vs1.coursehunter.net/udemy-learnto-code-ruby/lesson233.mp4","https://vs1.coursehunter.net/udemy-learnto-code-ruby/lesson234.mp4","https://vs1.coursehunter.net/udemy-learnto-code-ruby/lesson235.mp4","https://vs1.coursehunter.net/udemy-learnto-code-ruby/lesson236.mp4","https://vs1.coursehunter.net/udemy-learnto-code-ruby/lesson237.mp4","https://vs1.coursehunter.net/udemy-learnto-code-ruby/lesson238.mp4","https://vs1.coursehunter.net/udemy-learnto-code-ruby/lesson239.mp4","https://vs1.coursehunter.net/udemy-learnto-code-ruby/lesson240.mp4","https://vs1.coursehunter.net/udemy-learnto-code-ruby/lesson241.mp4","https://vs1.coursehunter.net/udemy-learnto-code-ruby/lesson242.mp4","https://vs1.coursehunter.net/udemy-learnto-code-ruby/lesson243.mp4","https://vs1.coursehunter.net/udemy-learnto-code-ruby/lesson244.mp4","https://vs1.coursehunter.net/udemy-learnto-code-ruby/lesson245.mp4","https://vs1.coursehunter.net/udemy-learnto-code-ruby/lesson246.mp4","https://vs1.coursehunter.net/udemy-learnto-code-ruby/lesson247.mp4","https://vs1.coursehunter.net/udemy-learnto-code-ruby/lesson248.mp4","https://vs1.coursehunter.net/udemy-learnto-code-ruby/lesson249.mp4","https://vs1.coursehunter.net/udemy-learnto-code-ruby/lesson250.mp4","https://vs1.coursehunter.net/udemy-learnto-code-ruby/lesson251.mp4","https://vs1.coursehunter.net/udemy-learnto-code-ruby/lesson252.mp4","https://vs1.coursehunter.net/udemy-learnto-code-ruby/lesson253.mp4","https://vs1.coursehunter.net/udemy-learnto-code-ruby/lesson254.mp4","https://vs1.coursehunter.net/udemy-learnto-code-ruby/lesson255.mp4"],"subCategory":""},{"title":"Изучите TDD: Навык №1, которого не хватает большинству разработчиков Ruby!","originTitle":"Learn TDD: The #1 Skill Most New Ruby Developers Are Missing!","url":"https://coursehunter.net/course/izuchite-tdd-navyk-1-kotorogo-ne-hvataet-bolshinstvu-razrabotchikov-ruby","materials":[],"subCategory":""},{"title":"Тестирование Ruby с помощью RSpec: Полное руководство","originTitle":"Testing Ruby with RSpec: The Complete Guide","url":"https://coursehunter.net/course/testirovanie-ruby-s-pomoshchyu-rspec-polnoe-rukovodstvo","materials":[],"subCategory":""},{"title":"Ruby Essential","originTitle":"Ruby Essential","url":"https://coursehunter.net/course/ruby-essential","materials":[],"subCategory":""},{"title":"Ruby Advanced","originTitle":"Ruby Advanced","url":"https://coursehunter.net/course/ruby-advanced","materials":[],"subCategory":""},{"title":"HTTP Server под капотом","originTitle":"HTTP Server From Scratch","url":"https://coursehunter.net/course/http-server-pod-kapotom","materials":[],"subCategory":""},{"title":"Shell под капотом","originTitle":"Shell From Scratch","url":"https://coursehunter.net/course/shell-pod-kapotom","materials":[],"subCategory":""},{"title":"Текстовый редактор под капотом","originTitle":"Text Editor From Scratch","url":"https://coursehunter.net/course/tekstovyy-redaktor-pod-kapotom","materials":[],"subCategory":""},{"title":"Data Compressor под капотом","originTitle":"Data Compressor From Scratch","url":"https://coursehunter.net/course/data-compressor-pod-kapotom","materials":[],"subCategory":""},{"title":"Компилятор под капотом","originTitle":"A Compiler From Scratch","url":"https://coursehunter.net/course/kompilyator-pod-kapotom","materials":[],"subCategory":""},{"title":"Веб-фреймворк с нуля","originTitle":"Web Framework from scratch","url":"https://coursehunter.net/course/veb-freymvork-s-nulya","materials":[],"subCategory":""},{"title":"Введение в Ruby","originTitle":"Введение в Ruby","url":"https://coursehunter.net/course/hexlet-ruby","materials":[],"subCategory":""},{"title":"Ruby","originTitle":"Изучай Ruby","url":"https://coursehunter.net/course/ruby","materials":[],"subCategory":""}]}