{"title":"Slim","url":"https://coursehunter.net/backend/slim","courses":[{"title":"Выучить Slim 3","originTitle":"Learn Slim 3","url":"https://coursehunter.net/course/vyuchit-slim-3","materials":["https://vs1.coursehunter.net/codecourse-learn-slim-3/lesson1.mp4","https://vs1.coursehunter.net/codecourse-learn-slim-3/lesson2.mp4","https://vs1.coursehunter.net/codecourse-learn-slim-3/lesson3.mp4","https://vs1.coursehunter.net/codecourse-learn-slim-3/lesson4.mp4","https://vs1.coursehunter.net/codecourse-learn-slim-3/lesson5.mp4","https://vs1.coursehunter.net/codecourse-learn-slim-3/lesson6.mp4","https://vs1.coursehunter.net/codecourse-learn-slim-3/lesson7.mp4","https://vs1.coursehunter.net/codecourse-learn-slim-3/lesson8.mp4","https://vs1.coursehunter.net/codecourse-learn-slim-3/lesson9.mp4","https://vs1.coursehunter.net/codecourse-learn-slim-3/lesson10.mp4","https://vs1.coursehunter.net/codecourse-learn-slim-3/lesson11.mp4","https://vs1.coursehunter.net/codecourse-learn-slim-3/lesson12.mp4","https://vs1.coursehunter.net/codecourse-learn-slim-3/lesson13.mp4","https://vs1.coursehunter.net/codecourse-learn-slim-3/lesson14.mp4","https://vs1.coursehunter.net/codecourse-learn-slim-3/lesson15.mp4","https://vs1.coursehunter.net/codecourse-learn-slim-3/lesson16.mp4","https://vs1.coursehunter.net/codecourse-learn-slim-3/lesson17.mp4","https://vs1.coursehunter.net/codecourse-learn-slim-3/lesson18.mp4","https://vs1.coursehunter.net/codecourse-learn-slim-3/lesson19.mp4","https://vs1.coursehunter.net/codecourse-learn-slim-3/lesson20.mp4","https://vs1.coursehunter.net/codecourse-learn-slim-3/lesson21.mp4","https://vs1.coursehunter.net/codecourse-learn-slim-3/lesson22.mp4","https://vs1.coursehunter.net/codecourse-learn-slim-3/lesson23.mp4","https://vs1.coursehunter.net/codecourse-learn-slim-3/lesson24.mp4","https://vs1.coursehunter.net/codecourse-learn-slim-3/lesson25.mp4","https://vs1.coursehunter.net/codecourse-learn-slim-3/lesson26.mp4","https://vs1.coursehunter.net/codecourse-learn-slim-3/lesson27.mp4","https://vs1.coursehunter.net/codecourse-learn-slim-3/lesson28.mp4","https://vs1.coursehunter.net/codecourse-learn-slim-3/lesson29.mp4","https://vs1.coursehunter.net/codecourse-learn-slim-3/lesson30.mp4","https://vs1.coursehunter.net/codecourse-learn-slim-3/lesson31.mp4","https://vs1.coursehunter.net/codecourse-learn-slim-3/lesson32.mp4","https://vs1.coursehunter.net/codecourse-learn-slim-3/lesson33.mp4","https://vs1.coursehunter.net/codecourse-learn-slim-3/lesson34.mp4","https://vs1.coursehunter.net/codecourse-learn-slim-3/lesson35.mp4","https://vs1.coursehunter.net/codecourse-learn-slim-3/lesson36.mp4"],"subCategory":""},{"title":"Аутентификация с помощью Slim 3","originTitle":"Authentication with Slim 3","url":"https://coursehunter.net/course/autentifikaciya-s-pomoshchyu-slim-3","materials":[],"subCategory":""},{"title":"Валидация с помощью Slim 3","originTitle":"Validation with Slim 3","url":"https://coursehunter.net/course/validaciya-s-pomoshchyu-slim-3","materials":[],"subCategory":""},{"title":"Шаблоны с Slim 3","originTitle":"Views with Slim 3","url":"https://coursehunter.net/course/views-s-slim-3","materials":[],"subCategory":""},{"title":"Красивая CSRF защита в Slim","originTitle":"Beautiful Slim CSRF Protection","url":"https://coursehunter.net/course/codecourse-slim-csrf","materials":[],"subCategory":""}]}