{"title":"Sql","url":"https://coursehunter.net/backend/sql","courses":[{"title":"SQL: Полное Руководство","originTitle":"Complete SQL Mastery","url":"https://coursehunter.net/course/sql-polnoe-rukovodstvo","materials":["https://vs3.coursehunter.net/cwm-csqlm/lesson1.mp4","https://vs3.coursehunter.net/cwm-csqlm/lesson2.mp4","https://vs3.coursehunter.net/cwm-csqlm/lesson3.mp4","https://vs3.coursehunter.net/cwm-csqlm/lesson4.mp4","https://vs3.coursehunter.net/cwm-csqlm/lesson5.mp4","https://vs3.coursehunter.net/cwm-csqlm/lesson6.mp4","https://vs3.coursehunter.net/cwm-csqlm/lesson7.mp4","https://vs3.coursehunter.net/cwm-csqlm/lesson8.mp4","https://vs3.coursehunter.net/cwm-csqlm/lesson9.mp4","https://vs3.coursehunter.net/cwm-csqlm/lesson10.mp4","https://vs3.coursehunter.net/cwm-csqlm/lesson11.mp4","https://vs3.coursehunter.net/cwm-csqlm/lesson12.mp4","https://vs3.coursehunter.net/cwm-csqlm/lesson13.mp4","https://vs3.coursehunter.net/cwm-csqlm/lesson14.mp4","https://vs3.coursehunter.net/cwm-csqlm/lesson15.mp4","https://vs3.coursehunter.net/cwm-csqlm/lesson16.mp4","https://vs3.coursehunter.net/cwm-csqlm/lesson17.mp4","https://vs3.coursehunter.net/cwm-csqlm/lesson18.mp4","https://vs3.coursehunter.net/cwm-csqlm/lesson19.mp4","https://vs3.coursehunter.net/cwm-csqlm/lesson20.mp4","https://vs3.coursehunter.net/cwm-csqlm/lesson21.mp4","https://vs3.coursehunter.net/cwm-csqlm/lesson22.mp4","https://vs3.coursehunter.net/cwm-csqlm/lesson23.mp4","https://vs3.coursehunter.net/cwm-csqlm/lesson24.mp4","https://vs3.coursehunter.net/cwm-csqlm/lesson25.mp4","https://vs3.coursehunter.net/cwm-csqlm/lesson26.mp4","https://vs3.coursehunter.net/cwm-csqlm/lesson27.mp4","https://vs3.coursehunter.net/cwm-csqlm/lesson28.mp4","https://vs3.coursehunter.net/cwm-csqlm/lesson29.mp4","https://vs3.coursehunter.net/cwm-csqlm/lesson30.mp4","https://vs3.coursehunter.net/cwm-csqlm/lesson31.mp4","https://vs3.coursehunter.net/cwm-csqlm/lesson32.mp4","https://vs3.coursehunter.net/cwm-csqlm/lesson33.mp4","https://vs3.coursehunter.net/cwm-csqlm/lesson34.mp4","https://vs3.coursehunter.net/cwm-csqlm/lesson35.mp4","https://vs3.coursehunter.net/cwm-csqlm/lesson36.mp4","https://vs3.coursehunter.net/cwm-csqlm/lesson37.mp4","https://vs3.coursehunter.net/cwm-csqlm/lesson38.mp4","https://vs3.coursehunter.net/cwm-csqlm/lesson39.mp4","https://vs3.coursehunter.net/cwm-csqlm/lesson40.mp4","https://vs3.coursehunter.net/cwm-csqlm/lesson41.mp4","https://vs3.coursehunter.net/cwm-csqlm/lesson42.mp4","https://vs3.coursehunter.net/cwm-csqlm/lesson43.mp4","https://vs3.coursehunter.net/cwm-csqlm/lesson44.mp4","https://vs3.coursehunter.net/cwm-csqlm/lesson45.mp4","https://vs3.coursehunter.net/cwm-csqlm/lesson46.mp4","https://vs3.coursehunter.net/cwm-csqlm/lesson47.mp4","https://vs3.coursehunter.net/cwm-csqlm/lesson48.mp4","https://vs3.coursehunter.net/cwm-csqlm/lesson49.mp4","https://vs3.coursehunter.net/cwm-csqlm/lesson50.mp4","https://vs3.coursehunter.net/cwm-csqlm/lesson51.mp4","https://vs3.coursehunter.net/cwm-csqlm/lesson52.mp4","https://vs3.coursehunter.net/cwm-csqlm/lesson53.mp4","https://vs3.coursehunter.net/cwm-csqlm/lesson54.mp4","https://vs3.coursehunter.net/cwm-csqlm/lesson55.mp4","https://vs3.coursehunter.net/cwm-csqlm/lesson56.mp4","https://vs3.coursehunter.net/cwm-csqlm/lesson57.mp4","https://vs3.coursehunter.net/cwm-csqlm/lesson58.mp4","https://vs3.coursehunter.net/cwm-csqlm/lesson59.mp4","https://vs3.coursehunter.net/cwm-csqlm/lesson60.mp4","https://vs3.coursehunter.net/cwm-csqlm/lesson61.mp4","https://vs3.coursehunter.net/cwm-csqlm/lesson62.mp4","https://vs3.coursehunter.net/cwm-csqlm/lesson63.mp4","https://vs3.coursehunter.net/cwm-csqlm/lesson64.mp4","https://vs3.coursehunter.net/cwm-csqlm/lesson65.mp4","https://vs3.coursehunter.net/cwm-csqlm/lesson66.mp4","https://vs3.coursehunter.net/cwm-csqlm/lesson67.mp4","https://vs3.coursehunter.net/cwm-csqlm/lesson68.mp4","https://vs3.coursehunter.net/cwm-csqlm/lesson69.mp4","https://vs3.coursehunter.net/cwm-csqlm/lesson70.mp4","https://vs3.coursehunter.net/cwm-csqlm/lesson71.mp4","https://vs3.coursehunter.net/cwm-csqlm/lesson72.mp4","https://vs3.coursehunter.net/cwm-csqlm/lesson73.mp4","https://vs3.coursehunter.net/cwm-csqlm/lesson74.mp4","https://vs3.coursehunter.net/cwm-csqlm/lesson75.mp4","https://vs3.coursehunter.net/cwm-csqlm/lesson76.mp4","https://vs3.coursehunter.net/cwm-csqlm/lesson77.mp4","https://vs3.coursehunter.net/cwm-csqlm/lesson78.mp4","https://vs3.coursehunter.net/cwm-csqlm/lesson79.mp4","https://vs3.coursehunter.net/cwm-csqlm/lesson80.mp4","https://vs3.coursehunter.net/cwm-csqlm/lesson81.mp4","https://vs3.coursehunter.net/cwm-csqlm/lesson82.mp4","https://vs3.coursehunter.net/cwm-csqlm/lesson83.mp4","https://vs3.coursehunter.net/cwm-csqlm/lesson84.mp4","https://vs3.coursehunter.net/cwm-csqlm/lesson85.mp4","https://vs3.coursehunter.net/cwm-csqlm/lesson86.mp4","https://vs3.coursehunter.net/cwm-csqlm/lesson87.mp4","https://vs3.coursehunter.net/cwm-csqlm/lesson88.mp4","https://vs3.coursehunter.net/cwm-csqlm/lesson89.mp4","https://vs3.coursehunter.net/cwm-csqlm/lesson90.mp4","https://vs3.coursehunter.net/cwm-csqlm/lesson91.mp4","https://vs3.coursehunter.net/cwm-csqlm/lesson92.mp4","https://vs3.coursehunter.net/cwm-csqlm/lesson93.mp4","https://vs3.coursehunter.net/cwm-csqlm/lesson94.mp4","https://vs3.coursehunter.net/cwm-csqlm/lesson95.mp4","https://vs3.coursehunter.net/cwm-csqlm/lesson96.mp4","https://vs3.coursehunter.net/cwm-csqlm/lesson97.mp4","https://vs3.coursehunter.net/cwm-csqlm/lesson98.mp4","https://vs3.coursehunter.net/cwm-csqlm/lesson99.mp4","https://vs3.coursehunter.net/cwm-csqlm/lesson100.mp4","https://vs3.coursehunter.net/cwm-csqlm/lesson101.mp4","https://vs3.coursehunter.net/cwm-csqlm/lesson102.mp4","https://vs3.coursehunter.net/cwm-csqlm/lesson103.mp4","https://vs3.coursehunter.net/cwm-csqlm/lesson104.mp4","https://vs3.coursehunter.net/cwm-csqlm/lesson105.mp4","https://vs3.coursehunter.net/cwm-csqlm/lesson106.mp4","https://vs3.coursehunter.net/cwm-csqlm/lesson107.mp4","https://vs3.coursehunter.net/cwm-csqlm/lesson108.mp4","https://vs3.coursehunter.net/cwm-csqlm/lesson109.mp4","https://vs3.coursehunter.net/cwm-csqlm/lesson110.mp4","https://vs3.coursehunter.net/cwm-csqlm/lesson111.mp4","https://vs3.coursehunter.net/cwm-csqlm/lesson112.mp4","https://vs3.coursehunter.net/cwm-csqlm/lesson113.mp4","https://vs3.coursehunter.net/cwm-csqlm/lesson114.mp4","https://vs3.coursehunter.net/cwm-csqlm/lesson115.mp4","https://vs3.coursehunter.net/cwm-csqlm/lesson116.mp4","https://vs3.coursehunter.net/cwm-csqlm/lesson117.mp4","https://vs3.coursehunter.net/cwm-csqlm/lesson118.mp4","https://vs3.coursehunter.net/cwm-csqlm/lesson119.mp4","https://vs3.coursehunter.net/cwm-csqlm/lesson120.mp4","https://vs3.coursehunter.net/cwm-csqlm/lesson121.mp4","https://vs3.coursehunter.net/cwm-csqlm/lesson122.mp4","https://vs3.coursehunter.net/cwm-csqlm/lesson123.mp4","https://vs3.coursehunter.net/cwm-csqlm/lesson124.mp4","https://vs3.coursehunter.net/cwm-csqlm/lesson125.mp4","https://vs3.coursehunter.net/cwm-csqlm/lesson126.mp4","https://vs3.coursehunter.net/cwm-csqlm/lesson127.mp4","https://vs3.coursehunter.net/cwm-csqlm/lesson128.mp4","https://vs3.coursehunter.net/cwm-csqlm/lesson129.mp4","https://vs3.coursehunter.net/cwm-csqlm/lesson130.mp4","https://vs3.coursehunter.net/cwm-csqlm/lesson131.mp4","https://vs3.coursehunter.net/cwm-csqlm/lesson132.mp4","https://vs3.coursehunter.net/cwm-csqlm/lesson133.mp4","https://vs3.coursehunter.net/cwm-csqlm/lesson134.mp4","https://vs3.coursehunter.net/cwm-csqlm/lesson135.mp4","https://vs3.coursehunter.net/cwm-csqlm/lesson136.mp4","https://vs3.coursehunter.net/cwm-csqlm/lesson137.mp4","https://vs3.coursehunter.net/cwm-csqlm/lesson138.mp4","https://vs3.coursehunter.net/cwm-csqlm/lesson139.mp4","https://vs3.coursehunter.net/cwm-csqlm/lesson140.mp4","https://vs3.coursehunter.net/cwm-csqlm/lesson141.mp4","https://vs3.coursehunter.net/cwm-csqlm/lesson142.mp4","https://vs3.coursehunter.net/cwm-csqlm/lesson143.mp4","https://vs3.coursehunter.net/cwm-csqlm/lesson144.mp4","https://vs3.coursehunter.net/cwm-csqlm/lesson145.mp4","https://vs3.coursehunter.net/cwm-csqlm/lesson146.mp4","https://vs3.coursehunter.net/cwm-csqlm/lesson147.mp4","https://vs3.coursehunter.net/cwm-csqlm/lesson148.mp4","https://vs3.coursehunter.net/cwm-csqlm/lesson149.mp4","https://vs3.coursehunter.net/cwm-csqlm/lesson150.mp4","https://vs3.coursehunter.net/cwm-csqlm/lesson151.mp4","https://vs3.coursehunter.net/cwm-csqlm/lesson152.mp4","https://vs3.coursehunter.net/cwm-csqlm/lesson153.mp4","https://vs3.coursehunter.net/cwm-csqlm/lesson154.mp4","https://vs3.coursehunter.net/cwm-csqlm/lesson155.mp4"],"subCategory":""},{"title":"SQL для новичков","originTitle":"SQL for Newcomers - The Full Mastery Course","url":"https://coursehunter.net/course/sql-dlya-novichkov","materials":[],"subCategory":""},{"title":"SQL для начинающих: с нуля до сертификата Oracle","originTitle":"SQL для начинающих: с нуля до сертификата Oracle","url":"https://coursehunter.net/course/sql-dlya-nachinayushchih-s-nulya-do-sertifikata-oracle","materials":[],"subCategory":""},{"title":"[Книга] Искусство PostgreSQL (Полный пакет)","originTitle":"The Art of PostgreSQL (Full Edition)","url":"https://coursehunter.net/course/kniga-iskusstvo-postgresql-polnyy-paket","materials":[],"subCategory":""},{"title":"SQLite. Базы данных в Android приложениях","originTitle":"SQLite. Базы данных в Android приложениях","url":"https://coursehunter.net/course/sqlite-bazy-dannyh-v-android-prilozheniyah","materials":[],"subCategory":""},{"title":"Экспертное Руководство: администрирования PostgreSQL","originTitle":"Ultimate Expert Guide: Mastering PostgreSQL Administration","url":"https://coursehunter.net/course/ekspertnoe-rukovodstvo-administrirovaniya-postgresql","materials":[],"subCategory":""},{"title":"Резервное копирование (репликация) и восстановление Postgresql","originTitle":"Postgresql Backup(Replication) & Restore","url":"https://coursehunter.net/course/rezervnoe-kopirovanie-replikaciya-i-vosstanovlenie-postgresql","materials":[],"subCategory":""},{"title":"SQL УЧИМ ВМЕСТЕ","originTitle":"SQL УЧИМ ВМЕСТЕ","url":"https://coursehunter.net/course/sql-uchim-vmeste","materials":[],"subCategory":""},{"title":"MYSQL УЧИМ ВМЕСТЕ","originTitle":"MYSQL УЧИМ ВМЕСТЕ","url":"https://coursehunter.net/course/mysql-uchim-vmeste","materials":[],"subCategory":""},{"title":"Основы SQL (SQL Fundamentals)","originTitle":"SQL Fundamentals","url":"https://coursehunter.net/course/osnovy-sql-sql-fundamentals","materials":[],"subCategory":""},{"title":"Mastery with SQL","originTitle":"Mastery with SQL","url":"https://coursehunter.net/course/mastery-with-sql","materials":[],"subCategory":""},{"title":"Изучите MySQL и решите 42 практические задачи","originTitle":"Learn MySQL and Solve 42 Practical Problems","url":"https://coursehunter.net/course/izuchite-mysql-i-reshite-42-prakticheskie-zadachi","materials":[],"subCategory":""},{"title":"[Книга] Любопытная Луна","originTitle":"A Curious Moon","url":"https://coursehunter.net/course/kniga-lyubopytnaya-luna","materials":[],"subCategory":""},{"title":"MS SQL Server разработчик. Часть 1-4","originTitle":"MS SQL Server разработчик","url":"https://coursehunter.net/course/ms-sql-server-razrabotchik-chast-1","materials":[],"subCategory":""},{"title":"Основы SQL","originTitle":"Основы SQL","url":"https://coursehunter.net/course/osnovy-sql","materials":[],"subCategory":""},{"title":"Изучите SQL для Data Science","originTitle":"Master SQL For Data Science","url":"https://coursehunter.net/course/izuchite-sql-dlya-data-science","materials":[],"subCategory":""},{"title":"MySQL Bootcamp: SQL от новичка к эксперту","originTitle":"The Ultimate MySQL Bootcamp: Go from SQL Beginner to Expert","url":"https://coursehunter.net/course/mysql-bootcamp-sql-ot-novichka-k-ekspertu","materials":[],"subCategory":""},{"title":"Реляционные СУБД - Часть 1","originTitle":"Реляционные СУБД для разработчиков и администраторов","url":"https://coursehunter.net/course/relyacionnye-subd-chast-1","materials":[],"subCategory":""},{"title":"SQL инъекции и тестирование баз данных для начинающих","originTitle":"SQL инъекции и тестирование баз данных для начинающих","url":"https://coursehunter.net/course/sql-inekcii-i-testirovanie-baz-dannyh-dlya-nachinayushchih","materials":[],"subCategory":""},{"title":"MySQL Essential","originTitle":"MySQL Essential","url":"https://coursehunter.net/course/mysql-essential","materials":[],"subCategory":""},{"title":"PostgreSQL","originTitle":"PostgreSQL","url":"https://coursehunter.net/course/postgresql","materials":[],"subCategory":""},{"title":"Профессиональный SQL","originTitle":"Professional SQL","url":"https://coursehunter.net/course/professionalnyy-sql","materials":[],"subCategory":""},{"title":"Базы данных: SQL (DQL)","originTitle":"Базы данных: SQL (DQL)","url":"https://coursehunter.net/course/bazy-dannyh-sql-dql","materials":[],"subCategory":""},{"title":"Базы данных: SQL (DDL/DML)","originTitle":"Базы данных: SQL (DDL/DML)","url":"https://coursehunter.net/course/bazy-dannyh-sql-ddl-dml","materials":[],"subCategory":""},{"title":"Введение в SQL","originTitle":"Introduction to SQL","url":"https://coursehunter.net/course/vvedenie-v-sql","materials":[],"subCategory":""},{"title":"[Книга] Мастеринг PostgreSQL в разработке приложений","originTitle":"Mastering PostgreSQL in Application Development","url":"https://coursehunter.net/course/osvoenie-postgresql-v-razrabotke-prilozheniy","materials":[],"subCategory":""},{"title":"SQL Практикум","originTitle":"SQL Практикум","url":"https://coursehunter.net/course/itvdn-sql-practic","materials":[],"subCategory":""},{"title":"Transact SQL","originTitle":"Transact SQL","url":"https://coursehunter.net/course/itvdn-tsql","materials":[],"subCategory":""},{"title":"Основы оптимизации запросов SQL Server","originTitle":"Mastering the Basics of SQL Server Query Optimization","url":"https://coursehunter.net/course/udemy-sql-server-query-optimization","materials":[],"subCategory":""},{"title":"Разработка баз данных Microsoft SQL Server 2016","originTitle":"Developing Microsoft SQL Server 2016 Databases","url":"https://coursehunter.net/course/lynda-developing-ms-sql-server-2016-dbs","materials":[],"subCategory":""},{"title":"Все о производительности SQL Server","originTitle":"What Every Developer Should Know About SQL Server Performance","url":"https://coursehunter.net/course/pluralsight-sql-server-performance","materials":[],"subCategory":""},{"title":"MySQL","originTitle":"Learn Database Design with MySQL","url":"https://coursehunter.net/course/mysql","materials":[],"subCategory":""},{"title":"Oracle","originTitle":"Oracle","url":"https://coursehunter.net/course/oracle","materials":[],"subCategory":""},{"title":"MS Access 2016","originTitle":"Access 2016: Queries in Depth","url":"https://coursehunter.net/course/access2016","materials":[],"subCategory":""},{"title":"SQL","originTitle":"How to SQL?","url":"https://coursehunter.net/course/How-to-SQL","materials":[],"subCategory":""},{"title":"SQL для начинающих","originTitle":"SQL для начинающих","url":"https://coursehunter.net/course/SQL-dlya-nachinayuschih","materials":[],"subCategory":""}]}