{"title":"Symfony","url":"https://coursehunter.net/backend/symfony","courses":[{"title":"Symfony 3","originTitle":"Learn Symfony 3","url":"https://coursehunter.net/course/knp-symfony3","materials":["https://vs1.coursehunter.net/materials/knp-symfony3.rar"],"subCategory":""},{"title":"Symfony с нуля на реальном проекте - 2018","originTitle":"Symfony с нуля на реальном проекте - 2018","url":"https://coursehunter.net/course/symfony-s-nulya-na-realnom-proekte-2018","materials":["https://vs1.coursehunter.net/udemy-symfony-rus-2018/lesson1.mp4","https://vs1.coursehunter.net/udemy-symfony-rus-2018/lesson2.mp4","https://vs1.coursehunter.net/udemy-symfony-rus-2018/lesson3.mp4","https://vs1.coursehunter.net/udemy-symfony-rus-2018/lesson4.mp4","https://vs1.coursehunter.net/udemy-symfony-rus-2018/lesson5.mp4","https://vs1.coursehunter.net/udemy-symfony-rus-2018/lesson6.mp4","https://vs1.coursehunter.net/udemy-symfony-rus-2018/lesson7.mp4","https://vs1.coursehunter.net/udemy-symfony-rus-2018/lesson8.mp4","https://vs1.coursehunter.net/udemy-symfony-rus-2018/lesson9.mp4","https://vs1.coursehunter.net/udemy-symfony-rus-2018/lesson10.mp4","https://vs1.coursehunter.net/udemy-symfony-rus-2018/lesson11.mp4","https://vs1.coursehunter.net/udemy-symfony-rus-2018/lesson12.mp4","https://vs1.coursehunter.net/udemy-symfony-rus-2018/lesson13.mp4","https://vs1.coursehunter.net/udemy-symfony-rus-2018/lesson14.mp4","https://vs1.coursehunter.net/udemy-symfony-rus-2018/lesson15.mp4","https://vs1.coursehunter.net/udemy-symfony-rus-2018/lesson16.mp4"],"subCategory":""},{"title":"Symfony Mailer: снова люблю отправлять электронные письма","originTitle":"Symfony Mailer: Love Sending Emails Again","url":"https://coursehunter.net/course/symfony-mailer-snova-lyublyu-otpravlyat-elektronnye-pisma","materials":[],"subCategory":""},{"title":"API Platform Часть 2: Безопасность","originTitle":"API Platform Part 2: Security","url":"https://coursehunter.net/course/api-platform-chast-2-bezopasnost","materials":[],"subCategory":""},{"title":"Веб-разработка с Symfony 4 в 2019 году: от начинающего до продвинутого","originTitle":"Symfony 4 Web Development in 2019: From Beginner To Advanced","url":"https://coursehunter.net/course/veb-razrabotka-s-symfony-4-v-2019-godu-ot-nachinayushchego-do-prodvinutogo","materials":[],"subCategory":""},{"title":"RESTful APIs в реальном мире - курс 2","originTitle":"RESTful APIs in the Real World Course 2","url":"https://coursehunter.net/course/restful-apis-v-realnom-mire-kurs-2","materials":[],"subCategory":""},{"title":"RESTful API в реальном мире - курс 1","originTitle":"RESTful APIs in the Real World Course 1","url":"https://coursehunter.net/course/restful-api-v-realnom-mire-kurs-1","materials":[],"subCategory":""},{"title":"Symfony RESTful API: курс 1","originTitle":"Symfony RESTful API: Course 1","url":"https://coursehunter.net/course/symfony-restful-api-kurs-1","materials":[],"subCategory":""},{"title":"Symfony RESTful API: ошибки (курс 2)","originTitle":"Symfony RESTful API: Errors (Course 2)","url":"https://coursehunter.net/course/symfony-restful-api-oshibki-kurs-2","materials":[],"subCategory":""},{"title":"Symfony RESTful API: основы ++ (курс 3)","originTitle":"Symfony RESTful API: Basics++ (Course 3)","url":"https://coursehunter.net/course/symfony-restful-api-osnovy-kurs-3","materials":[],"subCategory":""},{"title":"Symfony RESTful API: аутентификация с помощью JWT (курс 4)","originTitle":"Symfony RESTful API: аутентификация с помощью JWT (курс 4)","url":"https://coursehunter.net/course/symfony-restful-api-autentifikaciya-s-pomoshchyu-jwt-kurs-4","materials":[],"subCategory":""},{"title":"Symfony RESTful API: Гипермедиа, ссылки и бонусы (курс 5)","originTitle":"Symfony RESTful API: Hypermedia, Links & Bonuses (Course 5)","url":"https://coursehunter.net/course/symfony-restful-api-gipermedia-ssylki-i-bonusy-kurs-5","materials":[],"subCategory":""},{"title":"Messenger! Оставьте работу на потом","originTitle":"Messenger! Queue work for Later","url":"https://coursehunter.net/course/messenger-ostavte-rabotu-na-potom","materials":[],"subCategory":""},{"title":"API Platform: серьезные RESTful API","originTitle":"API Platform: Serious RESTful APIs","url":"https://coursehunter.net/course/api-platform-sereznye-restful-api","materials":[],"subCategory":""},{"title":"SymfonyCon 2018 - Лиссабонская Конференция (Видео)","originTitle":"SymfonyCon 2018 Lisbon Conference Videos","url":"https://coursehunter.net/course/symfonycon-2018-lissabonskaya-konferenciya-video","materials":[],"subCategory":""},{"title":"Все о загрузке файлов в Symfony","originTitle":"All about Uploading Files in Symfony","url":"https://coursehunter.net/course/vse-o-zagruzke-faylov-v-symfony","materials":[],"subCategory":""},{"title":"Создание Reusable (и удивительных) Symfony пакетов","originTitle":"Creating a Reusable (& Amazing) Symfony Bundle","url":"https://coursehunter.net/course/sozdanie-reusable-i-udivitelnyh-symfony-paketov","materials":[],"subCategory":""},{"title":"Стань профи с Doctrine запросами","originTitle":"Go Pro with Doctrine Queries","url":"https://coursehunter.net/course/stan-profi-s-doctrine-zaprosami","materials":[],"subCategory":""},{"title":"Формы Symfony 4: создавайте, визуализируйте и властвуйте!","originTitle":"Symfony 4 Forms: Build, Render & Conquer!","url":"https://coursehunter.net/course/formy-symfony-4-sozdavayte-vizualiziruyte-i-vlastvuyte","materials":[],"subCategory":""},{"title":"Безопасность в Symfony: красивая аутентификация, мощная авторизация","originTitle":"Symfony Security: Beautiful Authentication, Powerful Authorization","url":"https://coursehunter.net/course/bezopasnost-v-symfony-krasivaya-autentifikaciya-moshchnaya-avtorizaciya","materials":[],"subCategory":""},{"title":"Отношения в Doctrine","originTitle":"Mastering Doctrine Relations!","url":"https://coursehunter.net/course/otnosheniya-v-doctrine","materials":[],"subCategory":""},{"title":"Doctrine и база данных","originTitle":"Doctrine & the Database","url":"https://coursehunter.net/course/doctrine-i-baza-danyh","materials":[],"subCategory":""},{"title":"Основы Symfony 4: Сервисы, Конфигурация и Среды","originTitle":"Symfony 4 Fundamentals: Services, Config & Environments","url":"https://coursehunter.net/course/osnovy-symfony-4-servisy-konfiguraciya-i-sredy","materials":[],"subCategory":""},{"title":"Мастер-класс по разработке менеджера проектов на Symfony (Часть 1-3)","originTitle":"Мастер-класс по разработке менеджера проектов на Symfony","url":"https://coursehunter.net/course/master-klass-po-razrabotke-menedzhera-proektov-na-symfony-chast-1","materials":[],"subCategory":""},{"title":"PHP Symfony 4 API Platform + React.js Full Stack мастер-класс","originTitle":"PHP Symfony 4 API Platform + React.js Full Stack Masterclass","url":"https://coursehunter.net/course/php-symfony-4-api-platform-react-js-full-stack-master-klass","materials":[],"subCategory":""},{"title":"PHP Symfony 4: Практика создания реального приложения","originTitle":"Learn PHP Symfony 4 Hands-On Creating Real World Application","url":"https://coursehunter.net/course/php-symfony-4-praktika-sozdaniya-realnogo-prilozheniya","materials":[],"subCategory":""},{"title":"Symfony VarDumper","originTitle":"Symfony VarDumper","url":"https://coursehunter.net/course/symfony-vardumper","materials":[],"subCategory":""},{"title":"Symfony2 (PHP)","originTitle":"Symfony2 for PHP","url":"https://coursehunter.net/course/symfony2-php","materials":[],"subCategory":""}]}