{"title":"Uncategorised","url":"https://coursehunter.net/backend","courses":[{"title":"Сервер Apache Tomcat от начинающего до продвинутого уровня","originTitle":"Apache Tomcat Server from Beginners to Advanced","url":"https://coursehunter.net/course/server-apache-tomcat-ot-nachinayushchego-do-prodvinutogo-urovnya","materials":[],"subCategory":""},{"title":"Начало работы с асинхронным программированием в .NET","originTitle":"Getting Started with Asynchronous Programming in .NET","url":"https://coursehunter.net/course/nachalo-raboty-s-asinhronnym-programmirovaniem-v-net","materials":[],"subCategory":""},{"title":"Начало работы с внедрением зависимостей в .NET","originTitle":"Getting Started with Dependency Injection in .NET","url":"https://coursehunter.net/course/nachalo-raboty-s-vnedreniem-zavisimostey-v-net","materials":[],"subCategory":""},{"title":"Entity Framework Core","originTitle":"Entity Framework Core","url":"https://coursehunter.net/course/entity-framework-core","materials":[],"subCategory":""},{"title":"MONGO DB УЧИМ ВМЕСТЕ","originTitle":"MONGO DB УЧИМ ВМЕСТЕ","url":"https://coursehunter.net/course/mongo-db-uchim-vmeste","materials":[],"subCategory":""},{"title":"Серия Apache Kafka - Apache Kafka для начинающих v2","originTitle":"Apache Kafka Series - Learn Apache Kafka for Beginners v2","url":"https://coursehunter.net/course/seriya-apache-kafka-apache-kafka-dlya-nachinayushchih-v2","materials":[],"subCategory":""},{"title":"Серия Apache Kafka - потоки Kafka для обработки данных","originTitle":"Apache Kafka Series - Kafka Streams for Data Processing","url":"https://coursehunter.net/course/seriya-apache-kafka-potoki-kafka-dlya-obrabotki-dannyh","materials":[],"subCategory":""},{"title":"The Complete 2019 Web Development Bootcamp","originTitle":"The Complete 2019 Web Development Bootcamp","url":"https://coursehunter.net/course/the-complete-2019-web-development-bootcamp","materials":[],"subCategory":""},{"title":"Полный Курс Веб-Разработчика 2.0","originTitle":"Полный Курс Веб-Разработчика 2.0","url":"https://coursehunter.net/course/polnyy-kurs-veb-razrabotchika-2-0","materials":[],"subCategory":""},{"title":"NestJS - Современная Back-end разработка с TypeScript","originTitle":"NestJS Zero to Hero - Modern TypeScript Back-end Development","url":"https://coursehunter.net/course/nestjs-sovremennaya-back-end-razrabotka-s-typescript","materials":[],"subCategory":""},{"title":"Микросервисы с Spring Cloud","originTitle":"Microservices with Spring Cloud","url":"https://coursehunter.net/course/mikroservisy-s-spring-cloud","materials":[],"subCategory":""},{"title":"Flask Framework","originTitle":"Flask Framework","url":"https://coursehunter.net/course/flask-framework","materials":[],"subCategory":""},{"title":"ASP.NET Core Advanced","originTitle":"ASP.NET Core Advanced","url":"https://coursehunter.net/course/asp-net-core-advanced","materials":[],"subCategory":""},{"title":"ASP.NET MVC 5. Углубленный","originTitle":"ASP.NET MVC 5. Углубленный","url":"https://coursehunter.net/course/asp-net-mvc-5-uglublennyy","materials":[],"subCategory":""},{"title":"Scala Starter","originTitle":"Scala Starter","url":"https://coursehunter.net/course/scala-starter","materials":[],"subCategory":""},{"title":"Qt Framework","originTitle":"Qt Framework","url":"https://coursehunter.net/course/qt-framework","materials":[],"subCategory":""},{"title":"Основы MongoDB","originTitle":"Основы MongoDB","url":"https://coursehunter.net/course/osnovy-mongodb","materials":[],"subCategory":""},{"title":"ASP.NET WEB API 2","originTitle":"ASP.NET WEB API 2","url":"https://coursehunter.net/course/asp-net-web-api-2","materials":[],"subCategory":""},{"title":"Микросервисы с Lumen: распределенная архитектура","originTitle":"Microservices with Lumen: A distributed architecture","url":"https://coursehunter.net/course/mikroservisy-s-lumen-raspredelennaya-arhitektura","materials":[],"subCategory":""},{"title":"Научитесь создавать приложения с помощью Neo4j","originTitle":"Learn to build apps using Neo4j","url":"https://coursehunter.net/course/nauchites-sozdavat-prilozheniya-s-pomoshchyu-neo4j","materials":[],"subCategory":""},{"title":"Полное руководство для разработчика по MongoDB","originTitle":"The Complete Developers Guide to MongoDB","url":"https://coursehunter.net/course/polnoe-rukovodstvo-dlya-razrabotchika-po-mongodb","materials":[],"subCategory":""},{"title":"Введение в MongoDB","originTitle":"Introduction to MongoDB","url":"https://coursehunter.net/course/vvedenie-v-mongodb","materials":[],"subCategory":""},{"title":"Создайте приложение с помощью ASPNET Core и Angular с нуля","originTitle":"Build an app with ASPNET Core and Angular from scratch","url":"https://coursehunter.net/course/sozdayte-prilozhenie-s-pomoshchyu-aspnet-core-i-angular-s-nulya","materials":[],"subCategory":""},{"title":"MongoDB - Полное руководство","originTitle":"MongoDB - The Complete Developer's Guide","url":"https://coursehunter.net/course/mongodb-polnoe-rukovodstvo","materials":[],"subCategory":""},{"title":"Знакомство с MongoDB (Воркшоп)","originTitle":"Знакомство с MongoDB","url":"https://coursehunter.net/course/znakomstvo-s-mongodb-vorkshop","materials":[],"subCategory":""},{"title":"Знакомство с Express","originTitle":"Знакомство с Express","url":"https://coursehunter.net/course/znakomstvo-s-express","materials":[],"subCategory":""},{"title":"ASP.NET Core Essential","originTitle":"ASP.NET Core Essential","url":"https://coursehunter.net/course/asp-net-core-essential","materials":[],"subCategory":""},{"title":"Разработка с использованием Elixir/OTP","originTitle":"Developing With Elixir/OTP","url":"https://coursehunter.net/course/razrabotka-s-ispolzovaniem-elixir-otp","materials":[],"subCategory":""},{"title":"Malloc под капотом","originTitle":"Malloc From Scratch","url":"https://coursehunter.net/course/malloc-pod-kapotom","materials":[],"subCategory":""},{"title":"Упрощаем фоновые задачи .NET с помощью Hangfire","originTitle":"Simplified .NET Background Tasks with Hangfire","url":"https://coursehunter.net/course/uproshchaem-fonovye-zadachi-net-s-pomoshchyu-hangfire","materials":[],"subCategory":""},{"title":"Строим приложение с ASP.NET Core и Angular 2 (4+)","originTitle":"Build a Real-world App with ASP.NET Core and Angular 2 (4+)","url":"https://coursehunter.net/course/stroim-prilozhenie-s-asp-net-core-i-angular-2-4","materials":[],"subCategory":""},{"title":"Cake: Создание и развертывание приложений","originTitle":"Building and Deploying Applications with Cake","url":"https://coursehunter.net/course/cake-sozdanie-i-razvertyvanie-prilozheniy","materials":[],"subCategory":""},{"title":"API в C #: Лучшие практики проектирования и внедрения","originTitle":"API in C#: The Best Practices of Design and Implementation","url":"https://coursehunter.net/course/api-v-c-luchshie-praktiki-proektirovaniya-i-vnedreniya","materials":[],"subCategory":""},{"title":"Внедрение и защита API с помощью ASP.NET Core","originTitle":"Implementing and Securing an API with ASP.NET Core","url":"https://coursehunter.net/course/vnedrenie-i-zashchita-api-s-pomoshchyu-asp-net-core","materials":[],"subCategory":""},{"title":"Веб-приложение с ASP.NET Core, MVC, Entity Framework Core, Bootstrap, и Angular","originTitle":"Building a Web App with ASP.NET Core, MVC, Entity Framework Core, Bootstrap, and Angular","url":"https://coursehunter.net/course/veb-prilozhenie-s-asp-net-core-mvc-entity-framework-core-bootstrap-i-angular","materials":[],"subCategory":""},{"title":"Введение в Microsoft Orleans","originTitle":"Introduction to Microsoft Orleans","url":"https://coursehunter.net/course/vvedenie-v-microsoft-orleans","materials":[],"subCategory":""},{"title":".NET Непрерывная интеграция с TeamCity","originTitle":".NET Continuous Integration with TeamCity","url":"https://coursehunter.net/course/net-nepreryvnaya-integraciya-s-teamcity","materials":[],"subCategory":""},{"title":"ASCII Camera Project","originTitle":"ASCII Camera Project","url":"https://coursehunter.net/course/ascii-camera-project","materials":[],"subCategory":""},{"title":"Полный курс по Elixir и Phoenix","originTitle":"The Complete Elixir and Phoenix Bootcamp","url":"https://coursehunter.net/course/udemy-elixir-phoenix-bootcamp","materials":[],"subCategory":""},{"title":"Написание скриптов оболочки (shell scripting)","originTitle":"Shell scripting: Discover how to automate command line tasks","url":"https://coursehunter.net/course/udemy-shell-script-linux","materials":[],"subCategory":""},{"title":"Как стать выдающимся архитектором ПО?","originTitle":"How to become an outstanding solution architect?","url":"https://coursehunter.net/course/udemy-solution-architect","materials":[],"subCategory":""},{"title":"Современный DevOps","originTitle":"Learning Path: Modern DevOps","url":"https://coursehunter.net/course/packt-modern-devops","materials":[],"subCategory":""},{"title":"Изучи Linux за 5 дней","originTitle":"Learn Linux in 5 Days and Level Up Your Career","url":"https://coursehunter.net/course/udemy-5days-linux","materials":[],"subCategory":""},{"title":"Чистый код: написание кода для людей","originTitle":"Clean Code: Writing Code for Humans (Ангельский)","url":"https://coursehunter.net/course/pluralsight-clean-code-writing-code-for-human","materials":[],"subCategory":""},{"title":"Изучение Apache Tomcat","originTitle":"Learning Apache Tomcat","url":"https://coursehunter.net/course/oreilly-learning-apache-tomcat","materials":[],"subCategory":""},{"title":"Создание API-интерфейса RESTful с ASP.NET Core","originTitle":"Building a RESTful API with ASP.NET Core (Ангельский)","url":"https://coursehunter.net/course/pluralsight-restful-api-with-asp-net-core","materials":[],"subCategory":""},{"title":"Начало работы с Spring Boot","originTitle":"Getting Started with Spring Boot","url":"https://coursehunter.net/course/oreilly-getting-started-with-spring-boot","materials":[],"subCategory":""},{"title":"Основы ASP.NET Core","originTitle":"ASP.NET Core Fundamentals","url":"https://coursehunter.net/course/pluralsight-asp-net-core-fundamentals","materials":[],"subCategory":""},{"title":"Тестирование Java для разработчиков","originTitle":"Java Testing for Developers","url":"https://coursehunter.net/course/oreilly-java-testing-for-developers","materials":[],"subCategory":""},{"title":"Начало работы с PostgreSQL","originTitle":"Get Started With PostgreSQL","url":"https://coursehunter.net/course/egghead-get-started-with-postgresql","materials":[],"subCategory":""},{"title":"Become a Full-stack .NET Developer","originTitle":"Become a Full-stack .NET Developer","url":"https://coursehunter.net/course/pluralsight-full-stack-net-developer","materials":[],"subCategory":""},{"title":"ASP.NET MVC 5 - Master-Detail Workflow","originTitle":"ASP.NET MVC 5 - Master-Detail Workflow","url":"https://coursehunter.net/course/pluralsight-ef-mvc","materials":[],"subCategory":""},{"title":"ASP.NET MVC 5","originTitle":"ASP.NET MVC 5","url":"https://coursehunter.net/course/mentanit-asp-net-mvc-5","materials":[],"subCategory":""},{"title":"Elixir","originTitle":"Mixing It Up With Elixir (Ангельский)","url":"https://coursehunter.net/course/elixir","materials":[],"subCategory":""},{"title":"Все про ASP.NET MVC 5","originTitle":"Complete ASP.NET MVC 5","url":"https://coursehunter.net/course/udemy-mvc5","materials":[],"subCategory":""},{"title":"Администрирование FreeBSD","originTitle":"FreeBSD. Администрирование серверов","url":"https://coursehunter.net/course/freebsd","materials":[],"subCategory":""},{"title":"Основы Entity Framework 6","originTitle":"Get start with Entity Framework 6","url":"https://coursehunter.net/course/entity-framework-6","materials":[],"subCategory":""},{"title":"ASP.NET MVC Fundamentals","originTitle":"ASP.NET MVC Fundamentals","url":"https://coursehunter.net/course/asp-net-mvc","materials":[],"subCategory":""},{"title":"MongoDB","originTitle":"MongoDB","url":"https://coursehunter.net/course/mongodb","materials":[],"subCategory":""},{"title":"Django","originTitle":"Django - начало","url":"https://coursehunter.net/course/django_begining","materials":[],"subCategory":""},{"title":"C++","originTitle":"C++","url":"https://coursehunter.net/course/ceeplusplus","materials":[],"subCategory":""}]}