{"title":"Yii","url":"https://coursehunter.net/backend/yii","courses":[{"title":"Фреймворк YII2 с Нуля до Профи","originTitle":"Фреймворк YII2 с Нуля до Профи","url":"https://coursehunter.net/course/webformyself-yii2","materials":["https://vs1.coursehunter.net/webformyself-yii2/materials.zip"],"subCategory":""},{"title":"Интернет-магазин на Yii2 Мастер-класс","originTitle":"Интернет-магазин на Yii2 Мастер-класс","url":"https://coursehunter.net/course/yii2-internet-market","materials":["https://vs1.coursehunter.net/yii2-intermarket/lesson1.mp4","https://vs1.coursehunter.net/yii2-intermarket/lesson2.mp4","https://vs1.coursehunter.net/yii2-intermarket/lesson3.mp4","https://vs1.coursehunter.net/yii2-intermarket/lesson4.mp4","https://vs1.coursehunter.net/yii2-intermarket/lesson5.mp4","https://vs1.coursehunter.net/yii2-intermarket/lesson6.mp4","https://vs1.coursehunter.net/yii2-intermarket/lesson7.mp4","https://vs1.coursehunter.net/yii2-intermarket/lesson8.mp4","https://vs1.coursehunter.net/yii2-intermarket/lesson9.mp4","https://vs1.coursehunter.net/yii2-intermarket/lesson10.mp4","https://vs1.coursehunter.net/yii2-intermarket/lesson11.mp4"],"subCategory":""},{"title":"Yii 2","originTitle":"Learning Yii 2","url":"https://coursehunter.net/course/yii2","materials":["https://vs1.coursehunter.net/yii2/lesson1.mp4","https://vs1.coursehunter.net/yii2/lesson2.mp4","https://vs1.coursehunter.net/yii2/lesson3.mp4","https://vs1.coursehunter.net/yii2/lesson4.mp4","https://vs1.coursehunter.net/yii2/lesson5.mp4","https://vs1.coursehunter.net/yii2/lesson6.mp4","https://vs1.coursehunter.net/yii2/lesson7.mp4","https://vs1.coursehunter.net/yii2/lesson8.mp4","https://vs1.coursehunter.net/yii2/lesson9.mp4","https://vs1.coursehunter.net/yii2/lesson10.mp4","https://vs1.coursehunter.net/yii2/lesson11.mp4","https://vs1.coursehunter.net/yii2/lesson12.mp4","https://vs1.coursehunter.net/yii2/lesson13.mp4","https://vs1.coursehunter.net/yii2/lesson14.mp4","https://vs1.coursehunter.net/yii2/lesson15.mp4","https://vs1.coursehunter.net/yii2/lesson16.mp4","https://vs1.coursehunter.net/yii2/lesson17.mp4","https://vs1.coursehunter.net/yii2/lesson18.mp4","https://vs1.coursehunter.net/yii2/lesson19.mp4","https://vs1.coursehunter.net/yii2/lesson20.mp4","https://vs1.coursehunter.net/yii2/lesson21.mp4","https://vs1.coursehunter.net/yii2/lesson22.mp4","https://vs1.coursehunter.net/yii2/lesson23.mp4","https://vs1.coursehunter.net/yii2/lesson24.mp4","https://vs1.coursehunter.net/yii2/lesson25.mp4","https://vs1.coursehunter.net/yii2/lesson26.mp4","https://vs1.coursehunter.net/yii2/lesson27.mp4","https://vs1.coursehunter.net/yii2/lesson28.mp4","https://vs1.coursehunter.net/yii2/lesson29.mp4","https://vs1.coursehunter.net/yii2/lesson30.mp4","https://vs1.coursehunter.net/yii2/lesson31.mp4"],"subCategory":""},{"title":"Практический курс по Yii2","originTitle":"Практический курс по Yii2","url":"https://coursehunter.net/course/prakticheskiy-kurs-po-yii2","materials":[],"subCategory":""},{"title":"Создание сайта на Yii ручками, без использования шаблонов","originTitle":"Создание сайта на Yii ручками, без использования шаблонов","url":"https://coursehunter.net/course/sozdanie-sayta-na-yii-ruchkami-bez-ispolzovaniya-shablonov","materials":[],"subCategory":""},{"title":"YII2 Essential","originTitle":"YII2 Essential","url":"https://coursehunter.net/course/itvdn-yii2-essential","materials":[],"subCategory":""},{"title":"Yii2 - Разработка приложений (v1)","originTitle":"Yii2 Application Development Solutions - Volume 1","url":"https://coursehunter.net/course/packt-yii2-v1","materials":[],"subCategory":""}]}