{"title":"Uncategorised","url":"https://coursehunter.net/video","courses":[{"title":"Как делать короткие видео для Интернета","originTitle":"How to Make Short Form Videos for the Internet","url":"https://coursehunter.net/course/kak-delat-korotkie-video-dlya-interneta","materials":[],"subCategory":""},{"title":"ВИДЕО РАССКАЗЫ. Курс творческого мастерства","originTitle":"VIDEO STORYTELLING. Creative Excellence Class","url":"https://coursehunter.net/course/video-rasskazy-kurs-tvorcheskogo-masterstva","materials":[],"subCategory":""},{"title":"Супер DaVinci Resolve","originTitle":"Супер DaVinci Resolve","url":"https://coursehunter.net/course/super-davinci-resolve","materials":[],"subCategory":""},{"title":"Редактирование видео в ScreenFlow","originTitle":"Video Editing in ScreenFlow","url":"https://coursehunter.net/course/redaktirovanie-video-v-screenflow","materials":[],"subCategory":""},{"title":"Самый полный курс по Adobe Premiere Pro на русском языке","originTitle":"Самый полный курс по Adobe Premiere Pro на русском языке","url":"https://coursehunter.net/course/samyy-polnyy-kurs-po-adobe-premiere-pro-na-russkom-yazyke","materials":[],"subCategory":""},{"title":"Premiere Pro CC для начинающих: редактирование видео в Premiere","originTitle":"Premiere Pro CC for Beginners: Video Editing in Premiere","url":"https://coursehunter.net/course/premiere-pro-cc-dlya-nachinayushchih-redaktirovanie-video-v-premiere","materials":[],"subCategory":""},{"title":"Как создавать свои фильмы?","originTitle":"Complete filmmaker guide: Become an incredible video creator","url":"https://coursehunter.net/course/udemy-incredible-video-creator","materials":[],"subCategory":""},{"title":"Zbrush: Дизайн персонажа для мобильных игр","originTitle":"Designing a Character for Mobile Games in ZBrush","url":"https://coursehunter.net/course/plural-zbrush-mobilegames","materials":[],"subCategory":""},{"title":"Zbrush: Методы моделирования твердых поверхностей","originTitle":"Zbrush Hard Surface Techniques","url":"https://coursehunter.net/course/gumroad-zbrush-hardsurface","materials":[],"subCategory":""},{"title":"Houdini с нуля","originTitle":"Houdini Essential Training","url":"https://coursehunter.net/course/lynda-houdini","materials":[],"subCategory":""},{"title":"Цифровой макияж в Nuke","originTitle":"Digital Makeup in NUKE","url":"https://coursehunter.net/course/pluralsight-nuke-digitalmakeup","materials":[],"subCategory":""},{"title":"Супер After Effects 2","originTitle":"Супер After Effects 2","url":"https://coursehunter.net/course/videosmile-superae2","materials":[],"subCategory":""},{"title":"Видеомонтаж. Поразите аудиторию творческим подходом","originTitle":"Video Editing. Inspire your audience with creative flair","url":"https://coursehunter.net/course/udemy-video-editing","materials":[],"subCategory":""},{"title":"Nuke 8","originTitle":"Nuke 8 Essential Training","url":"https://coursehunter.net/course/nuke","materials":[],"subCategory":""},{"title":"SolidWorks 2016","originTitle":"SolidWorks 2016","url":"https://coursehunter.net/course/solidworks","materials":[],"subCategory":""},{"title":"ZBrush 4R7","originTitle":"ZBrush 4R7","url":"https://coursehunter.net/course/zbrush","materials":[],"subCategory":""},{"title":"Maya","originTitle":"Maya","url":"https://coursehunter.net/course/maya","materials":[],"subCategory":""},{"title":"3ds Max","originTitle":"3ds Max 2015","url":"https://coursehunter.net/course/3dsmax","materials":[],"subCategory":""},{"title":"Houdini","originTitle":"Houdini","url":"https://coursehunter.net/course/houdini","materials":[],"subCategory":""},{"title":"Blender","originTitle":"Blender 2.7 - Основы","url":"https://coursehunter.net/course/blender","materials":[],"subCategory":""},{"title":"Adobe Premiere Pro","originTitle":"Adobe Premiere Pro","url":"https://coursehunter.net/course/adobe-premiere-pro","materials":[],"subCategory":""},{"title":"Cinema 4D","originTitle":"Cinema 4D","url":"https://coursehunter.net/course/cinema4d","materials":[],"subCategory":""},{"title":"Sony Vegas","originTitle":"Sony Vegas","url":"https://coursehunter.net/course/sony-vegas","materials":[],"subCategory":""},{"title":"After Effects","originTitle":"After Effects (Расширенный)","url":"https://coursehunter.net/course/after-effects-videosmile","materials":[],"subCategory":""},{"title":"After effects за 90 минут","originTitle":"After effects за 90 минут (Ангельский)","url":"https://coursehunter.net/course/aftereffects","materials":[],"subCategory":""}]}